"product_id","theme_id","product_name","category","sub_category","platform","review_id","rating","sentiment","tag","content","created_at","source"
"3c-phone-iphone17pro-taobao-2","3c-phone-iphone17pro","Apple iPhone 17 Pro 256GB 星雾蓝 天猫 618 活动款","3C 数码","手机","天猫 · Apple 品牌天猫官方旗舰店","3c-phone-iphone17pro-taobao-2-1","5","positive","体验","实物和页面描述基本一致，整体满意。","近 29 天","基于商品字段生成的拟真模拟评论"
"3c-phone-iphone17pro-taobao-2","3c-phone-iphone17pro","Apple iPhone 17 Pro 256GB 星雾蓝 天猫 618 活动款","3C 数码","手机","天猫 · Apple 品牌天猫官方旗舰店","3c-phone-iphone17pro-taobao-2-2","5","positive","价格","活动价入手比较划算，性价比可以。","近 24 天","基于商品字段生成的拟真模拟评论"
"3c-phone-iphone17pro-taobao-2","3c-phone-iphone17pro","Apple iPhone 17 Pro 256GB 星雾蓝 天猫 618 活动款","3C 数码","手机","天猫 · Apple 品牌天猫官方旗舰店","3c-phone-iphone17pro-taobao-2-3","5","positive","性能流畅","日常切换应用很顺，拍照和视频处理速度也快。","近 5 天","基于商品字段生成的拟真模拟评论"
"3c-phone-iphone17pro-taobao-2","3c-phone-iphone17pro","Apple iPhone 17 Pro 256GB 星雾蓝 天猫 618 活动款","3C 数码","手机","天猫 · Apple 品牌天猫官方旗舰店","3c-phone-iphone17pro-taobao-2-4","4","positive","影像表现","主摄白天成像稳定，长焦拍远处细节也够用。","近 44 天","基于商品字段生成的拟真模拟评论"
"3c-phone-iphone17pro-taobao-2","3c-phone-iphone17pro","Apple iPhone 17 Pro 256GB 星雾蓝 天猫 618 活动款","3C 数码","手机","天猫 · Apple 品牌天猫官方旗舰店","3c-phone-iphone17pro-taobao-2-5","5","positive","履约服务","天猫发货信息清楚，预计 2 天送达。","近 12 天","基于商品字段生成的拟真模拟评论"
"3c-phone-iphone17pro-taobao-2","3c-phone-iphone17pro","Apple iPhone 17 Pro 256GB 星雾蓝 天猫 618 活动款","3C 数码","手机","天猫 · Apple 品牌天猫官方旗舰店","3c-phone-iphone17pro-taobao-2-6","5","positive","体验","发货速度快，包装也比较完整。","近 59 天","基于商品字段生成的拟真模拟评论"
"3c-phone-iphone17pro-taobao-2","3c-phone-iphone17pro","Apple iPhone 17 Pro 256GB 星雾蓝 天猫 618 活动款","3C 数码","手机","天猫 · Apple 品牌天猫官方旗舰店","3c-phone-iphone17pro-taobao-2-7","4","positive","价格","券后价格比线下便宜一些。","近 82 天","基于商品字段生成的拟真模拟评论"
"3c-phone-iphone17pro-taobao-2","3c-phone-iphone17pro","Apple iPhone 17 Pro 256GB 星雾蓝 天猫 618 活动款","3C 数码","手机","天猫 · Apple 品牌天猫官方旗舰店","3c-phone-iphone17pro-taobao-2-8","4","positive","性能流畅","高刷屏配合系统动画很流畅，重度使用也少见卡顿。","近 5 天","基于商品字段生成的拟真模拟评论"
"3c-phone-iphone17pro-taobao-2","3c-phone-iphone17pro","Apple iPhone 17 Pro 256GB 星雾蓝 天猫 618 活动款","3C 数码","手机","天猫 · Apple 品牌天猫官方旗舰店","3c-phone-iphone17pro-taobao-2-9","2","negative","细节","部分细节和预期有差距，下单前要看清规格。","近 83 天","基于商品字段生成的拟真模拟评论"
"3c-phone-iphone17pro-taobao-2","3c-phone-iphone17pro","Apple iPhone 17 Pro 256GB 星雾蓝 天猫 618 活动款","3C 数码","手机","天猫 · Apple 品牌天猫官方旗舰店","3c-phone-iphone17pro-taobao-2-10","5","positive","影像表现","视频防抖和收音表现不错，日常记录比较省心。","近 88 天","基于商品字段生成的拟真模拟评论"
"3c-phone-iphone17pro-taobao-2","3c-phone-iphone17pro","Apple iPhone 17 Pro 256GB 星雾蓝 天猫 618 活动款","3C 数码","手机","天猫 · Apple 品牌天猫官方旗舰店","3c-phone-iphone17pro-taobao-2-11","4","positive","履约服务","7 天无理由，退货运费险，下单前能比较明确地判断售后成本。","近 41 天","基于商品字段生成的拟真模拟评论"
"3c-phone-iphone17pro-taobao-2","3c-phone-iphone17pro","Apple iPhone 17 Pro 256GB 星雾蓝 天猫 618 活动款","3C 数码","手机","天猫 · Apple 品牌天猫官方旗舰店","3c-phone-iphone17pro-taobao-2-12","3","negative","售后","退换流程需要按平台规则走，不算特别快。","近 10 天","基于商品字段生成的拟真模拟评论"
"3c-phone-iphone17pro-taobao-2","3c-phone-iphone17pro","Apple iPhone 17 Pro 256GB 星雾蓝 天猫 618 活动款","3C 数码","手机","天猫 · Apple 品牌天猫官方旗舰店","3c-phone-iphone17pro-taobao-2-13","4","positive","体验","实物和页面描述基本一致，整体满意。","近 70 天","基于商品字段生成的拟真模拟评论"
"3c-phone-iphone17pro-taobao-2","3c-phone-iphone17pro","Apple iPhone 17 Pro 256GB 星雾蓝 天猫 618 活动款","3C 数码","手机","天猫 · Apple 品牌天猫官方旗舰店","3c-phone-iphone17pro-taobao-2-14","4","positive","价格","活动价入手比较划算，性价比可以。","近 59 天","基于商品字段生成的拟真模拟评论"
"3c-phone-iphone17pro-taobao-2","3c-phone-iphone17pro","Apple iPhone 17 Pro 256GB 星雾蓝 天猫 618 活动款","3C 数码","手机","天猫 · Apple 品牌天猫官方旗舰店","3c-phone-iphone17pro-taobao-2-15","5","positive","性能流畅","日常切换应用很顺，拍照和视频处理速度也快。","近 46 天","基于商品字段生成的拟真模拟评论"
"3c-phone-iphone17pro-taobao-2","3c-phone-iphone17pro","Apple iPhone 17 Pro 256GB 星雾蓝 天猫 618 活动款","3C 数码","手机","天猫 · Apple 品牌天猫官方旗舰店","3c-phone-iphone17pro-taobao-2-16","2","negative","续航发热","连续拍照和导航时耗电明显，机身也会有温热感。","近 31 天","基于商品字段生成的拟真模拟评论"
"3c-phone-iphone17pro-taobao-2","3c-phone-iphone17pro","Apple iPhone 17 Pro 256GB 星雾蓝 天猫 618 活动款","3C 数码","手机","天猫 · Apple 品牌天猫官方旗舰店","3c-phone-iphone17pro-taobao-2-17","5","positive","影像表现","主摄白天成像稳定，长焦拍远处细节也够用。","近 46 天","基于商品字段生成的拟真模拟评论"
"3c-phone-iphone17pro-taobao-2","3c-phone-iphone17pro","Apple iPhone 17 Pro 256GB 星雾蓝 天猫 618 活动款","3C 数码","手机","天猫 · Apple 品牌天猫官方旗舰店","3c-phone-iphone17pro-taobao-2-18","5","positive","履约服务","天猫发货信息清楚，预计 2 天送达。","近 34 天","基于商品字段生成的拟真模拟评论"
"3c-phone-iphone17pro-taobao-2","3c-phone-iphone17pro","Apple iPhone 17 Pro 256GB 星雾蓝 天猫 618 活动款","3C 数码","手机","天猫 · Apple 品牌天猫官方旗舰店","3c-phone-iphone17pro-taobao-2-19","5","positive","体验","发货速度快，包装也比较完整。","近 23 天","基于商品字段生成的拟真模拟评论"
"3c-phone-iphone17pro-taobao-2","3c-phone-iphone17pro","Apple iPhone 17 Pro 256GB 星雾蓝 天猫 618 活动款","3C 数码","手机","天猫 · Apple 品牌天猫官方旗舰店","3c-phone-iphone17pro-taobao-2-20","4","positive","价格","券后价格比线下便宜一些。","近 30 天","基于商品字段生成的拟真模拟评论"
"3c-phone-iphone17pro-taobao-2","3c-phone-iphone17pro","Apple iPhone 17 Pro 256GB 星雾蓝 天猫 618 活动款","3C 数码","手机","天猫 · Apple 品牌天猫官方旗舰店","3c-phone-iphone17pro-taobao-2-21","3","negative","售后规则","退换仍需按“7 天无理由，退货运费险”执行，拆封或使用前要先确认条件。","近 61 天","基于商品字段生成的拟真模拟评论"
"3c-phone-iphone17pro-taobao-2","3c-phone-iphone17pro","Apple iPhone 17 Pro 256GB 星雾蓝 天猫 618 活动款","3C 数码","手机","天猫 · Apple 品牌天猫官方旗舰店","3c-phone-iphone17pro-taobao-2-22","5","positive","性能流畅","高刷屏配合系统动画很流畅，重度使用也少见卡顿。","近 5 天","基于商品字段生成的拟真模拟评论"
"3c-phone-iphone17pro-taobao-2","3c-phone-iphone17pro","Apple iPhone 17 Pro 256GB 星雾蓝 天猫 618 活动款","3C 数码","手机","天猫 · Apple 品牌天猫官方旗舰店","3c-phone-iphone17pro-taobao-2-23","5","positive","影像表现","视频防抖和收音表现不错，日常记录比较省心。","近 58 天","基于商品字段生成的拟真模拟评论"
"3c-phone-iphone17pro-taobao-2","3c-phone-iphone17pro","Apple iPhone 17 Pro 256GB 星雾蓝 天猫 618 活动款","3C 数码","手机","天猫 · Apple 品牌天猫官方旗舰店","3c-phone-iphone17pro-taobao-2-24","5","positive","履约服务","7 天无理由，退货运费险，下单前能比较明确地判断售后成本。","近 36 天","基于商品字段生成的拟真模拟评论"
"3c-phone-iphone17pro-pdd-4","3c-phone-iphone17pro","Apple iPhone 17 Pro 256GB 星雾蓝 拼多多 618 活动款","3C 数码","手机","拼多多 · Apple 百亿补贴品牌好货店","3c-phone-iphone17pro-pdd-4-1","5","positive","体验","实物和页面描述基本一致，整体满意。","近 77 天","基于商品字段生成的拟真模拟评论"
"3c-phone-iphone17pro-pdd-4","3c-phone-iphone17pro","Apple iPhone 17 Pro 256GB 星雾蓝 拼多多 618 活动款","3C 数码","手机","拼多多 · Apple 百亿补贴品牌好货店","3c-phone-iphone17pro-pdd-4-2","5","positive","价格","活动价入手比较划算，性价比可以。","近 5 天","基于商品字段生成的拟真模拟评论"
"3c-phone-iphone17pro-pdd-4","3c-phone-iphone17pro","Apple iPhone 17 Pro 256GB 星雾蓝 拼多多 618 活动款","3C 数码","手机","拼多多 · Apple 百亿补贴品牌好货店","3c-phone-iphone17pro-pdd-4-3","2","negative","细节","部分细节和预期有差距，下单前要看清规格。","近 21 天","基于商品字段生成的拟真模拟评论"
"3c-phone-iphone17pro-pdd-4","3c-phone-iphone17pro","Apple iPhone 17 Pro 256GB 星雾蓝 拼多多 618 活动款","3C 数码","手机","拼多多 · Apple 百亿补贴品牌好货店","3c-phone-iphone17pro-pdd-4-4","3","negative","售后","退换流程需要按平台规则走，不算特别快。","近 40 天","基于商品字段生成的拟真模拟评论"
"3c-phone-iphone17pro-pdd-4","3c-phone-iphone17pro","Apple iPhone 17 Pro 256GB 星雾蓝 拼多多 618 活动款","3C 数码","手机","拼多多 · Apple 百亿补贴品牌好货店","3c-phone-iphone17pro-pdd-4-5","5","positive","性能流畅","日常切换应用很顺，拍照和视频处理速度也快。","近 22 天","基于商品字段生成的拟真模拟评论"
"3c-phone-iphone17pro-pdd-4","3c-phone-iphone17pro","Apple iPhone 17 Pro 256GB 星雾蓝 拼多多 618 活动款","3C 数码","手机","拼多多 · Apple 百亿补贴品牌好货店","3c-phone-iphone17pro-pdd-4-6","5","positive","影像表现","主摄白天成像稳定，长焦拍远处细节也够用。","近 7 天","基于商品字段生成的拟真模拟评论"
"3c-phone-iphone17pro-pdd-4","3c-phone-iphone17pro","Apple iPhone 17 Pro 256GB 星雾蓝 拼多多 618 活动款","3C 数码","手机","拼多多 · Apple 百亿补贴品牌好货店","3c-phone-iphone17pro-pdd-4-7","5","positive","履约服务","拼多多发货信息清楚，预计 3-5 天送达。","近 51 天","基于商品字段生成的拟真模拟评论"
"3c-phone-iphone17pro-pdd-4","3c-phone-iphone17pro","Apple iPhone 17 Pro 256GB 星雾蓝 拼多多 618 活动款","3C 数码","手机","拼多多 · Apple 百亿补贴品牌好货店","3c-phone-iphone17pro-pdd-4-8","5","positive","体验","发货速度快，包装也比较完整。","近 72 天","基于商品字段生成的拟真模拟评论"
"3c-phone-iphone17pro-pdd-4","3c-phone-iphone17pro","Apple iPhone 17 Pro 256GB 星雾蓝 拼多多 618 活动款","3C 数码","手机","拼多多 · Apple 百亿补贴品牌好货店","3c-phone-iphone17pro-pdd-4-9","5","positive","价格","券后价格比线下便宜一些。","近 37 天","基于商品字段生成的拟真模拟评论"
"3c-phone-iphone17pro-pdd-4","3c-phone-iphone17pro","Apple iPhone 17 Pro 256GB 星雾蓝 拼多多 618 活动款","3C 数码","手机","拼多多 · Apple 百亿补贴品牌好货店","3c-phone-iphone17pro-pdd-4-10","3","negative","续航发热","连续拍照和导航时耗电明显，机身也会有温热感。","近 71 天","基于商品字段生成的拟真模拟评论"
"3c-phone-iphone17pro-pdd-4","3c-phone-iphone17pro","Apple iPhone 17 Pro 256GB 星雾蓝 拼多多 618 活动款","3C 数码","手机","拼多多 · Apple 百亿补贴品牌好货店","3c-phone-iphone17pro-pdd-4-11","4","positive","性能流畅","高刷屏配合系统动画很流畅，重度使用也少见卡顿。","近 79 天","基于商品字段生成的拟真模拟评论"
"3c-phone-iphone17pro-pdd-4","3c-phone-iphone17pro","Apple iPhone 17 Pro 256GB 星雾蓝 拼多多 618 活动款","3C 数码","手机","拼多多 · Apple 百亿补贴品牌好货店","3c-phone-iphone17pro-pdd-4-12","5","positive","影像表现","视频防抖和收音表现不错，日常记录比较省心。","近 71 天","基于商品字段生成的拟真模拟评论"
"3c-phone-iphone17pro-pdd-4","3c-phone-iphone17pro","Apple iPhone 17 Pro 256GB 星雾蓝 拼多多 618 活动款","3C 数码","手机","拼多多 · Apple 百亿补贴品牌好货店","3c-phone-iphone17pro-pdd-4-13","2","negative","售后规则","退换仍需按“支持退换，需核对激活与拆封规则”执行，拆封或使用前要先确认条件。","近 84 天","基于商品字段生成的拟真模拟评论"
"3c-phone-iphone17pro-pdd-4","3c-phone-iphone17pro","Apple iPhone 17 Pro 256GB 星雾蓝 拼多多 618 活动款","3C 数码","手机","拼多多 · Apple 百亿补贴品牌好货店","3c-phone-iphone17pro-pdd-4-14","5","positive","履约服务","支持退换，需核对激活与拆封规则，下单前能比较明确地判断售后成本。","近 52 天","基于商品字段生成的拟真模拟评论"
"3c-phone-iphone17pro-pdd-4","3c-phone-iphone17pro","Apple iPhone 17 Pro 256GB 星雾蓝 拼多多 618 活动款","3C 数码","手机","拼多多 · Apple 百亿补贴品牌好货店","3c-phone-iphone17pro-pdd-4-15","5","positive","体验","实物和页面描述基本一致，整体满意。","近 2 天","基于商品字段生成的拟真模拟评论"
"3c-phone-iphone17pro-pdd-4","3c-phone-iphone17pro","Apple iPhone 17 Pro 256GB 星雾蓝 拼多多 618 活动款","3C 数码","手机","拼多多 · Apple 百亿补贴品牌好货店","3c-phone-iphone17pro-pdd-4-16","5","positive","价格","活动价入手比较划算，性价比可以。","近 14 天","基于商品字段生成的拟真模拟评论"
"3c-phone-iphone17pro-pdd-4","3c-phone-iphone17pro","Apple iPhone 17 Pro 256GB 星雾蓝 拼多多 618 活动款","3C 数码","手机","拼多多 · Apple 百亿补贴品牌好货店","3c-phone-iphone17pro-pdd-4-17","3","negative","细节","客服解释比较慢，急用要提前确认。","近 84 天","基于商品字段生成的拟真模拟评论"
"3c-phone-iphone17pro-pdd-4","3c-phone-iphone17pro","Apple iPhone 17 Pro 256GB 星雾蓝 拼多多 618 活动款","3C 数码","手机","拼多多 · Apple 百亿补贴品牌好货店","3c-phone-iphone17pro-pdd-4-18","4","positive","性能流畅","日常切换应用很顺，拍照和视频处理速度也快。","近 42 天","基于商品字段生成的拟真模拟评论"
"3c-phone-iphone17pro-pdd-4","3c-phone-iphone17pro","Apple iPhone 17 Pro 256GB 星雾蓝 拼多多 618 活动款","3C 数码","手机","拼多多 · Apple 百亿补贴品牌好货店","3c-phone-iphone17pro-pdd-4-19","5","positive","影像表现","主摄白天成像稳定，长焦拍远处细节也够用。","近 14 天","基于商品字段生成的拟真模拟评论"
"3c-phone-iphone17pro-pdd-4","3c-phone-iphone17pro","Apple iPhone 17 Pro 256GB 星雾蓝 拼多多 618 活动款","3C 数码","手机","拼多多 · Apple 百亿补贴品牌好货店","3c-phone-iphone17pro-pdd-4-20","5","positive","履约服务","拼多多发货信息清楚，预计 3-5 天送达。","近 64 天","基于商品字段生成的拟真模拟评论"
"3c-phone-iphone17pro-pdd-4","3c-phone-iphone17pro","Apple iPhone 17 Pro 256GB 星雾蓝 拼多多 618 活动款","3C 数码","手机","拼多多 · Apple 百亿补贴品牌好货店","3c-phone-iphone17pro-pdd-4-21","3","negative","售后","赠品和主商品分开发货，等待时间更久。","近 82 天","基于商品字段生成的拟真模拟评论"
"3c-phone-iphone17pro-pdd-4","3c-phone-iphone17pro","Apple iPhone 17 Pro 256GB 星雾蓝 拼多多 618 活动款","3C 数码","手机","拼多多 · Apple 百亿补贴品牌好货店","3c-phone-iphone17pro-pdd-4-22","4","positive","体验","发货速度快，包装也比较完整。","近 21 天","基于商品字段生成的拟真模拟评论"
"3c-phone-iphone17pro-pdd-4","3c-phone-iphone17pro","Apple iPhone 17 Pro 256GB 星雾蓝 拼多多 618 活动款","3C 数码","手机","拼多多 · Apple 百亿补贴品牌好货店","3c-phone-iphone17pro-pdd-4-23","2","negative","续航发热","重度使用一天需要补电，长时间游戏时发热较明显。","近 59 天","基于商品字段生成的拟真模拟评论"
"3c-phone-iphone17pro-pdd-4","3c-phone-iphone17pro","Apple iPhone 17 Pro 256GB 星雾蓝 拼多多 618 活动款","3C 数码","手机","拼多多 · Apple 百亿补贴品牌好货店","3c-phone-iphone17pro-pdd-4-24","5","positive","价格","券后价格比线下便宜一些。","近 31 天","基于商品字段生成的拟真模拟评论"
"3c-phone-iphone17pro-jd-1","3c-phone-iphone17pro","Apple iPhone 17 Pro 256GB 星雾蓝 京东 618 活动款","3C 数码","手机","京东 · Apple 京东自营旗舰店","3c-phone-iphone17pro-jd-1-1","2","negative","细节","部分细节和预期有差距，下单前要看清规格。","近 61 天","基于商品字段生成的拟真模拟评论"
"3c-phone-iphone17pro-jd-1","3c-phone-iphone17pro","Apple iPhone 17 Pro 256GB 星雾蓝 京东 618 活动款","3C 数码","手机","京东 · Apple 京东自营旗舰店","3c-phone-iphone17pro-jd-1-2","5","positive","体验","实物和页面描述基本一致，整体满意。","近 6 天","基于商品字段生成的拟真模拟评论"
"3c-phone-iphone17pro-jd-1","3c-phone-iphone17pro","Apple iPhone 17 Pro 256GB 星雾蓝 京东 618 活动款","3C 数码","手机","京东 · Apple 京东自营旗舰店","3c-phone-iphone17pro-jd-1-3","2","negative","售后","退换流程需要按平台规则走，不算特别快。","近 23 天","基于商品字段生成的拟真模拟评论"
"3c-phone-iphone17pro-jd-1","3c-phone-iphone17pro","Apple iPhone 17 Pro 256GB 星雾蓝 京东 618 活动款","3C 数码","手机","京东 · Apple 京东自营旗舰店","3c-phone-iphone17pro-jd-1-4","5","positive","价格","活动价入手比较划算，性价比可以。","近 15 天","基于商品字段生成的拟真模拟评论"
"3c-phone-iphone17pro-jd-1","3c-phone-iphone17pro","Apple iPhone 17 Pro 256GB 星雾蓝 京东 618 活动款","3C 数码","手机","京东 · Apple 京东自营旗舰店","3c-phone-iphone17pro-jd-1-5","5","positive","性能流畅","日常切换应用很顺，拍照和视频处理速度也快。","近 3 天","基于商品字段生成的拟真模拟评论"
"3c-phone-iphone17pro-jd-1","3c-phone-iphone17pro","Apple iPhone 17 Pro 256GB 星雾蓝 京东 618 活动款","3C 数码","手机","京东 · Apple 京东自营旗舰店","3c-phone-iphone17pro-jd-1-6","5","positive","影像表现","主摄白天成像稳定，长焦拍远处细节也够用。","近 65 天","基于商品字段生成的拟真模拟评论"
"3c-phone-iphone17pro-jd-1","3c-phone-iphone17pro","Apple iPhone 17 Pro 256GB 星雾蓝 京东 618 活动款","3C 数码","手机","京东 · Apple 京东自营旗舰店","3c-phone-iphone17pro-jd-1-7","5","positive","履约服务","京东发货信息清楚，次日送达。","近 39 天","基于商品字段生成的拟真模拟评论"
"3c-phone-iphone17pro-jd-1","3c-phone-iphone17pro","Apple iPhone 17 Pro 256GB 星雾蓝 京东 618 活动款","3C 数码","手机","京东 · Apple 京东自营旗舰店","3c-phone-iphone17pro-jd-1-8","5","positive","体验","发货速度快，包装也比较完整。","近 87 天","基于商品字段生成的拟真模拟评论"
"3c-phone-iphone17pro-jd-1","3c-phone-iphone17pro","Apple iPhone 17 Pro 256GB 星雾蓝 京东 618 活动款","3C 数码","手机","京东 · Apple 京东自营旗舰店","3c-phone-iphone17pro-jd-1-9","5","positive","价格","券后价格比线下便宜一些。","近 80 天","基于商品字段生成的拟真模拟评论"
"3c-phone-iphone17pro-jd-1","3c-phone-iphone17pro","Apple iPhone 17 Pro 256GB 星雾蓝 京东 618 活动款","3C 数码","手机","京东 · Apple 京东自营旗舰店","3c-phone-iphone17pro-jd-1-10","5","positive","性能流畅","高刷屏配合系统动画很流畅，重度使用也少见卡顿。","近 71 天","基于商品字段生成的拟真模拟评论"
"3c-phone-iphone17pro-jd-1","3c-phone-iphone17pro","Apple iPhone 17 Pro 256GB 星雾蓝 京东 618 活动款","3C 数码","手机","京东 · Apple 京东自营旗舰店","3c-phone-iphone17pro-jd-1-11","4","positive","影像表现","视频防抖和收音表现不错，日常记录比较省心。","近 54 天","基于商品字段生成的拟真模拟评论"
"3c-phone-iphone17pro-jd-1","3c-phone-iphone17pro","Apple iPhone 17 Pro 256GB 星雾蓝 京东 618 活动款","3C 数码","手机","京东 · Apple 京东自营旗舰店","3c-phone-iphone17pro-jd-1-12","5","positive","履约服务","7 天无理由，支持上门取件，下单前能比较明确地判断售后成本。","近 46 天","基于商品字段生成的拟真模拟评论"
"3c-phone-iphone17pro-jd-1","3c-phone-iphone17pro","Apple iPhone 17 Pro 256GB 星雾蓝 京东 618 活动款","3C 数码","手机","京东 · Apple 京东自营旗舰店","3c-phone-iphone17pro-jd-1-13","5","positive","体验","实物和页面描述基本一致，整体满意。","近 28 天","基于商品字段生成的拟真模拟评论"
"3c-phone-iphone17pro-jd-1","3c-phone-iphone17pro","Apple iPhone 17 Pro 256GB 星雾蓝 京东 618 活动款","3C 数码","手机","京东 · Apple 京东自营旗舰店","3c-phone-iphone17pro-jd-1-14","5","positive","价格","活动价入手比较划算，性价比可以。","近 59 天","基于商品字段生成的拟真模拟评论"
"3c-phone-iphone17pro-jd-1","3c-phone-iphone17pro","Apple iPhone 17 Pro 256GB 星雾蓝 京东 618 活动款","3C 数码","手机","京东 · Apple 京东自营旗舰店","3c-phone-iphone17pro-jd-1-15","5","positive","性能流畅","日常切换应用很顺，拍照和视频处理速度也快。","近 50 天","基于商品字段生成的拟真模拟评论"
"3c-phone-iphone17pro-jd-1","3c-phone-iphone17pro","Apple iPhone 17 Pro 256GB 星雾蓝 京东 618 活动款","3C 数码","手机","京东 · Apple 京东自营旗舰店","3c-phone-iphone17pro-jd-1-16","5","positive","影像表现","主摄白天成像稳定，长焦拍远处细节也够用。","近 19 天","基于商品字段生成的拟真模拟评论"
"3c-phone-iphone17pro-jd-1","3c-phone-iphone17pro","Apple iPhone 17 Pro 256GB 星雾蓝 京东 618 活动款","3C 数码","手机","京东 · Apple 京东自营旗舰店","3c-phone-iphone17pro-jd-1-17","5","positive","履约服务","京东发货信息清楚，次日送达。","近 48 天","基于商品字段生成的拟真模拟评论"
"3c-phone-iphone17pro-jd-1","3c-phone-iphone17pro","Apple iPhone 17 Pro 256GB 星雾蓝 京东 618 活动款","3C 数码","手机","京东 · Apple 京东自营旗舰店","3c-phone-iphone17pro-jd-1-18","5","positive","体验","发货速度快，包装也比较完整。","近 14 天","基于商品字段生成的拟真模拟评论"
"3c-phone-iphone17pro-jd-1","3c-phone-iphone17pro","Apple iPhone 17 Pro 256GB 星雾蓝 京东 618 活动款","3C 数码","手机","京东 · Apple 京东自营旗舰店","3c-phone-iphone17pro-jd-1-19","3","negative","续航发热","连续拍照和导航时耗电明显，机身也会有温热感。","近 42 天","基于商品字段生成的拟真模拟评论"
"3c-phone-iphone17pro-jd-1","3c-phone-iphone17pro","Apple iPhone 17 Pro 256GB 星雾蓝 京东 618 活动款","3C 数码","手机","京东 · Apple 京东自营旗舰店","3c-phone-iphone17pro-jd-1-20","5","positive","价格","券后价格比线下便宜一些。","近 1 天","基于商品字段生成的拟真模拟评论"
"3c-phone-iphone17pro-jd-1","3c-phone-iphone17pro","Apple iPhone 17 Pro 256GB 星雾蓝 京东 618 活动款","3C 数码","手机","京东 · Apple 京东自营旗舰店","3c-phone-iphone17pro-jd-1-21","5","positive","性能流畅","高刷屏配合系统动画很流畅，重度使用也少见卡顿。","近 3 天","基于商品字段生成的拟真模拟评论"
"3c-phone-iphone17pro-jd-1","3c-phone-iphone17pro","Apple iPhone 17 Pro 256GB 星雾蓝 京东 618 活动款","3C 数码","手机","京东 · Apple 京东自营旗舰店","3c-phone-iphone17pro-jd-1-22","4","positive","影像表现","视频防抖和收音表现不错，日常记录比较省心。","近 46 天","基于商品字段生成的拟真模拟评论"
"3c-phone-iphone17pro-jd-1","3c-phone-iphone17pro","Apple iPhone 17 Pro 256GB 星雾蓝 京东 618 活动款","3C 数码","手机","京东 · Apple 京东自营旗舰店","3c-phone-iphone17pro-jd-1-23","3","negative","售后规则","退换仍需按“7 天无理由，支持上门取件”执行，拆封或使用前要先确认条件。","近 7 天","基于商品字段生成的拟真模拟评论"
"3c-phone-iphone17pro-jd-1","3c-phone-iphone17pro","Apple iPhone 17 Pro 256GB 星雾蓝 京东 618 活动款","3C 数码","手机","京东 · Apple 京东自营旗舰店","3c-phone-iphone17pro-jd-1-24","5","positive","履约服务","7 天无理由，支持上门取件，下单前能比较明确地判断售后成本。","近 80 天","基于商品字段生成的拟真模拟评论"
"3c-phone-iphone17pro-amazon-5","3c-phone-iphone17pro","Apple iPhone 17 Pro 256GB 星雾蓝 亚马逊 618 活动款","3C 数码","手机","亚马逊 · Apple Amazon Global Store","3c-phone-iphone17pro-amazon-5-1","5","positive","体验","实物和页面描述基本一致，整体满意。","近 87 天","基于商品字段生成的拟真模拟评论"
"3c-phone-iphone17pro-amazon-5","3c-phone-iphone17pro","Apple iPhone 17 Pro 256GB 星雾蓝 亚马逊 618 活动款","3C 数码","手机","亚马逊 · Apple Amazon Global Store","3c-phone-iphone17pro-amazon-5-2","4","positive","价格","活动价入手比较划算，性价比可以。","近 21 天","基于商品字段生成的拟真模拟评论"
"3c-phone-iphone17pro-amazon-5","3c-phone-iphone17pro","Apple iPhone 17 Pro 256GB 星雾蓝 亚马逊 618 活动款","3C 数码","手机","亚马逊 · Apple Amazon Global Store","3c-phone-iphone17pro-amazon-5-3","3","negative","细节","部分细节和预期有差距，下单前要看清规格。","近 73 天","基于商品字段生成的拟真模拟评论"
"3c-phone-iphone17pro-amazon-5","3c-phone-iphone17pro","Apple iPhone 17 Pro 256GB 星雾蓝 亚马逊 618 活动款","3C 数码","手机","亚马逊 · Apple Amazon Global Store","3c-phone-iphone17pro-amazon-5-4","5","positive","性能流畅","日常切换应用很顺，拍照和视频处理速度也快。","近 82 天","基于商品字段生成的拟真模拟评论"
"3c-phone-iphone17pro-amazon-5","3c-phone-iphone17pro","Apple iPhone 17 Pro 256GB 星雾蓝 亚马逊 618 活动款","3C 数码","手机","亚马逊 · Apple Amazon Global Store","3c-phone-iphone17pro-amazon-5-5","5","positive","影像表现","主摄白天成像稳定，长焦拍远处细节也够用。","近 10 天","基于商品字段生成的拟真模拟评论"
"3c-phone-iphone17pro-amazon-5","3c-phone-iphone17pro","Apple iPhone 17 Pro 256GB 星雾蓝 亚马逊 618 活动款","3C 数码","手机","亚马逊 · Apple Amazon Global Store","3c-phone-iphone17pro-amazon-5-6","5","positive","履约服务","亚马逊发货信息清楚，预计 7-12 天送达。","近 36 天","基于商品字段生成的拟真模拟评论"
"3c-phone-iphone17pro-amazon-5","3c-phone-iphone17pro","Apple iPhone 17 Pro 256GB 星雾蓝 亚马逊 618 活动款","3C 数码","手机","亚马逊 · Apple Amazon Global Store","3c-phone-iphone17pro-amazon-5-7","3","negative","售后","退换流程需要按平台规则走，不算特别快。","近 69 天","基于商品字段生成的拟真模拟评论"
"3c-phone-iphone17pro-amazon-5","3c-phone-iphone17pro","Apple iPhone 17 Pro 256GB 星雾蓝 亚马逊 618 活动款","3C 数码","手机","亚马逊 · Apple Amazon Global Store","3c-phone-iphone17pro-amazon-5-8","5","positive","体验","发货速度快，包装也比较完整。","近 71 天","基于商品字段生成的拟真模拟评论"
"3c-phone-iphone17pro-amazon-5","3c-phone-iphone17pro","Apple iPhone 17 Pro 256GB 星雾蓝 亚马逊 618 活动款","3C 数码","手机","亚马逊 · Apple Amazon Global Store","3c-phone-iphone17pro-amazon-5-9","5","positive","价格","券后价格比线下便宜一些。","近 57 天","基于商品字段生成的拟真模拟评论"
"3c-phone-iphone17pro-amazon-5","3c-phone-iphone17pro","Apple iPhone 17 Pro 256GB 星雾蓝 亚马逊 618 活动款","3C 数码","手机","亚马逊 · Apple Amazon Global Store","3c-phone-iphone17pro-amazon-5-10","5","positive","性能流畅","高刷屏配合系统动画很流畅，重度使用也少见卡顿。","近 22 天","基于商品字段生成的拟真模拟评论"
"3c-phone-iphone17pro-amazon-5","3c-phone-iphone17pro","Apple iPhone 17 Pro 256GB 星雾蓝 亚马逊 618 活动款","3C 数码","手机","亚马逊 · Apple Amazon Global Store","3c-phone-iphone17pro-amazon-5-11","5","positive","影像表现","视频防抖和收音表现不错，日常记录比较省心。","近 7 天","基于商品字段生成的拟真模拟评论"
"3c-phone-iphone17pro-amazon-5","3c-phone-iphone17pro","Apple iPhone 17 Pro 256GB 星雾蓝 亚马逊 618 活动款","3C 数码","手机","亚马逊 · Apple Amazon Global Store","3c-phone-iphone17pro-amazon-5-12","4","positive","履约服务","跨境退货，费用按页面规则，下单前能比较明确地判断售后成本。","近 78 天","基于商品字段生成的拟真模拟评论"
"3c-phone-iphone17pro-amazon-5","3c-phone-iphone17pro","Apple iPhone 17 Pro 256GB 星雾蓝 亚马逊 618 活动款","3C 数码","手机","亚马逊 · Apple Amazon Global Store","3c-phone-iphone17pro-amazon-5-13","5","positive","体验","实物和页面描述基本一致，整体满意。","近 32 天","基于商品字段生成的拟真模拟评论"
"3c-phone-iphone17pro-amazon-5","3c-phone-iphone17pro","Apple iPhone 17 Pro 256GB 星雾蓝 亚马逊 618 活动款","3C 数码","手机","亚马逊 · Apple Amazon Global Store","3c-phone-iphone17pro-amazon-5-14","5","positive","价格","活动价入手比较划算，性价比可以。","近 66 天","基于商品字段生成的拟真模拟评论"
"3c-phone-iphone17pro-amazon-5","3c-phone-iphone17pro","Apple iPhone 17 Pro 256GB 星雾蓝 亚马逊 618 活动款","3C 数码","手机","亚马逊 · Apple Amazon Global Store","3c-phone-iphone17pro-amazon-5-15","5","positive","性能流畅","日常切换应用很顺，拍照和视频处理速度也快。","近 85 天","基于商品字段生成的拟真模拟评论"
"3c-phone-iphone17pro-amazon-5","3c-phone-iphone17pro","Apple iPhone 17 Pro 256GB 星雾蓝 亚马逊 618 活动款","3C 数码","手机","亚马逊 · Apple Amazon Global Store","3c-phone-iphone17pro-amazon-5-16","5","positive","影像表现","主摄白天成像稳定，长焦拍远处细节也够用。","近 76 天","基于商品字段生成的拟真模拟评论"
"3c-phone-iphone17pro-amazon-5","3c-phone-iphone17pro","Apple iPhone 17 Pro 256GB 星雾蓝 亚马逊 618 活动款","3C 数码","手机","亚马逊 · Apple Amazon Global Store","3c-phone-iphone17pro-amazon-5-17","5","positive","履约服务","亚马逊发货信息清楚，预计 7-12 天送达。","近 53 天","基于商品字段生成的拟真模拟评论"
"3c-phone-iphone17pro-amazon-5","3c-phone-iphone17pro","Apple iPhone 17 Pro 256GB 星雾蓝 亚马逊 618 活动款","3C 数码","手机","亚马逊 · Apple Amazon Global Store","3c-phone-iphone17pro-amazon-5-18","4","positive","体验","发货速度快，包装也比较完整。","近 47 天","基于商品字段生成的拟真模拟评论"
"3c-phone-iphone17pro-amazon-5","3c-phone-iphone17pro","Apple iPhone 17 Pro 256GB 星雾蓝 亚马逊 618 活动款","3C 数码","手机","亚马逊 · Apple Amazon Global Store","3c-phone-iphone17pro-amazon-5-19","5","positive","价格","券后价格比线下便宜一些。","近 74 天","基于商品字段生成的拟真模拟评论"
"3c-phone-iphone17pro-amazon-5","3c-phone-iphone17pro","Apple iPhone 17 Pro 256GB 星雾蓝 亚马逊 618 活动款","3C 数码","手机","亚马逊 · Apple Amazon Global Store","3c-phone-iphone17pro-amazon-5-20","4","positive","性能流畅","高刷屏配合系统动画很流畅，重度使用也少见卡顿。","近 48 天","基于商品字段生成的拟真模拟评论"
"3c-phone-iphone17pro-amazon-5","3c-phone-iphone17pro","Apple iPhone 17 Pro 256GB 星雾蓝 亚马逊 618 活动款","3C 数码","手机","亚马逊 · Apple Amazon Global Store","3c-phone-iphone17pro-amazon-5-21","3","negative","续航发热","连续拍照和导航时耗电明显，机身也会有温热感。","近 29 天","基于商品字段生成的拟真模拟评论"
"3c-phone-iphone17pro-amazon-5","3c-phone-iphone17pro","Apple iPhone 17 Pro 256GB 星雾蓝 亚马逊 618 活动款","3C 数码","手机","亚马逊 · Apple Amazon Global Store","3c-phone-iphone17pro-amazon-5-22","4","positive","影像表现","视频防抖和收音表现不错，日常记录比较省心。","近 7 天","基于商品字段生成的拟真模拟评论"
"3c-phone-iphone17pro-amazon-5","3c-phone-iphone17pro","Apple iPhone 17 Pro 256GB 星雾蓝 亚马逊 618 活动款","3C 数码","手机","亚马逊 · Apple Amazon Global Store","3c-phone-iphone17pro-amazon-5-23","3","negative","售后规则","退换仍需按“跨境退货，费用按页面规则”执行，拆封或使用前要先确认条件。","近 35 天","基于商品字段生成的拟真模拟评论"
"3c-phone-iphone17pro-amazon-5","3c-phone-iphone17pro","Apple iPhone 17 Pro 256GB 星雾蓝 亚马逊 618 活动款","3C 数码","手机","亚马逊 · Apple Amazon Global Store","3c-phone-iphone17pro-amazon-5-24","2","negative","细节","客服解释比较慢，急用要提前确认。","近 66 天","基于商品字段生成的拟真模拟评论"
"3c-phone-iphone17pro-brand-3","3c-phone-iphone17pro","Apple iPhone 17 Pro 256GB 星雾蓝 品牌官网 618 活动款","3C 数码","手机","品牌官网 · Apple 品牌官方网站","3c-phone-iphone17pro-brand-3-1","5","positive","体验","实物和页面描述基本一致，整体满意。","近 9 天","基于商品字段生成的拟真模拟评论"
"3c-phone-iphone17pro-brand-3","3c-phone-iphone17pro","Apple iPhone 17 Pro 256GB 星雾蓝 品牌官网 618 活动款","3C 数码","手机","品牌官网 · Apple 品牌官方网站","3c-phone-iphone17pro-brand-3-2","2","negative","细节","部分细节和预期有差距，下单前要看清规格。","近 65 天","基于商品字段生成的拟真模拟评论"
"3c-phone-iphone17pro-brand-3","3c-phone-iphone17pro","Apple iPhone 17 Pro 256GB 星雾蓝 品牌官网 618 活动款","3C 数码","手机","品牌官网 · Apple 品牌官方网站","3c-phone-iphone17pro-brand-3-3","5","positive","价格","活动价入手比较划算，性价比可以。","近 2 天","基于商品字段生成的拟真模拟评论"
"3c-phone-iphone17pro-brand-3","3c-phone-iphone17pro","Apple iPhone 17 Pro 256GB 星雾蓝 品牌官网 618 活动款","3C 数码","手机","品牌官网 · Apple 品牌官方网站","3c-phone-iphone17pro-brand-3-4","2","negative","售后","退换流程需要按平台规则走，不算特别快。","近 21 天","基于商品字段生成的拟真模拟评论"
"3c-phone-iphone17pro-brand-3","3c-phone-iphone17pro","Apple iPhone 17 Pro 256GB 星雾蓝 品牌官网 618 活动款","3C 数码","手机","品牌官网 · Apple 品牌官方网站","3c-phone-iphone17pro-brand-3-5","3","negative","续航发热","连续拍照和导航时耗电明显，机身也会有温热感。","近 76 天","基于商品字段生成的拟真模拟评论"
"3c-phone-iphone17pro-brand-3","3c-phone-iphone17pro","Apple iPhone 17 Pro 256GB 星雾蓝 品牌官网 618 活动款","3C 数码","手机","品牌官网 · Apple 品牌官方网站","3c-phone-iphone17pro-brand-3-6","4","positive","性能流畅","日常切换应用很顺，拍照和视频处理速度也快。","近 53 天","基于商品字段生成的拟真模拟评论"
"3c-phone-iphone17pro-brand-3","3c-phone-iphone17pro","Apple iPhone 17 Pro 256GB 星雾蓝 品牌官网 618 活动款","3C 数码","手机","品牌官网 · Apple 品牌官方网站","3c-phone-iphone17pro-brand-3-7","5","positive","影像表现","主摄白天成像稳定，长焦拍远处细节也够用。","近 50 天","基于商品字段生成的拟真模拟评论"
"3c-phone-iphone17pro-brand-3","3c-phone-iphone17pro","Apple iPhone 17 Pro 256GB 星雾蓝 品牌官网 618 活动款","3C 数码","手机","品牌官网 · Apple 品牌官方网站","3c-phone-iphone17pro-brand-3-8","5","positive","履约服务","品牌官网发货信息清楚，预计 2-3 天送达。","近 41 天","基于商品字段生成的拟真模拟评论"
"3c-phone-iphone17pro-brand-3","3c-phone-iphone17pro","Apple iPhone 17 Pro 256GB 星雾蓝 品牌官网 618 活动款","3C 数码","手机","品牌官网 · Apple 品牌官方网站","3c-phone-iphone17pro-brand-3-9","5","positive","体验","发货速度快，包装也比较完整。","近 19 天","基于商品字段生成的拟真模拟评论"
"3c-phone-iphone17pro-brand-3","3c-phone-iphone17pro","Apple iPhone 17 Pro 256GB 星雾蓝 品牌官网 618 活动款","3C 数码","手机","品牌官网 · Apple 品牌官方网站","3c-phone-iphone17pro-brand-3-10","5","positive","价格","券后价格比线下便宜一些。","近 43 天","基于商品字段生成的拟真模拟评论"
"3c-phone-iphone17pro-brand-3","3c-phone-iphone17pro","Apple iPhone 17 Pro 256GB 星雾蓝 品牌官网 618 活动款","3C 数码","手机","品牌官网 · Apple 品牌官方网站","3c-phone-iphone17pro-brand-3-11","5","positive","性能流畅","高刷屏配合系统动画很流畅，重度使用也少见卡顿。","近 81 天","基于商品字段生成的拟真模拟评论"
"3c-phone-iphone17pro-brand-3","3c-phone-iphone17pro","Apple iPhone 17 Pro 256GB 星雾蓝 品牌官网 618 活动款","3C 数码","手机","品牌官网 · Apple 品牌官方网站","3c-phone-iphone17pro-brand-3-12","3","negative","售后规则","退换仍需按“官方 7 天退换政策”执行，拆封或使用前要先确认条件。","近 10 天","基于商品字段生成的拟真模拟评论"
"3c-phone-iphone17pro-brand-3","3c-phone-iphone17pro","Apple iPhone 17 Pro 256GB 星雾蓝 品牌官网 618 活动款","3C 数码","手机","品牌官网 · Apple 品牌官方网站","3c-phone-iphone17pro-brand-3-13","4","positive","影像表现","视频防抖和收音表现不错，日常记录比较省心。","近 20 天","基于商品字段生成的拟真模拟评论"
"3c-phone-iphone17pro-brand-3","3c-phone-iphone17pro","Apple iPhone 17 Pro 256GB 星雾蓝 品牌官网 618 活动款","3C 数码","手机","品牌官网 · Apple 品牌官方网站","3c-phone-iphone17pro-brand-3-14","5","positive","履约服务","官方 7 天退换政策，下单前能比较明确地判断售后成本。","近 66 天","基于商品字段生成的拟真模拟评论"
"3c-phone-iphone17pro-brand-3","3c-phone-iphone17pro","Apple iPhone 17 Pro 256GB 星雾蓝 品牌官网 618 活动款","3C 数码","手机","品牌官网 · Apple 品牌官方网站","3c-phone-iphone17pro-brand-3-15","5","positive","体验","实物和页面描述基本一致，整体满意。","近 79 天","基于商品字段生成的拟真模拟评论"
"3c-phone-iphone17pro-brand-3","3c-phone-iphone17pro","Apple iPhone 17 Pro 256GB 星雾蓝 品牌官网 618 活动款","3C 数码","手机","品牌官网 · Apple 品牌官方网站","3c-phone-iphone17pro-brand-3-16","4","positive","价格","活动价入手比较划算，性价比可以。","近 17 天","基于商品字段生成的拟真模拟评论"
"3c-phone-iphone17pro-brand-3","3c-phone-iphone17pro","Apple iPhone 17 Pro 256GB 星雾蓝 品牌官网 618 活动款","3C 数码","手机","品牌官网 · Apple 品牌官方网站","3c-phone-iphone17pro-brand-3-17","4","positive","性能流畅","日常切换应用很顺，拍照和视频处理速度也快。","近 85 天","基于商品字段生成的拟真模拟评论"
"3c-phone-iphone17pro-brand-3","3c-phone-iphone17pro","Apple iPhone 17 Pro 256GB 星雾蓝 品牌官网 618 活动款","3C 数码","手机","品牌官网 · Apple 品牌官方网站","3c-phone-iphone17pro-brand-3-18","5","positive","影像表现","主摄白天成像稳定，长焦拍远处细节也够用。","近 25 天","基于商品字段生成的拟真模拟评论"
"3c-phone-iphone17pro-brand-3","3c-phone-iphone17pro","Apple iPhone 17 Pro 256GB 星雾蓝 品牌官网 618 活动款","3C 数码","手机","品牌官网 · Apple 品牌官方网站","3c-phone-iphone17pro-brand-3-19","5","positive","履约服务","品牌官网发货信息清楚，预计 2-3 天送达。","近 79 天","基于商品字段生成的拟真模拟评论"
"3c-phone-iphone17pro-brand-3","3c-phone-iphone17pro","Apple iPhone 17 Pro 256GB 星雾蓝 品牌官网 618 活动款","3C 数码","手机","品牌官网 · Apple 品牌官方网站","3c-phone-iphone17pro-brand-3-20","5","positive","体验","发货速度快，包装也比较完整。","近 87 天","基于商品字段生成的拟真模拟评论"
"3c-phone-iphone17pro-brand-3","3c-phone-iphone17pro","Apple iPhone 17 Pro 256GB 星雾蓝 品牌官网 618 活动款","3C 数码","手机","品牌官网 · Apple 品牌官方网站","3c-phone-iphone17pro-brand-3-21","5","positive","价格","券后价格比线下便宜一些。","近 56 天","基于商品字段生成的拟真模拟评论"
"3c-phone-iphone17pro-brand-3","3c-phone-iphone17pro","Apple iPhone 17 Pro 256GB 星雾蓝 品牌官网 618 活动款","3C 数码","手机","品牌官网 · Apple 品牌官方网站","3c-phone-iphone17pro-brand-3-22","4","positive","性能流畅","高刷屏配合系统动画很流畅，重度使用也少见卡顿。","近 1 天","基于商品字段生成的拟真模拟评论"
"3c-phone-iphone17pro-brand-3","3c-phone-iphone17pro","Apple iPhone 17 Pro 256GB 星雾蓝 品牌官网 618 活动款","3C 数码","手机","品牌官网 · Apple 品牌官方网站","3c-phone-iphone17pro-brand-3-23","4","positive","影像表现","视频防抖和收音表现不错，日常记录比较省心。","近 10 天","基于商品字段生成的拟真模拟评论"
"3c-phone-iphone17pro-brand-3","3c-phone-iphone17pro","Apple iPhone 17 Pro 256GB 星雾蓝 品牌官网 618 活动款","3C 数码","手机","品牌官网 · Apple 品牌官方网站","3c-phone-iphone17pro-brand-3-24","5","positive","履约服务","官方 7 天退换政策，下单前能比较明确地判断售后成本。","近 80 天","基于商品字段生成的拟真模拟评论"
"3c-earbuds-airpods-taobao-2","3c-earbuds-airpods","Apple AirPods Pro 3 USB-C 主动降噪耳机 天猫 618 活动款","3C 数码","无线耳机","天猫 · Apple 品牌天猫官方旗舰店","3c-earbuds-airpods-taobao-2-1","5","positive","体验","实物和页面描述基本一致，整体满意。","近 25 天","基于商品字段生成的拟真模拟评论"
"3c-earbuds-airpods-taobao-2","3c-earbuds-airpods","Apple AirPods Pro 3 USB-C 主动降噪耳机 天猫 618 活动款","3C 数码","无线耳机","天猫 · Apple 品牌天猫官方旗舰店","3c-earbuds-airpods-taobao-2-2","4","positive","价格","活动价入手比较划算，性价比可以。","近 49 天","基于商品字段生成的拟真模拟评论"
"3c-earbuds-airpods-taobao-2","3c-earbuds-airpods","Apple AirPods Pro 3 USB-C 主动降噪耳机 天猫 618 活动款","3C 数码","无线耳机","天猫 · Apple 品牌天猫官方旗舰店","3c-earbuds-airpods-taobao-2-3","5","positive","降噪连接","降噪对通勤低频噪声很有效，设备切换也比较顺。","近 19 天","基于商品字段生成的拟真模拟评论"
"3c-earbuds-airpods-taobao-2","3c-earbuds-airpods","Apple AirPods Pro 3 USB-C 主动降噪耳机 天猫 618 活动款","3C 数码","无线耳机","天猫 · Apple 品牌天猫官方旗舰店","3c-earbuds-airpods-taobao-2-4","5","positive","履约服务","天猫发货信息清楚，预计 2 天送达。","近 20 天","基于商品字段生成的拟真模拟评论"
"3c-earbuds-airpods-taobao-2","3c-earbuds-airpods","Apple AirPods Pro 3 USB-C 主动降噪耳机 天猫 618 活动款","3C 数码","无线耳机","天猫 · Apple 品牌天猫官方旗舰店","3c-earbuds-airpods-taobao-2-5","5","positive","体验","发货速度快，包装也比较完整。","近 75 天","基于商品字段生成的拟真模拟评论"
"3c-earbuds-airpods-taobao-2","3c-earbuds-airpods","Apple AirPods Pro 3 USB-C 主动降噪耳机 天猫 618 活动款","3C 数码","无线耳机","天猫 · Apple 品牌天猫官方旗舰店","3c-earbuds-airpods-taobao-2-6","5","positive","价格","券后价格比线下便宜一些。","近 86 天","基于商品字段生成的拟真模拟评论"
"3c-earbuds-airpods-taobao-2","3c-earbuds-airpods","Apple AirPods Pro 3 USB-C 主动降噪耳机 天猫 618 活动款","3C 数码","无线耳机","天猫 · Apple 品牌天猫官方旗舰店","3c-earbuds-airpods-taobao-2-7","4","positive","降噪连接","连接稳定，地铁和办公室使用时降噪提升明显。","近 42 天","基于商品字段生成的拟真模拟评论"
"3c-earbuds-airpods-taobao-2","3c-earbuds-airpods","Apple AirPods Pro 3 USB-C 主动降噪耳机 天猫 618 活动款","3C 数码","无线耳机","天猫 · Apple 品牌天猫官方旗舰店","3c-earbuds-airpods-taobao-2-8","5","positive","履约服务","7 天无理由，退货运费险，下单前能比较明确地判断售后成本。","近 64 天","基于商品字段生成的拟真模拟评论"
"3c-earbuds-airpods-taobao-2","3c-earbuds-airpods","Apple AirPods Pro 3 USB-C 主动降噪耳机 天猫 618 活动款","3C 数码","无线耳机","天猫 · Apple 品牌天猫官方旗舰店","3c-earbuds-airpods-taobao-2-9","5","positive","体验","实物和页面描述基本一致，整体满意。","近 16 天","基于商品字段生成的拟真模拟评论"
"3c-earbuds-airpods-taobao-2","3c-earbuds-airpods","Apple AirPods Pro 3 USB-C 主动降噪耳机 天猫 618 活动款","3C 数码","无线耳机","天猫 · Apple 品牌天猫官方旗舰店","3c-earbuds-airpods-taobao-2-10","5","positive","价格","活动价入手比较划算，性价比可以。","近 6 天","基于商品字段生成的拟真模拟评论"
"3c-earbuds-airpods-taobao-2","3c-earbuds-airpods","Apple AirPods Pro 3 USB-C 主动降噪耳机 天猫 618 活动款","3C 数码","无线耳机","天猫 · Apple 品牌天猫官方旗舰店","3c-earbuds-airpods-taobao-2-11","5","positive","降噪连接","降噪对通勤低频噪声很有效，设备切换也比较顺。","近 43 天","基于商品字段生成的拟真模拟评论"
"3c-earbuds-airpods-taobao-2","3c-earbuds-airpods","Apple AirPods Pro 3 USB-C 主动降噪耳机 天猫 618 活动款","3C 数码","无线耳机","天猫 · Apple 品牌天猫官方旗舰店","3c-earbuds-airpods-taobao-2-12","3","negative","细节","部分细节和预期有差距，下单前要看清规格。","近 54 天","基于商品字段生成的拟真模拟评论"
"3c-earbuds-airpods-taobao-2","3c-earbuds-airpods","Apple AirPods Pro 3 USB-C 主动降噪耳机 天猫 618 活动款","3C 数码","无线耳机","天猫 · Apple 品牌天猫官方旗舰店","3c-earbuds-airpods-taobao-2-13","3","negative","售后","退换流程需要按平台规则走，不算特别快。","近 24 天","基于商品字段生成的拟真模拟评论"
"3c-earbuds-airpods-taobao-2","3c-earbuds-airpods","Apple AirPods Pro 3 USB-C 主动降噪耳机 天猫 618 活动款","3C 数码","无线耳机","天猫 · Apple 品牌天猫官方旗舰店","3c-earbuds-airpods-taobao-2-14","5","positive","履约服务","天猫发货信息清楚，预计 2 天送达。","近 20 天","基于商品字段生成的拟真模拟评论"
"3c-earbuds-airpods-taobao-2","3c-earbuds-airpods","Apple AirPods Pro 3 USB-C 主动降噪耳机 天猫 618 活动款","3C 数码","无线耳机","天猫 · Apple 品牌天猫官方旗舰店","3c-earbuds-airpods-taobao-2-15","5","positive","体验","发货速度快，包装也比较完整。","近 83 天","基于商品字段生成的拟真模拟评论"
"3c-earbuds-airpods-taobao-2","3c-earbuds-airpods","Apple AirPods Pro 3 USB-C 主动降噪耳机 天猫 618 活动款","3C 数码","无线耳机","天猫 · Apple 品牌天猫官方旗舰店","3c-earbuds-airpods-taobao-2-16","5","positive","价格","券后价格比线下便宜一些。","近 61 天","基于商品字段生成的拟真模拟评论"
"3c-earbuds-airpods-taobao-2","3c-earbuds-airpods","Apple AirPods Pro 3 USB-C 主动降噪耳机 天猫 618 活动款","3C 数码","无线耳机","天猫 · Apple 品牌天猫官方旗舰店","3c-earbuds-airpods-taobao-2-17","5","positive","降噪连接","连接稳定，地铁和办公室使用时降噪提升明显。","近 51 天","基于商品字段生成的拟真模拟评论"
"3c-earbuds-airpods-taobao-2","3c-earbuds-airpods","Apple AirPods Pro 3 USB-C 主动降噪耳机 天猫 618 活动款","3C 数码","无线耳机","天猫 · Apple 品牌天猫官方旗舰店","3c-earbuds-airpods-taobao-2-18","3","negative","佩戴适配","耳道适配比较看个人，连续佩戴久了会有胀感。","近 50 天","基于商品字段生成的拟真模拟评论"
"3c-earbuds-airpods-taobao-2","3c-earbuds-airpods","Apple AirPods Pro 3 USB-C 主动降噪耳机 天猫 618 活动款","3C 数码","无线耳机","天猫 · Apple 品牌天猫官方旗舰店","3c-earbuds-airpods-taobao-2-19","5","positive","履约服务","7 天无理由，退货运费险，下单前能比较明确地判断售后成本。","近 76 天","基于商品字段生成的拟真模拟评论"
"3c-earbuds-airpods-taobao-2","3c-earbuds-airpods","Apple AirPods Pro 3 USB-C 主动降噪耳机 天猫 618 活动款","3C 数码","无线耳机","天猫 · Apple 品牌天猫官方旗舰店","3c-earbuds-airpods-taobao-2-20","5","positive","体验","实物和页面描述基本一致，整体满意。","近 80 天","基于商品字段生成的拟真模拟评论"
"3c-earbuds-airpods-taobao-2","3c-earbuds-airpods","Apple AirPods Pro 3 USB-C 主动降噪耳机 天猫 618 活动款","3C 数码","无线耳机","天猫 · Apple 品牌天猫官方旗舰店","3c-earbuds-airpods-taobao-2-21","4","positive","价格","活动价入手比较划算，性价比可以。","近 47 天","基于商品字段生成的拟真模拟评论"
"3c-earbuds-airpods-taobao-2","3c-earbuds-airpods","Apple AirPods Pro 3 USB-C 主动降噪耳机 天猫 618 活动款","3C 数码","无线耳机","天猫 · Apple 品牌天猫官方旗舰店","3c-earbuds-airpods-taobao-2-22","5","positive","降噪连接","降噪对通勤低频噪声很有效，设备切换也比较顺。","近 26 天","基于商品字段生成的拟真模拟评论"
"3c-earbuds-airpods-taobao-2","3c-earbuds-airpods","Apple AirPods Pro 3 USB-C 主动降噪耳机 天猫 618 活动款","3C 数码","无线耳机","天猫 · Apple 品牌天猫官方旗舰店","3c-earbuds-airpods-taobao-2-23","2","negative","售后规则","退换仍需按“7 天无理由，退货运费险”执行，拆封或使用前要先确认条件。","近 80 天","基于商品字段生成的拟真模拟评论"
"3c-earbuds-airpods-taobao-2","3c-earbuds-airpods","Apple AirPods Pro 3 USB-C 主动降噪耳机 天猫 618 活动款","3C 数码","无线耳机","天猫 · Apple 品牌天猫官方旗舰店","3c-earbuds-airpods-taobao-2-24","5","positive","履约服务","天猫发货信息清楚，预计 2 天送达。","近 75 天","基于商品字段生成的拟真模拟评论"
"3c-earbuds-airpods-pdd-4","3c-earbuds-airpods","Apple AirPods Pro 3 USB-C 主动降噪耳机 拼多多 618 活动款","3C 数码","无线耳机","拼多多 · Apple 百亿补贴品牌好货店","3c-earbuds-airpods-pdd-4-1","4","positive","体验","实物和页面描述基本一致，整体满意。","近 87 天","基于商品字段生成的拟真模拟评论"
"3c-earbuds-airpods-pdd-4","3c-earbuds-airpods","Apple AirPods Pro 3 USB-C 主动降噪耳机 拼多多 618 活动款","3C 数码","无线耳机","拼多多 · Apple 百亿补贴品牌好货店","3c-earbuds-airpods-pdd-4-2","2","negative","细节","部分细节和预期有差距，下单前要看清规格。","近 15 天","基于商品字段生成的拟真模拟评论"
"3c-earbuds-airpods-pdd-4","3c-earbuds-airpods","Apple AirPods Pro 3 USB-C 主动降噪耳机 拼多多 618 活动款","3C 数码","无线耳机","拼多多 · Apple 百亿补贴品牌好货店","3c-earbuds-airpods-pdd-4-3","5","positive","价格","活动价入手比较划算，性价比可以。","近 16 天","基于商品字段生成的拟真模拟评论"
"3c-earbuds-airpods-pdd-4","3c-earbuds-airpods","Apple AirPods Pro 3 USB-C 主动降噪耳机 拼多多 618 活动款","3C 数码","无线耳机","拼多多 · Apple 百亿补贴品牌好货店","3c-earbuds-airpods-pdd-4-4","4","positive","降噪连接","降噪对通勤低频噪声很有效，设备切换也比较顺。","近 10 天","基于商品字段生成的拟真模拟评论"
"3c-earbuds-airpods-pdd-4","3c-earbuds-airpods","Apple AirPods Pro 3 USB-C 主动降噪耳机 拼多多 618 活动款","3C 数码","无线耳机","拼多多 · Apple 百亿补贴品牌好货店","3c-earbuds-airpods-pdd-4-5","3","negative","售后","退换流程需要按平台规则走，不算特别快。","近 41 天","基于商品字段生成的拟真模拟评论"
"3c-earbuds-airpods-pdd-4","3c-earbuds-airpods","Apple AirPods Pro 3 USB-C 主动降噪耳机 拼多多 618 活动款","3C 数码","无线耳机","拼多多 · Apple 百亿补贴品牌好货店","3c-earbuds-airpods-pdd-4-6","3","negative","佩戴适配","耳道适配比较看个人，连续佩戴久了会有胀感。","近 53 天","基于商品字段生成的拟真模拟评论"
"3c-earbuds-airpods-pdd-4","3c-earbuds-airpods","Apple AirPods Pro 3 USB-C 主动降噪耳机 拼多多 618 活动款","3C 数码","无线耳机","拼多多 · Apple 百亿补贴品牌好货店","3c-earbuds-airpods-pdd-4-7","3","negative","售后规则","退换仍需按“支持退换，需核对激活与拆封规则”执行，拆封或使用前要先确认条件。","近 88 天","基于商品字段生成的拟真模拟评论"
"3c-earbuds-airpods-pdd-4","3c-earbuds-airpods","Apple AirPods Pro 3 USB-C 主动降噪耳机 拼多多 618 活动款","3C 数码","无线耳机","拼多多 · Apple 百亿补贴品牌好货店","3c-earbuds-airpods-pdd-4-8","5","positive","履约服务","拼多多发货信息清楚，预计 3-5 天送达。","近 1 天","基于商品字段生成的拟真模拟评论"
"3c-earbuds-airpods-pdd-4","3c-earbuds-airpods","Apple AirPods Pro 3 USB-C 主动降噪耳机 拼多多 618 活动款","3C 数码","无线耳机","拼多多 · Apple 百亿补贴品牌好货店","3c-earbuds-airpods-pdd-4-9","5","positive","体验","发货速度快，包装也比较完整。","近 29 天","基于商品字段生成的拟真模拟评论"
"3c-earbuds-airpods-pdd-4","3c-earbuds-airpods","Apple AirPods Pro 3 USB-C 主动降噪耳机 拼多多 618 活动款","3C 数码","无线耳机","拼多多 · Apple 百亿补贴品牌好货店","3c-earbuds-airpods-pdd-4-10","4","positive","价格","券后价格比线下便宜一些。","近 43 天","基于商品字段生成的拟真模拟评论"
"3c-earbuds-airpods-pdd-4","3c-earbuds-airpods","Apple AirPods Pro 3 USB-C 主动降噪耳机 拼多多 618 活动款","3C 数码","无线耳机","拼多多 · Apple 百亿补贴品牌好货店","3c-earbuds-airpods-pdd-4-11","5","positive","降噪连接","连接稳定，地铁和办公室使用时降噪提升明显。","近 74 天","基于商品字段生成的拟真模拟评论"
"3c-earbuds-airpods-pdd-4","3c-earbuds-airpods","Apple AirPods Pro 3 USB-C 主动降噪耳机 拼多多 618 活动款","3C 数码","无线耳机","拼多多 · Apple 百亿补贴品牌好货店","3c-earbuds-airpods-pdd-4-12","5","positive","履约服务","支持退换，需核对激活与拆封规则，下单前能比较明确地判断售后成本。","近 53 天","基于商品字段生成的拟真模拟评论"
"3c-earbuds-airpods-pdd-4","3c-earbuds-airpods","Apple AirPods Pro 3 USB-C 主动降噪耳机 拼多多 618 活动款","3C 数码","无线耳机","拼多多 · Apple 百亿补贴品牌好货店","3c-earbuds-airpods-pdd-4-13","5","positive","体验","实物和页面描述基本一致，整体满意。","近 66 天","基于商品字段生成的拟真模拟评论"
"3c-earbuds-airpods-pdd-4","3c-earbuds-airpods","Apple AirPods Pro 3 USB-C 主动降噪耳机 拼多多 618 活动款","3C 数码","无线耳机","拼多多 · Apple 百亿补贴品牌好货店","3c-earbuds-airpods-pdd-4-14","5","positive","价格","活动价入手比较划算，性价比可以。","近 32 天","基于商品字段生成的拟真模拟评论"
"3c-earbuds-airpods-pdd-4","3c-earbuds-airpods","Apple AirPods Pro 3 USB-C 主动降噪耳机 拼多多 618 活动款","3C 数码","无线耳机","拼多多 · Apple 百亿补贴品牌好货店","3c-earbuds-airpods-pdd-4-15","5","positive","降噪连接","降噪对通勤低频噪声很有效，设备切换也比较顺。","近 14 天","基于商品字段生成的拟真模拟评论"
"3c-earbuds-airpods-pdd-4","3c-earbuds-airpods","Apple AirPods Pro 3 USB-C 主动降噪耳机 拼多多 618 活动款","3C 数码","无线耳机","拼多多 · Apple 百亿补贴品牌好货店","3c-earbuds-airpods-pdd-4-16","2","negative","细节","客服解释比较慢，急用要提前确认。","近 37 天","基于商品字段生成的拟真模拟评论"
"3c-earbuds-airpods-pdd-4","3c-earbuds-airpods","Apple AirPods Pro 3 USB-C 主动降噪耳机 拼多多 618 活动款","3C 数码","无线耳机","拼多多 · Apple 百亿补贴品牌好货店","3c-earbuds-airpods-pdd-4-17","5","positive","履约服务","拼多多发货信息清楚，预计 3-5 天送达。","近 74 天","基于商品字段生成的拟真模拟评论"
"3c-earbuds-airpods-pdd-4","3c-earbuds-airpods","Apple AirPods Pro 3 USB-C 主动降噪耳机 拼多多 618 活动款","3C 数码","无线耳机","拼多多 · Apple 百亿补贴品牌好货店","3c-earbuds-airpods-pdd-4-18","5","positive","体验","发货速度快，包装也比较完整。","近 25 天","基于商品字段生成的拟真模拟评论"
"3c-earbuds-airpods-pdd-4","3c-earbuds-airpods","Apple AirPods Pro 3 USB-C 主动降噪耳机 拼多多 618 活动款","3C 数码","无线耳机","拼多多 · Apple 百亿补贴品牌好货店","3c-earbuds-airpods-pdd-4-19","5","positive","价格","券后价格比线下便宜一些。","近 15 天","基于商品字段生成的拟真模拟评论"
"3c-earbuds-airpods-pdd-4","3c-earbuds-airpods","Apple AirPods Pro 3 USB-C 主动降噪耳机 拼多多 618 活动款","3C 数码","无线耳机","拼多多 · Apple 百亿补贴品牌好货店","3c-earbuds-airpods-pdd-4-20","5","positive","降噪连接","连接稳定，地铁和办公室使用时降噪提升明显。","近 59 天","基于商品字段生成的拟真模拟评论"
"3c-earbuds-airpods-pdd-4","3c-earbuds-airpods","Apple AirPods Pro 3 USB-C 主动降噪耳机 拼多多 618 活动款","3C 数码","无线耳机","拼多多 · Apple 百亿补贴品牌好货店","3c-earbuds-airpods-pdd-4-21","4","positive","履约服务","支持退换，需核对激活与拆封规则，下单前能比较明确地判断售后成本。","近 76 天","基于商品字段生成的拟真模拟评论"
"3c-earbuds-airpods-pdd-4","3c-earbuds-airpods","Apple AirPods Pro 3 USB-C 主动降噪耳机 拼多多 618 活动款","3C 数码","无线耳机","拼多多 · Apple 百亿补贴品牌好货店","3c-earbuds-airpods-pdd-4-22","3","negative","售后","赠品和主商品分开发货，等待时间更久。","近 32 天","基于商品字段生成的拟真模拟评论"
"3c-earbuds-airpods-pdd-4","3c-earbuds-airpods","Apple AirPods Pro 3 USB-C 主动降噪耳机 拼多多 618 活动款","3C 数码","无线耳机","拼多多 · Apple 百亿补贴品牌好货店","3c-earbuds-airpods-pdd-4-23","5","positive","体验","实物和页面描述基本一致，整体满意。","近 18 天","基于商品字段生成的拟真模拟评论"
"3c-earbuds-airpods-pdd-4","3c-earbuds-airpods","Apple AirPods Pro 3 USB-C 主动降噪耳机 拼多多 618 活动款","3C 数码","无线耳机","拼多多 · Apple 百亿补贴品牌好货店","3c-earbuds-airpods-pdd-4-24","3","negative","佩戴适配","默认耳塞不一定适合所有人，需要多试几个尺寸。","近 62 天","基于商品字段生成的拟真模拟评论"
"3c-earbuds-airpods-jd-1","3c-earbuds-airpods","Apple AirPods Pro 3 USB-C 主动降噪耳机 京东 618 活动款","3C 数码","无线耳机","京东 · Apple 京东自营旗舰店","3c-earbuds-airpods-jd-1-1","4","positive","体验","实物和页面描述基本一致，整体满意。","近 25 天","基于商品字段生成的拟真模拟评论"
"3c-earbuds-airpods-jd-1","3c-earbuds-airpods","Apple AirPods Pro 3 USB-C 主动降噪耳机 京东 618 活动款","3C 数码","无线耳机","京东 · Apple 京东自营旗舰店","3c-earbuds-airpods-jd-1-2","5","positive","价格","活动价入手比较划算，性价比可以。","近 5 天","基于商品字段生成的拟真模拟评论"
"3c-earbuds-airpods-jd-1","3c-earbuds-airpods","Apple AirPods Pro 3 USB-C 主动降噪耳机 京东 618 活动款","3C 数码","无线耳机","京东 · Apple 京东自营旗舰店","3c-earbuds-airpods-jd-1-3","2","negative","细节","部分细节和预期有差距，下单前要看清规格。","近 84 天","基于商品字段生成的拟真模拟评论"
"3c-earbuds-airpods-jd-1","3c-earbuds-airpods","Apple AirPods Pro 3 USB-C 主动降噪耳机 京东 618 活动款","3C 数码","无线耳机","京东 · Apple 京东自营旗舰店","3c-earbuds-airpods-jd-1-4","4","positive","降噪连接","降噪对通勤低频噪声很有效，设备切换也比较顺。","近 84 天","基于商品字段生成的拟真模拟评论"
"3c-earbuds-airpods-jd-1","3c-earbuds-airpods","Apple AirPods Pro 3 USB-C 主动降噪耳机 京东 618 活动款","3C 数码","无线耳机","京东 · Apple 京东自营旗舰店","3c-earbuds-airpods-jd-1-5","5","positive","履约服务","京东发货信息清楚，次日送达。","近 13 天","基于商品字段生成的拟真模拟评论"
"3c-earbuds-airpods-jd-1","3c-earbuds-airpods","Apple AirPods Pro 3 USB-C 主动降噪耳机 京东 618 活动款","3C 数码","无线耳机","京东 · Apple 京东自营旗舰店","3c-earbuds-airpods-jd-1-6","5","positive","体验","发货速度快，包装也比较完整。","近 79 天","基于商品字段生成的拟真模拟评论"
"3c-earbuds-airpods-jd-1","3c-earbuds-airpods","Apple AirPods Pro 3 USB-C 主动降噪耳机 京东 618 活动款","3C 数码","无线耳机","京东 · Apple 京东自营旗舰店","3c-earbuds-airpods-jd-1-7","5","positive","价格","券后价格比线下便宜一些。","近 12 天","基于商品字段生成的拟真模拟评论"
"3c-earbuds-airpods-jd-1","3c-earbuds-airpods","Apple AirPods Pro 3 USB-C 主动降噪耳机 京东 618 活动款","3C 数码","无线耳机","京东 · Apple 京东自营旗舰店","3c-earbuds-airpods-jd-1-8","5","positive","降噪连接","连接稳定，地铁和办公室使用时降噪提升明显。","近 62 天","基于商品字段生成的拟真模拟评论"
"3c-earbuds-airpods-jd-1","3c-earbuds-airpods","Apple AirPods Pro 3 USB-C 主动降噪耳机 京东 618 活动款","3C 数码","无线耳机","京东 · Apple 京东自营旗舰店","3c-earbuds-airpods-jd-1-9","5","positive","履约服务","7 天无理由，支持上门取件，下单前能比较明确地判断售后成本。","近 68 天","基于商品字段生成的拟真模拟评论"
"3c-earbuds-airpods-jd-1","3c-earbuds-airpods","Apple AirPods Pro 3 USB-C 主动降噪耳机 京东 618 活动款","3C 数码","无线耳机","京东 · Apple 京东自营旗舰店","3c-earbuds-airpods-jd-1-10","5","positive","体验","实物和页面描述基本一致，整体满意。","近 54 天","基于商品字段生成的拟真模拟评论"
"3c-earbuds-airpods-jd-1","3c-earbuds-airpods","Apple AirPods Pro 3 USB-C 主动降噪耳机 京东 618 活动款","3C 数码","无线耳机","京东 · Apple 京东自营旗舰店","3c-earbuds-airpods-jd-1-11","5","positive","价格","活动价入手比较划算，性价比可以。","近 11 天","基于商品字段生成的拟真模拟评论"
"3c-earbuds-airpods-jd-1","3c-earbuds-airpods","Apple AirPods Pro 3 USB-C 主动降噪耳机 京东 618 活动款","3C 数码","无线耳机","京东 · Apple 京东自营旗舰店","3c-earbuds-airpods-jd-1-12","3","negative","售后","退换流程需要按平台规则走，不算特别快。","近 77 天","基于商品字段生成的拟真模拟评论"
"3c-earbuds-airpods-jd-1","3c-earbuds-airpods","Apple AirPods Pro 3 USB-C 主动降噪耳机 京东 618 活动款","3C 数码","无线耳机","京东 · Apple 京东自营旗舰店","3c-earbuds-airpods-jd-1-13","3","negative","佩戴适配","耳道适配比较看个人，连续佩戴久了会有胀感。","近 11 天","基于商品字段生成的拟真模拟评论"
"3c-earbuds-airpods-jd-1","3c-earbuds-airpods","Apple AirPods Pro 3 USB-C 主动降噪耳机 京东 618 活动款","3C 数码","无线耳机","京东 · Apple 京东自营旗舰店","3c-earbuds-airpods-jd-1-14","5","positive","降噪连接","降噪对通勤低频噪声很有效，设备切换也比较顺。","近 53 天","基于商品字段生成的拟真模拟评论"
"3c-earbuds-airpods-jd-1","3c-earbuds-airpods","Apple AirPods Pro 3 USB-C 主动降噪耳机 京东 618 活动款","3C 数码","无线耳机","京东 · Apple 京东自营旗舰店","3c-earbuds-airpods-jd-1-15","5","positive","履约服务","京东发货信息清楚，次日送达。","近 43 天","基于商品字段生成的拟真模拟评论"
"3c-earbuds-airpods-jd-1","3c-earbuds-airpods","Apple AirPods Pro 3 USB-C 主动降噪耳机 京东 618 活动款","3C 数码","无线耳机","京东 · Apple 京东自营旗舰店","3c-earbuds-airpods-jd-1-16","5","positive","体验","发货速度快，包装也比较完整。","近 15 天","基于商品字段生成的拟真模拟评论"
"3c-earbuds-airpods-jd-1","3c-earbuds-airpods","Apple AirPods Pro 3 USB-C 主动降噪耳机 京东 618 活动款","3C 数码","无线耳机","京东 · Apple 京东自营旗舰店","3c-earbuds-airpods-jd-1-17","4","positive","价格","券后价格比线下便宜一些。","近 11 天","基于商品字段生成的拟真模拟评论"
"3c-earbuds-airpods-jd-1","3c-earbuds-airpods","Apple AirPods Pro 3 USB-C 主动降噪耳机 京东 618 活动款","3C 数码","无线耳机","京东 · Apple 京东自营旗舰店","3c-earbuds-airpods-jd-1-18","4","positive","降噪连接","连接稳定，地铁和办公室使用时降噪提升明显。","近 66 天","基于商品字段生成的拟真模拟评论"
"3c-earbuds-airpods-jd-1","3c-earbuds-airpods","Apple AirPods Pro 3 USB-C 主动降噪耳机 京东 618 活动款","3C 数码","无线耳机","京东 · Apple 京东自营旗舰店","3c-earbuds-airpods-jd-1-19","4","positive","履约服务","7 天无理由，支持上门取件，下单前能比较明确地判断售后成本。","近 84 天","基于商品字段生成的拟真模拟评论"
"3c-earbuds-airpods-jd-1","3c-earbuds-airpods","Apple AirPods Pro 3 USB-C 主动降噪耳机 京东 618 活动款","3C 数码","无线耳机","京东 · Apple 京东自营旗舰店","3c-earbuds-airpods-jd-1-20","4","positive","体验","实物和页面描述基本一致，整体满意。","近 13 天","基于商品字段生成的拟真模拟评论"
"3c-earbuds-airpods-jd-1","3c-earbuds-airpods","Apple AirPods Pro 3 USB-C 主动降噪耳机 京东 618 活动款","3C 数码","无线耳机","京东 · Apple 京东自营旗舰店","3c-earbuds-airpods-jd-1-21","2","negative","售后规则","退换仍需按“7 天无理由，支持上门取件”执行，拆封或使用前要先确认条件。","近 61 天","基于商品字段生成的拟真模拟评论"
"3c-earbuds-airpods-jd-1","3c-earbuds-airpods","Apple AirPods Pro 3 USB-C 主动降噪耳机 京东 618 活动款","3C 数码","无线耳机","京东 · Apple 京东自营旗舰店","3c-earbuds-airpods-jd-1-22","5","positive","价格","活动价入手比较划算，性价比可以。","近 5 天","基于商品字段生成的拟真模拟评论"
"3c-earbuds-airpods-jd-1","3c-earbuds-airpods","Apple AirPods Pro 3 USB-C 主动降噪耳机 京东 618 活动款","3C 数码","无线耳机","京东 · Apple 京东自营旗舰店","3c-earbuds-airpods-jd-1-23","5","positive","降噪连接","降噪对通勤低频噪声很有效，设备切换也比较顺。","近 18 天","基于商品字段生成的拟真模拟评论"
"3c-earbuds-airpods-jd-1","3c-earbuds-airpods","Apple AirPods Pro 3 USB-C 主动降噪耳机 京东 618 活动款","3C 数码","无线耳机","京东 · Apple 京东自营旗舰店","3c-earbuds-airpods-jd-1-24","5","positive","履约服务","京东发货信息清楚，次日送达。","近 38 天","基于商品字段生成的拟真模拟评论"
"3c-earbuds-airpods-brand-3","3c-earbuds-airpods","Apple AirPods Pro 3 USB-C 主动降噪耳机 品牌官网 618 活动款","3C 数码","无线耳机","品牌官网 · Apple 品牌官方网站","3c-earbuds-airpods-brand-3-1","4","positive","体验","实物和页面描述基本一致，整体满意。","近 45 天","基于商品字段生成的拟真模拟评论"
"3c-earbuds-airpods-brand-3","3c-earbuds-airpods","Apple AirPods Pro 3 USB-C 主动降噪耳机 品牌官网 618 活动款","3C 数码","无线耳机","品牌官网 · Apple 品牌官方网站","3c-earbuds-airpods-brand-3-2","5","positive","价格","活动价入手比较划算，性价比可以。","近 67 天","基于商品字段生成的拟真模拟评论"
"3c-earbuds-airpods-brand-3","3c-earbuds-airpods","Apple AirPods Pro 3 USB-C 主动降噪耳机 品牌官网 618 活动款","3C 数码","无线耳机","品牌官网 · Apple 品牌官方网站","3c-earbuds-airpods-brand-3-3","4","positive","降噪连接","降噪对通勤低频噪声很有效，设备切换也比较顺。","近 36 天","基于商品字段生成的拟真模拟评论"
"3c-earbuds-airpods-brand-3","3c-earbuds-airpods","Apple AirPods Pro 3 USB-C 主动降噪耳机 品牌官网 618 活动款","3C 数码","无线耳机","品牌官网 · Apple 品牌官方网站","3c-earbuds-airpods-brand-3-4","5","positive","履约服务","品牌官网发货信息清楚，预计 2-3 天送达。","近 33 天","基于商品字段生成的拟真模拟评论"
"3c-earbuds-airpods-brand-3","3c-earbuds-airpods","Apple AirPods Pro 3 USB-C 主动降噪耳机 品牌官网 618 活动款","3C 数码","无线耳机","品牌官网 · Apple 品牌官方网站","3c-earbuds-airpods-brand-3-5","2","negative","细节","部分细节和预期有差距，下单前要看清规格。","近 79 天","基于商品字段生成的拟真模拟评论"
"3c-earbuds-airpods-brand-3","3c-earbuds-airpods","Apple AirPods Pro 3 USB-C 主动降噪耳机 品牌官网 618 活动款","3C 数码","无线耳机","品牌官网 · Apple 品牌官方网站","3c-earbuds-airpods-brand-3-6","5","positive","体验","发货速度快，包装也比较完整。","近 54 天","基于商品字段生成的拟真模拟评论"
"3c-earbuds-airpods-brand-3","3c-earbuds-airpods","Apple AirPods Pro 3 USB-C 主动降噪耳机 品牌官网 618 活动款","3C 数码","无线耳机","品牌官网 · Apple 品牌官方网站","3c-earbuds-airpods-brand-3-7","5","positive","价格","券后价格比线下便宜一些。","近 40 天","基于商品字段生成的拟真模拟评论"
"3c-earbuds-airpods-brand-3","3c-earbuds-airpods","Apple AirPods Pro 3 USB-C 主动降噪耳机 品牌官网 618 活动款","3C 数码","无线耳机","品牌官网 · Apple 品牌官方网站","3c-earbuds-airpods-brand-3-8","5","positive","降噪连接","连接稳定，地铁和办公室使用时降噪提升明显。","近 86 天","基于商品字段生成的拟真模拟评论"
"3c-earbuds-airpods-brand-3","3c-earbuds-airpods","Apple AirPods Pro 3 USB-C 主动降噪耳机 品牌官网 618 活动款","3C 数码","无线耳机","品牌官网 · Apple 品牌官方网站","3c-earbuds-airpods-brand-3-9","2","negative","售后","退换流程需要按平台规则走，不算特别快。","近 5 天","基于商品字段生成的拟真模拟评论"
"3c-earbuds-airpods-brand-3","3c-earbuds-airpods","Apple AirPods Pro 3 USB-C 主动降噪耳机 品牌官网 618 活动款","3C 数码","无线耳机","品牌官网 · Apple 品牌官方网站","3c-earbuds-airpods-brand-3-10","5","positive","履约服务","官方 7 天退换政策，下单前能比较明确地判断售后成本。","近 86 天","基于商品字段生成的拟真模拟评论"
"3c-earbuds-airpods-brand-3","3c-earbuds-airpods","Apple AirPods Pro 3 USB-C 主动降噪耳机 品牌官网 618 活动款","3C 数码","无线耳机","品牌官网 · Apple 品牌官方网站","3c-earbuds-airpods-brand-3-11","5","positive","体验","实物和页面描述基本一致，整体满意。","近 87 天","基于商品字段生成的拟真模拟评论"
"3c-earbuds-airpods-brand-3","3c-earbuds-airpods","Apple AirPods Pro 3 USB-C 主动降噪耳机 品牌官网 618 活动款","3C 数码","无线耳机","品牌官网 · Apple 品牌官方网站","3c-earbuds-airpods-brand-3-12","5","positive","价格","活动价入手比较划算，性价比可以。","近 11 天","基于商品字段生成的拟真模拟评论"
"3c-earbuds-airpods-brand-3","3c-earbuds-airpods","Apple AirPods Pro 3 USB-C 主动降噪耳机 品牌官网 618 活动款","3C 数码","无线耳机","品牌官网 · Apple 品牌官方网站","3c-earbuds-airpods-brand-3-13","5","positive","降噪连接","降噪对通勤低频噪声很有效，设备切换也比较顺。","近 52 天","基于商品字段生成的拟真模拟评论"
"3c-earbuds-airpods-brand-3","3c-earbuds-airpods","Apple AirPods Pro 3 USB-C 主动降噪耳机 品牌官网 618 活动款","3C 数码","无线耳机","品牌官网 · Apple 品牌官方网站","3c-earbuds-airpods-brand-3-14","5","positive","履约服务","品牌官网发货信息清楚，预计 2-3 天送达。","近 36 天","基于商品字段生成的拟真模拟评论"
"3c-earbuds-airpods-brand-3","3c-earbuds-airpods","Apple AirPods Pro 3 USB-C 主动降噪耳机 品牌官网 618 活动款","3C 数码","无线耳机","品牌官网 · Apple 品牌官方网站","3c-earbuds-airpods-brand-3-15","5","positive","体验","发货速度快，包装也比较完整。","近 59 天","基于商品字段生成的拟真模拟评论"
"3c-earbuds-airpods-brand-3","3c-earbuds-airpods","Apple AirPods Pro 3 USB-C 主动降噪耳机 品牌官网 618 活动款","3C 数码","无线耳机","品牌官网 · Apple 品牌官方网站","3c-earbuds-airpods-brand-3-16","3","negative","佩戴适配","耳道适配比较看个人，连续佩戴久了会有胀感。","近 35 天","基于商品字段生成的拟真模拟评论"
"3c-earbuds-airpods-brand-3","3c-earbuds-airpods","Apple AirPods Pro 3 USB-C 主动降噪耳机 品牌官网 618 活动款","3C 数码","无线耳机","品牌官网 · Apple 品牌官方网站","3c-earbuds-airpods-brand-3-17","4","positive","价格","券后价格比线下便宜一些。","近 37 天","基于商品字段生成的拟真模拟评论"
"3c-earbuds-airpods-brand-3","3c-earbuds-airpods","Apple AirPods Pro 3 USB-C 主动降噪耳机 品牌官网 618 活动款","3C 数码","无线耳机","品牌官网 · Apple 品牌官方网站","3c-earbuds-airpods-brand-3-18","5","positive","降噪连接","连接稳定，地铁和办公室使用时降噪提升明显。","近 38 天","基于商品字段生成的拟真模拟评论"
"3c-earbuds-airpods-brand-3","3c-earbuds-airpods","Apple AirPods Pro 3 USB-C 主动降噪耳机 品牌官网 618 活动款","3C 数码","无线耳机","品牌官网 · Apple 品牌官方网站","3c-earbuds-airpods-brand-3-19","5","positive","履约服务","官方 7 天退换政策，下单前能比较明确地判断售后成本。","近 60 天","基于商品字段生成的拟真模拟评论"
"3c-earbuds-airpods-brand-3","3c-earbuds-airpods","Apple AirPods Pro 3 USB-C 主动降噪耳机 品牌官网 618 活动款","3C 数码","无线耳机","品牌官网 · Apple 品牌官方网站","3c-earbuds-airpods-brand-3-20","4","positive","体验","实物和页面描述基本一致，整体满意。","近 14 天","基于商品字段生成的拟真模拟评论"
"3c-earbuds-airpods-brand-3","3c-earbuds-airpods","Apple AirPods Pro 3 USB-C 主动降噪耳机 品牌官网 618 活动款","3C 数码","无线耳机","品牌官网 · Apple 品牌官方网站","3c-earbuds-airpods-brand-3-21","5","positive","价格","活动价入手比较划算，性价比可以。","近 57 天","基于商品字段生成的拟真模拟评论"
"3c-earbuds-airpods-brand-3","3c-earbuds-airpods","Apple AirPods Pro 3 USB-C 主动降噪耳机 品牌官网 618 活动款","3C 数码","无线耳机","品牌官网 · Apple 品牌官方网站","3c-earbuds-airpods-brand-3-22","5","positive","降噪连接","降噪对通勤低频噪声很有效，设备切换也比较顺。","近 73 天","基于商品字段生成的拟真模拟评论"
"3c-earbuds-airpods-brand-3","3c-earbuds-airpods","Apple AirPods Pro 3 USB-C 主动降噪耳机 品牌官网 618 活动款","3C 数码","无线耳机","品牌官网 · Apple 品牌官方网站","3c-earbuds-airpods-brand-3-23","3","negative","售后规则","退换仍需按“官方 7 天退换政策”执行，拆封或使用前要先确认条件。","近 30 天","基于商品字段生成的拟真模拟评论"
"3c-earbuds-airpods-brand-3","3c-earbuds-airpods","Apple AirPods Pro 3 USB-C 主动降噪耳机 品牌官网 618 活动款","3C 数码","无线耳机","品牌官网 · Apple 品牌官方网站","3c-earbuds-airpods-brand-3-24","5","positive","履约服务","品牌官网发货信息清楚，预计 2-3 天送达。","近 67 天","基于商品字段生成的拟真模拟评论"
"3c-earbuds-airpods-amazon-5","3c-earbuds-airpods","Apple AirPods Pro 3 USB-C 主动降噪耳机 亚马逊 618 活动款","3C 数码","无线耳机","亚马逊 · Apple Amazon Global Store","3c-earbuds-airpods-amazon-5-1","5","positive","体验","实物和页面描述基本一致，整体满意。","近 11 天","基于商品字段生成的拟真模拟评论"
"3c-earbuds-airpods-amazon-5","3c-earbuds-airpods","Apple AirPods Pro 3 USB-C 主动降噪耳机 亚马逊 618 活动款","3C 数码","无线耳机","亚马逊 · Apple Amazon Global Store","3c-earbuds-airpods-amazon-5-2","4","positive","价格","活动价入手比较划算，性价比可以。","近 10 天","基于商品字段生成的拟真模拟评论"
"3c-earbuds-airpods-amazon-5","3c-earbuds-airpods","Apple AirPods Pro 3 USB-C 主动降噪耳机 亚马逊 618 活动款","3C 数码","无线耳机","亚马逊 · Apple Amazon Global Store","3c-earbuds-airpods-amazon-5-3","5","positive","降噪连接","降噪对通勤低频噪声很有效，设备切换也比较顺。","近 2 天","基于商品字段生成的拟真模拟评论"
"3c-earbuds-airpods-amazon-5","3c-earbuds-airpods","Apple AirPods Pro 3 USB-C 主动降噪耳机 亚马逊 618 活动款","3C 数码","无线耳机","亚马逊 · Apple Amazon Global Store","3c-earbuds-airpods-amazon-5-4","2","negative","细节","部分细节和预期有差距，下单前要看清规格。","近 58 天","基于商品字段生成的拟真模拟评论"
"3c-earbuds-airpods-amazon-5","3c-earbuds-airpods","Apple AirPods Pro 3 USB-C 主动降噪耳机 亚马逊 618 活动款","3C 数码","无线耳机","亚马逊 · Apple Amazon Global Store","3c-earbuds-airpods-amazon-5-5","4","positive","履约服务","亚马逊发货信息清楚，预计 7-12 天送达。","近 83 天","基于商品字段生成的拟真模拟评论"
"3c-earbuds-airpods-amazon-5","3c-earbuds-airpods","Apple AirPods Pro 3 USB-C 主动降噪耳机 亚马逊 618 活动款","3C 数码","无线耳机","亚马逊 · Apple Amazon Global Store","3c-earbuds-airpods-amazon-5-6","2","negative","售后","退换流程需要按平台规则走，不算特别快。","近 24 天","基于商品字段生成的拟真模拟评论"
"3c-earbuds-airpods-amazon-5","3c-earbuds-airpods","Apple AirPods Pro 3 USB-C 主动降噪耳机 亚马逊 618 活动款","3C 数码","无线耳机","亚马逊 · Apple Amazon Global Store","3c-earbuds-airpods-amazon-5-7","3","negative","佩戴适配","耳道适配比较看个人，连续佩戴久了会有胀感。","近 62 天","基于商品字段生成的拟真模拟评论"
"3c-earbuds-airpods-amazon-5","3c-earbuds-airpods","Apple AirPods Pro 3 USB-C 主动降噪耳机 亚马逊 618 活动款","3C 数码","无线耳机","亚马逊 · Apple Amazon Global Store","3c-earbuds-airpods-amazon-5-8","5","positive","体验","发货速度快，包装也比较完整。","近 64 天","基于商品字段生成的拟真模拟评论"
"3c-earbuds-airpods-amazon-5","3c-earbuds-airpods","Apple AirPods Pro 3 USB-C 主动降噪耳机 亚马逊 618 活动款","3C 数码","无线耳机","亚马逊 · Apple Amazon Global Store","3c-earbuds-airpods-amazon-5-9","5","positive","价格","券后价格比线下便宜一些。","近 38 天","基于商品字段生成的拟真模拟评论"
"3c-earbuds-airpods-amazon-5","3c-earbuds-airpods","Apple AirPods Pro 3 USB-C 主动降噪耳机 亚马逊 618 活动款","3C 数码","无线耳机","亚马逊 · Apple Amazon Global Store","3c-earbuds-airpods-amazon-5-10","5","positive","降噪连接","连接稳定，地铁和办公室使用时降噪提升明显。","近 71 天","基于商品字段生成的拟真模拟评论"
"3c-earbuds-airpods-amazon-5","3c-earbuds-airpods","Apple AirPods Pro 3 USB-C 主动降噪耳机 亚马逊 618 活动款","3C 数码","无线耳机","亚马逊 · Apple Amazon Global Store","3c-earbuds-airpods-amazon-5-11","5","positive","履约服务","跨境退货，费用按页面规则，下单前能比较明确地判断售后成本。","近 35 天","基于商品字段生成的拟真模拟评论"
"3c-earbuds-airpods-amazon-5","3c-earbuds-airpods","Apple AirPods Pro 3 USB-C 主动降噪耳机 亚马逊 618 活动款","3C 数码","无线耳机","亚马逊 · Apple Amazon Global Store","3c-earbuds-airpods-amazon-5-12","5","positive","体验","实物和页面描述基本一致，整体满意。","近 40 天","基于商品字段生成的拟真模拟评论"
"3c-earbuds-airpods-amazon-5","3c-earbuds-airpods","Apple AirPods Pro 3 USB-C 主动降噪耳机 亚马逊 618 活动款","3C 数码","无线耳机","亚马逊 · Apple Amazon Global Store","3c-earbuds-airpods-amazon-5-13","5","positive","价格","活动价入手比较划算，性价比可以。","近 18 天","基于商品字段生成的拟真模拟评论"
"3c-earbuds-airpods-amazon-5","3c-earbuds-airpods","Apple AirPods Pro 3 USB-C 主动降噪耳机 亚马逊 618 活动款","3C 数码","无线耳机","亚马逊 · Apple Amazon Global Store","3c-earbuds-airpods-amazon-5-14","3","negative","售后规则","退换仍需按“跨境退货，费用按页面规则”执行，拆封或使用前要先确认条件。","近 46 天","基于商品字段生成的拟真模拟评论"
"3c-earbuds-airpods-amazon-5","3c-earbuds-airpods","Apple AirPods Pro 3 USB-C 主动降噪耳机 亚马逊 618 活动款","3C 数码","无线耳机","亚马逊 · Apple Amazon Global Store","3c-earbuds-airpods-amazon-5-15","5","positive","降噪连接","降噪对通勤低频噪声很有效，设备切换也比较顺。","近 1 天","基于商品字段生成的拟真模拟评论"
"3c-earbuds-airpods-amazon-5","3c-earbuds-airpods","Apple AirPods Pro 3 USB-C 主动降噪耳机 亚马逊 618 活动款","3C 数码","无线耳机","亚马逊 · Apple Amazon Global Store","3c-earbuds-airpods-amazon-5-16","5","positive","履约服务","亚马逊发货信息清楚，预计 7-12 天送达。","近 12 天","基于商品字段生成的拟真模拟评论"
"3c-earbuds-airpods-amazon-5","3c-earbuds-airpods","Apple AirPods Pro 3 USB-C 主动降噪耳机 亚马逊 618 活动款","3C 数码","无线耳机","亚马逊 · Apple Amazon Global Store","3c-earbuds-airpods-amazon-5-17","5","positive","体验","发货速度快，包装也比较完整。","近 5 天","基于商品字段生成的拟真模拟评论"
"3c-earbuds-airpods-amazon-5","3c-earbuds-airpods","Apple AirPods Pro 3 USB-C 主动降噪耳机 亚马逊 618 活动款","3C 数码","无线耳机","亚马逊 · Apple Amazon Global Store","3c-earbuds-airpods-amazon-5-18","5","positive","价格","券后价格比线下便宜一些。","近 82 天","基于商品字段生成的拟真模拟评论"
"3c-earbuds-airpods-amazon-5","3c-earbuds-airpods","Apple AirPods Pro 3 USB-C 主动降噪耳机 亚马逊 618 活动款","3C 数码","无线耳机","亚马逊 · Apple Amazon Global Store","3c-earbuds-airpods-amazon-5-19","4","positive","降噪连接","连接稳定，地铁和办公室使用时降噪提升明显。","近 49 天","基于商品字段生成的拟真模拟评论"
"3c-earbuds-airpods-amazon-5","3c-earbuds-airpods","Apple AirPods Pro 3 USB-C 主动降噪耳机 亚马逊 618 活动款","3C 数码","无线耳机","亚马逊 · Apple Amazon Global Store","3c-earbuds-airpods-amazon-5-20","4","positive","履约服务","跨境退货，费用按页面规则，下单前能比较明确地判断售后成本。","近 83 天","基于商品字段生成的拟真模拟评论"
"3c-earbuds-airpods-amazon-5","3c-earbuds-airpods","Apple AirPods Pro 3 USB-C 主动降噪耳机 亚马逊 618 活动款","3C 数码","无线耳机","亚马逊 · Apple Amazon Global Store","3c-earbuds-airpods-amazon-5-21","4","positive","体验","实物和页面描述基本一致，整体满意。","近 60 天","基于商品字段生成的拟真模拟评论"
"3c-earbuds-airpods-amazon-5","3c-earbuds-airpods","Apple AirPods Pro 3 USB-C 主动降噪耳机 亚马逊 618 活动款","3C 数码","无线耳机","亚马逊 · Apple Amazon Global Store","3c-earbuds-airpods-amazon-5-22","4","positive","价格","活动价入手比较划算，性价比可以。","近 87 天","基于商品字段生成的拟真模拟评论"
"3c-earbuds-airpods-amazon-5","3c-earbuds-airpods","Apple AirPods Pro 3 USB-C 主动降噪耳机 亚马逊 618 活动款","3C 数码","无线耳机","亚马逊 · Apple Amazon Global Store","3c-earbuds-airpods-amazon-5-23","5","positive","降噪连接","降噪对通勤低频噪声很有效，设备切换也比较顺。","近 5 天","基于商品字段生成的拟真模拟评论"
"3c-earbuds-airpods-amazon-5","3c-earbuds-airpods","Apple AirPods Pro 3 USB-C 主动降噪耳机 亚马逊 618 活动款","3C 数码","无线耳机","亚马逊 · Apple Amazon Global Store","3c-earbuds-airpods-amazon-5-24","2","negative","细节","客服解释比较慢，急用要提前确认。","近 48 天","基于商品字段生成的拟真模拟评论"
"3c-tablet-ipad-air-taobao-2","3c-tablet-ipad-air","Apple iPad Air 11 英寸 M4 256GB 天猫 618 活动款","3C 数码","平板电脑","天猫 · Apple 品牌天猫官方旗舰店","3c-tablet-ipad-air-taobao-2-1","4","positive","体验","实物和页面描述基本一致，整体满意。","近 85 天","基于商品字段生成的拟真模拟评论"
"3c-tablet-ipad-air-taobao-2","3c-tablet-ipad-air","Apple iPad Air 11 英寸 M4 256GB 天猫 618 活动款","3C 数码","平板电脑","天猫 · Apple 品牌天猫官方旗舰店","3c-tablet-ipad-air-taobao-2-2","5","positive","价格","活动价入手比较划算，性价比可以。","近 62 天","基于商品字段生成的拟真模拟评论"
"3c-tablet-ipad-air-taobao-2","3c-tablet-ipad-air","Apple iPad Air 11 英寸 M4 256GB 天猫 618 活动款","3C 数码","平板电脑","天猫 · Apple 品牌天猫官方旗舰店","3c-tablet-ipad-air-taobao-2-3","3","negative","细节","部分细节和预期有差距，下单前要看清规格。","近 77 天","基于商品字段生成的拟真模拟评论"
"3c-tablet-ipad-air-taobao-2","3c-tablet-ipad-air","Apple iPad Air 11 英寸 M4 256GB 天猫 618 活动款","3C 数码","平板电脑","天猫 · Apple 品牌天猫官方旗舰店","3c-tablet-ipad-air-taobao-2-4","4","positive","屏幕体验","屏幕观感细腻，记笔记、看文档和轻度修图都舒服。","近 40 天","基于商品字段生成的拟真模拟评论"
"3c-tablet-ipad-air-taobao-2","3c-tablet-ipad-air","Apple iPad Air 11 英寸 M4 256GB 天猫 618 活动款","3C 数码","平板电脑","天猫 · Apple 品牌天猫官方旗舰店","3c-tablet-ipad-air-taobao-2-5","5","positive","履约服务","天猫发货信息清楚，预计 2 天送达。","近 1 天","基于商品字段生成的拟真模拟评论"
"3c-tablet-ipad-air-taobao-2","3c-tablet-ipad-air","Apple iPad Air 11 英寸 M4 256GB 天猫 618 活动款","3C 数码","平板电脑","天猫 · Apple 品牌天猫官方旗舰店","3c-tablet-ipad-air-taobao-2-6","5","positive","体验","发货速度快，包装也比较完整。","近 4 天","基于商品字段生成的拟真模拟评论"
"3c-tablet-ipad-air-taobao-2","3c-tablet-ipad-air","Apple iPad Air 11 英寸 M4 256GB 天猫 618 活动款","3C 数码","平板电脑","天猫 · Apple 品牌天猫官方旗舰店","3c-tablet-ipad-air-taobao-2-7","4","positive","价格","券后价格比线下便宜一些。","近 18 天","基于商品字段生成的拟真模拟评论"
"3c-tablet-ipad-air-taobao-2","3c-tablet-ipad-air","Apple iPad Air 11 英寸 M4 256GB 天猫 618 活动款","3C 数码","平板电脑","天猫 · Apple 品牌天猫官方旗舰店","3c-tablet-ipad-air-taobao-2-8","4","positive","屏幕体验","尺寸适合随身携带，分屏处理资料也比较方便。","近 48 天","基于商品字段生成的拟真模拟评论"
"3c-tablet-ipad-air-taobao-2","3c-tablet-ipad-air","Apple iPad Air 11 英寸 M4 256GB 天猫 618 活动款","3C 数码","平板电脑","天猫 · Apple 品牌天猫官方旗舰店","3c-tablet-ipad-air-taobao-2-9","4","positive","履约服务","7 天无理由，退货运费险，下单前能比较明确地判断售后成本。","近 86 天","基于商品字段生成的拟真模拟评论"
"3c-tablet-ipad-air-taobao-2","3c-tablet-ipad-air","Apple iPad Air 11 英寸 M4 256GB 天猫 618 活动款","3C 数码","平板电脑","天猫 · Apple 品牌天猫官方旗舰店","3c-tablet-ipad-air-taobao-2-10","3","negative","售后","退换流程需要按平台规则走，不算特别快。","近 65 天","基于商品字段生成的拟真模拟评论"
"3c-tablet-ipad-air-taobao-2","3c-tablet-ipad-air","Apple iPad Air 11 英寸 M4 256GB 天猫 618 活动款","3C 数码","平板电脑","天猫 · Apple 品牌天猫官方旗舰店","3c-tablet-ipad-air-taobao-2-11","5","positive","体验","实物和页面描述基本一致，整体满意。","近 83 天","基于商品字段生成的拟真模拟评论"
"3c-tablet-ipad-air-taobao-2","3c-tablet-ipad-air","Apple iPad Air 11 英寸 M4 256GB 天猫 618 活动款","3C 数码","平板电脑","天猫 · Apple 品牌天猫官方旗舰店","3c-tablet-ipad-air-taobao-2-12","3","negative","配件成本","键盘和手写笔需要另外购买，整套预算会明显增加。","近 51 天","基于商品字段生成的拟真模拟评论"
"3c-tablet-ipad-air-taobao-2","3c-tablet-ipad-air","Apple iPad Air 11 英寸 M4 256GB 天猫 618 活动款","3C 数码","平板电脑","天猫 · Apple 品牌天猫官方旗舰店","3c-tablet-ipad-air-taobao-2-13","5","positive","价格","活动价入手比较划算，性价比可以。","近 53 天","基于商品字段生成的拟真模拟评论"
"3c-tablet-ipad-air-taobao-2","3c-tablet-ipad-air","Apple iPad Air 11 英寸 M4 256GB 天猫 618 活动款","3C 数码","平板电脑","天猫 · Apple 品牌天猫官方旗舰店","3c-tablet-ipad-air-taobao-2-14","3","negative","售后规则","退换仍需按“7 天无理由，退货运费险”执行，拆封或使用前要先确认条件。","近 45 天","基于商品字段生成的拟真模拟评论"
"3c-tablet-ipad-air-taobao-2","3c-tablet-ipad-air","Apple iPad Air 11 英寸 M4 256GB 天猫 618 活动款","3C 数码","平板电脑","天猫 · Apple 品牌天猫官方旗舰店","3c-tablet-ipad-air-taobao-2-15","5","positive","屏幕体验","屏幕观感细腻，记笔记、看文档和轻度修图都舒服。","近 13 天","基于商品字段生成的拟真模拟评论"
"3c-tablet-ipad-air-taobao-2","3c-tablet-ipad-air","Apple iPad Air 11 英寸 M4 256GB 天猫 618 活动款","3C 数码","平板电脑","天猫 · Apple 品牌天猫官方旗舰店","3c-tablet-ipad-air-taobao-2-16","5","positive","履约服务","天猫发货信息清楚，预计 2 天送达。","近 10 天","基于商品字段生成的拟真模拟评论"
"3c-tablet-ipad-air-taobao-2","3c-tablet-ipad-air","Apple iPad Air 11 英寸 M4 256GB 天猫 618 活动款","3C 数码","平板电脑","天猫 · Apple 品牌天猫官方旗舰店","3c-tablet-ipad-air-taobao-2-17","5","positive","体验","发货速度快，包装也比较完整。","近 2 天","基于商品字段生成的拟真模拟评论"
"3c-tablet-ipad-air-taobao-2","3c-tablet-ipad-air","Apple iPad Air 11 英寸 M4 256GB 天猫 618 活动款","3C 数码","平板电脑","天猫 · Apple 品牌天猫官方旗舰店","3c-tablet-ipad-air-taobao-2-18","5","positive","价格","券后价格比线下便宜一些。","近 2 天","基于商品字段生成的拟真模拟评论"
"3c-tablet-ipad-air-taobao-2","3c-tablet-ipad-air","Apple iPad Air 11 英寸 M4 256GB 天猫 618 活动款","3C 数码","平板电脑","天猫 · Apple 品牌天猫官方旗舰店","3c-tablet-ipad-air-taobao-2-19","5","positive","屏幕体验","尺寸适合随身携带，分屏处理资料也比较方便。","近 55 天","基于商品字段生成的拟真模拟评论"
"3c-tablet-ipad-air-taobao-2","3c-tablet-ipad-air","Apple iPad Air 11 英寸 M4 256GB 天猫 618 活动款","3C 数码","平板电脑","天猫 · Apple 品牌天猫官方旗舰店","3c-tablet-ipad-air-taobao-2-20","5","positive","履约服务","7 天无理由，退货运费险，下单前能比较明确地判断售后成本。","近 5 天","基于商品字段生成的拟真模拟评论"
"3c-tablet-ipad-air-taobao-2","3c-tablet-ipad-air","Apple iPad Air 11 英寸 M4 256GB 天猫 618 活动款","3C 数码","平板电脑","天猫 · Apple 品牌天猫官方旗舰店","3c-tablet-ipad-air-taobao-2-21","5","positive","体验","实物和页面描述基本一致，整体满意。","近 60 天","基于商品字段生成的拟真模拟评论"
"3c-tablet-ipad-air-taobao-2","3c-tablet-ipad-air","Apple iPad Air 11 英寸 M4 256GB 天猫 618 活动款","3C 数码","平板电脑","天猫 · Apple 品牌天猫官方旗舰店","3c-tablet-ipad-air-taobao-2-22","4","positive","价格","活动价入手比较划算，性价比可以。","近 66 天","基于商品字段生成的拟真模拟评论"
"3c-tablet-ipad-air-taobao-2","3c-tablet-ipad-air","Apple iPad Air 11 英寸 M4 256GB 天猫 618 活动款","3C 数码","平板电脑","天猫 · Apple 品牌天猫官方旗舰店","3c-tablet-ipad-air-taobao-2-23","5","positive","屏幕体验","屏幕观感细腻，记笔记、看文档和轻度修图都舒服。","近 44 天","基于商品字段生成的拟真模拟评论"
"3c-tablet-ipad-air-taobao-2","3c-tablet-ipad-air","Apple iPad Air 11 英寸 M4 256GB 天猫 618 活动款","3C 数码","平板电脑","天猫 · Apple 品牌天猫官方旗舰店","3c-tablet-ipad-air-taobao-2-24","4","positive","履约服务","天猫发货信息清楚，预计 2 天送达。","近 73 天","基于商品字段生成的拟真模拟评论"
"3c-tablet-ipad-air-pdd-4","3c-tablet-ipad-air","Apple iPad Air 11 英寸 M4 256GB 拼多多 618 活动款","3C 数码","平板电脑","拼多多 · Apple 百亿补贴品牌好货店","3c-tablet-ipad-air-pdd-4-1","5","positive","体验","实物和页面描述基本一致，整体满意。","近 52 天","基于商品字段生成的拟真模拟评论"
"3c-tablet-ipad-air-pdd-4","3c-tablet-ipad-air","Apple iPad Air 11 英寸 M4 256GB 拼多多 618 活动款","3C 数码","平板电脑","拼多多 · Apple 百亿补贴品牌好货店","3c-tablet-ipad-air-pdd-4-2","5","positive","价格","活动价入手比较划算，性价比可以。","近 71 天","基于商品字段生成的拟真模拟评论"
"3c-tablet-ipad-air-pdd-4","3c-tablet-ipad-air","Apple iPad Air 11 英寸 M4 256GB 拼多多 618 活动款","3C 数码","平板电脑","拼多多 · Apple 百亿补贴品牌好货店","3c-tablet-ipad-air-pdd-4-3","2","negative","细节","部分细节和预期有差距，下单前要看清规格。","近 27 天","基于商品字段生成的拟真模拟评论"
"3c-tablet-ipad-air-pdd-4","3c-tablet-ipad-air","Apple iPad Air 11 英寸 M4 256GB 拼多多 618 活动款","3C 数码","平板电脑","拼多多 · Apple 百亿补贴品牌好货店","3c-tablet-ipad-air-pdd-4-4","5","positive","屏幕体验","屏幕观感细腻，记笔记、看文档和轻度修图都舒服。","近 1 天","基于商品字段生成的拟真模拟评论"
"3c-tablet-ipad-air-pdd-4","3c-tablet-ipad-air","Apple iPad Air 11 英寸 M4 256GB 拼多多 618 活动款","3C 数码","平板电脑","拼多多 · Apple 百亿补贴品牌好货店","3c-tablet-ipad-air-pdd-4-5","5","positive","履约服务","拼多多发货信息清楚，预计 3-5 天送达。","近 22 天","基于商品字段生成的拟真模拟评论"
"3c-tablet-ipad-air-pdd-4","3c-tablet-ipad-air","Apple iPad Air 11 英寸 M4 256GB 拼多多 618 活动款","3C 数码","平板电脑","拼多多 · Apple 百亿补贴品牌好货店","3c-tablet-ipad-air-pdd-4-6","5","positive","体验","发货速度快，包装也比较完整。","近 24 天","基于商品字段生成的拟真模拟评论"
"3c-tablet-ipad-air-pdd-4","3c-tablet-ipad-air","Apple iPad Air 11 英寸 M4 256GB 拼多多 618 活动款","3C 数码","平板电脑","拼多多 · Apple 百亿补贴品牌好货店","3c-tablet-ipad-air-pdd-4-7","3","negative","售后","退换流程需要按平台规则走，不算特别快。","近 82 天","基于商品字段生成的拟真模拟评论"
"3c-tablet-ipad-air-pdd-4","3c-tablet-ipad-air","Apple iPad Air 11 英寸 M4 256GB 拼多多 618 活动款","3C 数码","平板电脑","拼多多 · Apple 百亿补贴品牌好货店","3c-tablet-ipad-air-pdd-4-8","5","positive","价格","券后价格比线下便宜一些。","近 57 天","基于商品字段生成的拟真模拟评论"
"3c-tablet-ipad-air-pdd-4","3c-tablet-ipad-air","Apple iPad Air 11 英寸 M4 256GB 拼多多 618 活动款","3C 数码","平板电脑","拼多多 · Apple 百亿补贴品牌好货店","3c-tablet-ipad-air-pdd-4-9","5","positive","屏幕体验","尺寸适合随身携带，分屏处理资料也比较方便。","近 66 天","基于商品字段生成的拟真模拟评论"
"3c-tablet-ipad-air-pdd-4","3c-tablet-ipad-air","Apple iPad Air 11 英寸 M4 256GB 拼多多 618 活动款","3C 数码","平板电脑","拼多多 · Apple 百亿补贴品牌好货店","3c-tablet-ipad-air-pdd-4-10","5","positive","履约服务","支持退换，需核对激活与拆封规则，下单前能比较明确地判断售后成本。","近 49 天","基于商品字段生成的拟真模拟评论"
"3c-tablet-ipad-air-pdd-4","3c-tablet-ipad-air","Apple iPad Air 11 英寸 M4 256GB 拼多多 618 活动款","3C 数码","平板电脑","拼多多 · Apple 百亿补贴品牌好货店","3c-tablet-ipad-air-pdd-4-11","3","negative","配件成本","键盘和手写笔需要另外购买，整套预算会明显增加。","近 27 天","基于商品字段生成的拟真模拟评论"
"3c-tablet-ipad-air-pdd-4","3c-tablet-ipad-air","Apple iPad Air 11 英寸 M4 256GB 拼多多 618 活动款","3C 数码","平板电脑","拼多多 · Apple 百亿补贴品牌好货店","3c-tablet-ipad-air-pdd-4-12","3","negative","售后规则","退换仍需按“支持退换，需核对激活与拆封规则”执行，拆封或使用前要先确认条件。","近 5 天","基于商品字段生成的拟真模拟评论"
"3c-tablet-ipad-air-pdd-4","3c-tablet-ipad-air","Apple iPad Air 11 英寸 M4 256GB 拼多多 618 活动款","3C 数码","平板电脑","拼多多 · Apple 百亿补贴品牌好货店","3c-tablet-ipad-air-pdd-4-13","4","positive","体验","实物和页面描述基本一致，整体满意。","近 11 天","基于商品字段生成的拟真模拟评论"
"3c-tablet-ipad-air-pdd-4","3c-tablet-ipad-air","Apple iPad Air 11 英寸 M4 256GB 拼多多 618 活动款","3C 数码","平板电脑","拼多多 · Apple 百亿补贴品牌好货店","3c-tablet-ipad-air-pdd-4-14","5","positive","价格","活动价入手比较划算，性价比可以。","近 3 天","基于商品字段生成的拟真模拟评论"
"3c-tablet-ipad-air-pdd-4","3c-tablet-ipad-air","Apple iPad Air 11 英寸 M4 256GB 拼多多 618 活动款","3C 数码","平板电脑","拼多多 · Apple 百亿补贴品牌好货店","3c-tablet-ipad-air-pdd-4-15","5","positive","屏幕体验","屏幕观感细腻，记笔记、看文档和轻度修图都舒服。","近 72 天","基于商品字段生成的拟真模拟评论"
"3c-tablet-ipad-air-pdd-4","3c-tablet-ipad-air","Apple iPad Air 11 英寸 M4 256GB 拼多多 618 活动款","3C 数码","平板电脑","拼多多 · Apple 百亿补贴品牌好货店","3c-tablet-ipad-air-pdd-4-16","3","negative","细节","客服解释比较慢，急用要提前确认。","近 78 天","基于商品字段生成的拟真模拟评论"
"3c-tablet-ipad-air-pdd-4","3c-tablet-ipad-air","Apple iPad Air 11 英寸 M4 256GB 拼多多 618 活动款","3C 数码","平板电脑","拼多多 · Apple 百亿补贴品牌好货店","3c-tablet-ipad-air-pdd-4-17","2","negative","售后","赠品和主商品分开发货，等待时间更久。","近 57 天","基于商品字段生成的拟真模拟评论"
"3c-tablet-ipad-air-pdd-4","3c-tablet-ipad-air","Apple iPad Air 11 英寸 M4 256GB 拼多多 618 活动款","3C 数码","平板电脑","拼多多 · Apple 百亿补贴品牌好货店","3c-tablet-ipad-air-pdd-4-18","4","positive","履约服务","拼多多发货信息清楚，预计 3-5 天送达。","近 39 天","基于商品字段生成的拟真模拟评论"
"3c-tablet-ipad-air-pdd-4","3c-tablet-ipad-air","Apple iPad Air 11 英寸 M4 256GB 拼多多 618 活动款","3C 数码","平板电脑","拼多多 · Apple 百亿补贴品牌好货店","3c-tablet-ipad-air-pdd-4-19","5","positive","体验","发货速度快，包装也比较完整。","近 83 天","基于商品字段生成的拟真模拟评论"
"3c-tablet-ipad-air-pdd-4","3c-tablet-ipad-air","Apple iPad Air 11 英寸 M4 256GB 拼多多 618 活动款","3C 数码","平板电脑","拼多多 · Apple 百亿补贴品牌好货店","3c-tablet-ipad-air-pdd-4-20","5","positive","价格","券后价格比线下便宜一些。","近 57 天","基于商品字段生成的拟真模拟评论"
"3c-tablet-ipad-air-pdd-4","3c-tablet-ipad-air","Apple iPad Air 11 英寸 M4 256GB 拼多多 618 活动款","3C 数码","平板电脑","拼多多 · Apple 百亿补贴品牌好货店","3c-tablet-ipad-air-pdd-4-21","5","positive","屏幕体验","尺寸适合随身携带，分屏处理资料也比较方便。","近 71 天","基于商品字段生成的拟真模拟评论"
"3c-tablet-ipad-air-pdd-4","3c-tablet-ipad-air","Apple iPad Air 11 英寸 M4 256GB 拼多多 618 活动款","3C 数码","平板电脑","拼多多 · Apple 百亿补贴品牌好货店","3c-tablet-ipad-air-pdd-4-22","5","positive","履约服务","支持退换，需核对激活与拆封规则，下单前能比较明确地判断售后成本。","近 22 天","基于商品字段生成的拟真模拟评论"
"3c-tablet-ipad-air-pdd-4","3c-tablet-ipad-air","Apple iPad Air 11 英寸 M4 256GB 拼多多 618 活动款","3C 数码","平板电脑","拼多多 · Apple 百亿补贴品牌好货店","3c-tablet-ipad-air-pdd-4-23","3","negative","配件成本","本体够轻，但配齐键盘和笔后价格不算低。","近 1 天","基于商品字段生成的拟真模拟评论"
"3c-tablet-ipad-air-pdd-4","3c-tablet-ipad-air","Apple iPad Air 11 英寸 M4 256GB 拼多多 618 活动款","3C 数码","平板电脑","拼多多 · Apple 百亿补贴品牌好货店","3c-tablet-ipad-air-pdd-4-24","4","positive","体验","实物和页面描述基本一致，整体满意。","近 6 天","基于商品字段生成的拟真模拟评论"
"3c-tablet-ipad-air-jd-1","3c-tablet-ipad-air","Apple iPad Air 11 英寸 M4 256GB 京东 618 活动款","3C 数码","平板电脑","京东 · Apple 京东自营旗舰店","3c-tablet-ipad-air-jd-1-1","5","positive","体验","实物和页面描述基本一致，整体满意。","近 10 天","基于商品字段生成的拟真模拟评论"
"3c-tablet-ipad-air-jd-1","3c-tablet-ipad-air","Apple iPad Air 11 英寸 M4 256GB 京东 618 活动款","3C 数码","平板电脑","京东 · Apple 京东自营旗舰店","3c-tablet-ipad-air-jd-1-2","3","negative","细节","部分细节和预期有差距，下单前要看清规格。","近 73 天","基于商品字段生成的拟真模拟评论"
"3c-tablet-ipad-air-jd-1","3c-tablet-ipad-air","Apple iPad Air 11 英寸 M4 256GB 京东 618 活动款","3C 数码","平板电脑","京东 · Apple 京东自营旗舰店","3c-tablet-ipad-air-jd-1-3","5","positive","价格","活动价入手比较划算，性价比可以。","近 20 天","基于商品字段生成的拟真模拟评论"
"3c-tablet-ipad-air-jd-1","3c-tablet-ipad-air","Apple iPad Air 11 英寸 M4 256GB 京东 618 活动款","3C 数码","平板电脑","京东 · Apple 京东自营旗舰店","3c-tablet-ipad-air-jd-1-4","4","positive","屏幕体验","屏幕观感细腻，记笔记、看文档和轻度修图都舒服。","近 54 天","基于商品字段生成的拟真模拟评论"
"3c-tablet-ipad-air-jd-1","3c-tablet-ipad-air","Apple iPad Air 11 英寸 M4 256GB 京东 618 活动款","3C 数码","平板电脑","京东 · Apple 京东自营旗舰店","3c-tablet-ipad-air-jd-1-5","5","positive","履约服务","京东发货信息清楚，次日送达。","近 48 天","基于商品字段生成的拟真模拟评论"
"3c-tablet-ipad-air-jd-1","3c-tablet-ipad-air","Apple iPad Air 11 英寸 M4 256GB 京东 618 活动款","3C 数码","平板电脑","京东 · Apple 京东自营旗舰店","3c-tablet-ipad-air-jd-1-6","2","negative","售后","退换流程需要按平台规则走，不算特别快。","近 10 天","基于商品字段生成的拟真模拟评论"
"3c-tablet-ipad-air-jd-1","3c-tablet-ipad-air","Apple iPad Air 11 英寸 M4 256GB 京东 618 活动款","3C 数码","平板电脑","京东 · Apple 京东自营旗舰店","3c-tablet-ipad-air-jd-1-7","4","positive","体验","发货速度快，包装也比较完整。","近 87 天","基于商品字段生成的拟真模拟评论"
"3c-tablet-ipad-air-jd-1","3c-tablet-ipad-air","Apple iPad Air 11 英寸 M4 256GB 京东 618 活动款","3C 数码","平板电脑","京东 · Apple 京东自营旗舰店","3c-tablet-ipad-air-jd-1-8","5","positive","价格","券后价格比线下便宜一些。","近 19 天","基于商品字段生成的拟真模拟评论"
"3c-tablet-ipad-air-jd-1","3c-tablet-ipad-air","Apple iPad Air 11 英寸 M4 256GB 京东 618 活动款","3C 数码","平板电脑","京东 · Apple 京东自营旗舰店","3c-tablet-ipad-air-jd-1-9","3","negative","配件成本","键盘和手写笔需要另外购买，整套预算会明显增加。","近 30 天","基于商品字段生成的拟真模拟评论"
"3c-tablet-ipad-air-jd-1","3c-tablet-ipad-air","Apple iPad Air 11 英寸 M4 256GB 京东 618 活动款","3C 数码","平板电脑","京东 · Apple 京东自营旗舰店","3c-tablet-ipad-air-jd-1-10","5","positive","屏幕体验","尺寸适合随身携带，分屏处理资料也比较方便。","近 80 天","基于商品字段生成的拟真模拟评论"
"3c-tablet-ipad-air-jd-1","3c-tablet-ipad-air","Apple iPad Air 11 英寸 M4 256GB 京东 618 活动款","3C 数码","平板电脑","京东 · Apple 京东自营旗舰店","3c-tablet-ipad-air-jd-1-11","5","positive","履约服务","7 天无理由，支持上门取件，下单前能比较明确地判断售后成本。","近 3 天","基于商品字段生成的拟真模拟评论"
"3c-tablet-ipad-air-jd-1","3c-tablet-ipad-air","Apple iPad Air 11 英寸 M4 256GB 京东 618 活动款","3C 数码","平板电脑","京东 · Apple 京东自营旗舰店","3c-tablet-ipad-air-jd-1-12","5","positive","体验","实物和页面描述基本一致，整体满意。","近 33 天","基于商品字段生成的拟真模拟评论"
"3c-tablet-ipad-air-jd-1","3c-tablet-ipad-air","Apple iPad Air 11 英寸 M4 256GB 京东 618 活动款","3C 数码","平板电脑","京东 · Apple 京东自营旗舰店","3c-tablet-ipad-air-jd-1-13","5","positive","价格","活动价入手比较划算，性价比可以。","近 82 天","基于商品字段生成的拟真模拟评论"
"3c-tablet-ipad-air-jd-1","3c-tablet-ipad-air","Apple iPad Air 11 英寸 M4 256GB 京东 618 活动款","3C 数码","平板电脑","京东 · Apple 京东自营旗舰店","3c-tablet-ipad-air-jd-1-14","5","positive","屏幕体验","屏幕观感细腻，记笔记、看文档和轻度修图都舒服。","近 21 天","基于商品字段生成的拟真模拟评论"
"3c-tablet-ipad-air-jd-1","3c-tablet-ipad-air","Apple iPad Air 11 英寸 M4 256GB 京东 618 活动款","3C 数码","平板电脑","京东 · Apple 京东自营旗舰店","3c-tablet-ipad-air-jd-1-15","5","positive","履约服务","京东发货信息清楚，次日送达。","近 84 天","基于商品字段生成的拟真模拟评论"
"3c-tablet-ipad-air-jd-1","3c-tablet-ipad-air","Apple iPad Air 11 英寸 M4 256GB 京东 618 活动款","3C 数码","平板电脑","京东 · Apple 京东自营旗舰店","3c-tablet-ipad-air-jd-1-16","5","positive","体验","发货速度快，包装也比较完整。","近 62 天","基于商品字段生成的拟真模拟评论"
"3c-tablet-ipad-air-jd-1","3c-tablet-ipad-air","Apple iPad Air 11 英寸 M4 256GB 京东 618 活动款","3C 数码","平板电脑","京东 · Apple 京东自营旗舰店","3c-tablet-ipad-air-jd-1-17","4","positive","价格","券后价格比线下便宜一些。","近 64 天","基于商品字段生成的拟真模拟评论"
"3c-tablet-ipad-air-jd-1","3c-tablet-ipad-air","Apple iPad Air 11 英寸 M4 256GB 京东 618 活动款","3C 数码","平板电脑","京东 · Apple 京东自营旗舰店","3c-tablet-ipad-air-jd-1-18","5","positive","屏幕体验","尺寸适合随身携带，分屏处理资料也比较方便。","近 66 天","基于商品字段生成的拟真模拟评论"
"3c-tablet-ipad-air-jd-1","3c-tablet-ipad-air","Apple iPad Air 11 英寸 M4 256GB 京东 618 活动款","3C 数码","平板电脑","京东 · Apple 京东自营旗舰店","3c-tablet-ipad-air-jd-1-19","4","positive","履约服务","7 天无理由，支持上门取件，下单前能比较明确地判断售后成本。","近 75 天","基于商品字段生成的拟真模拟评论"
"3c-tablet-ipad-air-jd-1","3c-tablet-ipad-air","Apple iPad Air 11 英寸 M4 256GB 京东 618 活动款","3C 数码","平板电脑","京东 · Apple 京东自营旗舰店","3c-tablet-ipad-air-jd-1-20","5","positive","体验","实物和页面描述基本一致，整体满意。","近 61 天","基于商品字段生成的拟真模拟评论"
"3c-tablet-ipad-air-jd-1","3c-tablet-ipad-air","Apple iPad Air 11 英寸 M4 256GB 京东 618 活动款","3C 数码","平板电脑","京东 · Apple 京东自营旗舰店","3c-tablet-ipad-air-jd-1-21","5","positive","价格","活动价入手比较划算，性价比可以。","近 75 天","基于商品字段生成的拟真模拟评论"
"3c-tablet-ipad-air-jd-1","3c-tablet-ipad-air","Apple iPad Air 11 英寸 M4 256GB 京东 618 活动款","3C 数码","平板电脑","京东 · Apple 京东自营旗舰店","3c-tablet-ipad-air-jd-1-22","2","negative","售后规则","退换仍需按“7 天无理由，支持上门取件”执行，拆封或使用前要先确认条件。","近 3 天","基于商品字段生成的拟真模拟评论"
"3c-tablet-ipad-air-jd-1","3c-tablet-ipad-air","Apple iPad Air 11 英寸 M4 256GB 京东 618 活动款","3C 数码","平板电脑","京东 · Apple 京东自营旗舰店","3c-tablet-ipad-air-jd-1-23","5","positive","屏幕体验","屏幕观感细腻，记笔记、看文档和轻度修图都舒服。","近 35 天","基于商品字段生成的拟真模拟评论"
"3c-tablet-ipad-air-jd-1","3c-tablet-ipad-air","Apple iPad Air 11 英寸 M4 256GB 京东 618 活动款","3C 数码","平板电脑","京东 · Apple 京东自营旗舰店","3c-tablet-ipad-air-jd-1-24","5","positive","履约服务","京东发货信息清楚，次日送达。","近 66 天","基于商品字段生成的拟真模拟评论"
"3c-tablet-ipad-air-brand-3","3c-tablet-ipad-air","Apple iPad Air 11 英寸 M4 256GB 品牌官网 618 活动款","3C 数码","平板电脑","品牌官网 · Apple 品牌官方网站","3c-tablet-ipad-air-brand-3-1","5","positive","体验","实物和页面描述基本一致，整体满意。","近 28 天","基于商品字段生成的拟真模拟评论"
"3c-tablet-ipad-air-brand-3","3c-tablet-ipad-air","Apple iPad Air 11 英寸 M4 256GB 品牌官网 618 活动款","3C 数码","平板电脑","品牌官网 · Apple 品牌官方网站","3c-tablet-ipad-air-brand-3-2","4","positive","价格","活动价入手比较划算，性价比可以。","近 39 天","基于商品字段生成的拟真模拟评论"
"3c-tablet-ipad-air-brand-3","3c-tablet-ipad-air","Apple iPad Air 11 英寸 M4 256GB 品牌官网 618 活动款","3C 数码","平板电脑","品牌官网 · Apple 品牌官方网站","3c-tablet-ipad-air-brand-3-3","4","positive","屏幕体验","屏幕观感细腻，记笔记、看文档和轻度修图都舒服。","近 44 天","基于商品字段生成的拟真模拟评论"
"3c-tablet-ipad-air-brand-3","3c-tablet-ipad-air","Apple iPad Air 11 英寸 M4 256GB 品牌官网 618 活动款","3C 数码","平板电脑","品牌官网 · Apple 品牌官方网站","3c-tablet-ipad-air-brand-3-4","5","positive","履约服务","品牌官网发货信息清楚，预计 2-3 天送达。","近 7 天","基于商品字段生成的拟真模拟评论"
"3c-tablet-ipad-air-brand-3","3c-tablet-ipad-air","Apple iPad Air 11 英寸 M4 256GB 品牌官网 618 活动款","3C 数码","平板电脑","品牌官网 · Apple 品牌官方网站","3c-tablet-ipad-air-brand-3-5","2","negative","细节","部分细节和预期有差距，下单前要看清规格。","近 74 天","基于商品字段生成的拟真模拟评论"
"3c-tablet-ipad-air-brand-3","3c-tablet-ipad-air","Apple iPad Air 11 英寸 M4 256GB 品牌官网 618 活动款","3C 数码","平板电脑","品牌官网 · Apple 品牌官方网站","3c-tablet-ipad-air-brand-3-6","4","positive","体验","发货速度快，包装也比较完整。","近 63 天","基于商品字段生成的拟真模拟评论"
"3c-tablet-ipad-air-brand-3","3c-tablet-ipad-air","Apple iPad Air 11 英寸 M4 256GB 品牌官网 618 活动款","3C 数码","平板电脑","品牌官网 · Apple 品牌官方网站","3c-tablet-ipad-air-brand-3-7","5","positive","价格","券后价格比线下便宜一些。","近 18 天","基于商品字段生成的拟真模拟评论"
"3c-tablet-ipad-air-brand-3","3c-tablet-ipad-air","Apple iPad Air 11 英寸 M4 256GB 品牌官网 618 活动款","3C 数码","平板电脑","品牌官网 · Apple 品牌官方网站","3c-tablet-ipad-air-brand-3-8","5","positive","屏幕体验","尺寸适合随身携带，分屏处理资料也比较方便。","近 9 天","基于商品字段生成的拟真模拟评论"
"3c-tablet-ipad-air-brand-3","3c-tablet-ipad-air","Apple iPad Air 11 英寸 M4 256GB 品牌官网 618 活动款","3C 数码","平板电脑","品牌官网 · Apple 品牌官方网站","3c-tablet-ipad-air-brand-3-9","5","positive","履约服务","官方 7 天退换政策，下单前能比较明确地判断售后成本。","近 17 天","基于商品字段生成的拟真模拟评论"
"3c-tablet-ipad-air-brand-3","3c-tablet-ipad-air","Apple iPad Air 11 英寸 M4 256GB 品牌官网 618 活动款","3C 数码","平板电脑","品牌官网 · Apple 品牌官方网站","3c-tablet-ipad-air-brand-3-10","4","positive","体验","实物和页面描述基本一致，整体满意。","近 37 天","基于商品字段生成的拟真模拟评论"
"3c-tablet-ipad-air-brand-3","3c-tablet-ipad-air","Apple iPad Air 11 英寸 M4 256GB 品牌官网 618 活动款","3C 数码","平板电脑","品牌官网 · Apple 品牌官方网站","3c-tablet-ipad-air-brand-3-11","5","positive","价格","活动价入手比较划算，性价比可以。","近 19 天","基于商品字段生成的拟真模拟评论"
"3c-tablet-ipad-air-brand-3","3c-tablet-ipad-air","Apple iPad Air 11 英寸 M4 256GB 品牌官网 618 活动款","3C 数码","平板电脑","品牌官网 · Apple 品牌官方网站","3c-tablet-ipad-air-brand-3-12","5","positive","屏幕体验","屏幕观感细腻，记笔记、看文档和轻度修图都舒服。","近 11 天","基于商品字段生成的拟真模拟评论"
"3c-tablet-ipad-air-brand-3","3c-tablet-ipad-air","Apple iPad Air 11 英寸 M4 256GB 品牌官网 618 活动款","3C 数码","平板电脑","品牌官网 · Apple 品牌官方网站","3c-tablet-ipad-air-brand-3-13","4","positive","履约服务","品牌官网发货信息清楚，预计 2-3 天送达。","近 11 天","基于商品字段生成的拟真模拟评论"
"3c-tablet-ipad-air-brand-3","3c-tablet-ipad-air","Apple iPad Air 11 英寸 M4 256GB 品牌官网 618 活动款","3C 数码","平板电脑","品牌官网 · Apple 品牌官方网站","3c-tablet-ipad-air-brand-3-14","3","negative","售后","退换流程需要按平台规则走，不算特别快。","近 71 天","基于商品字段生成的拟真模拟评论"
"3c-tablet-ipad-air-brand-3","3c-tablet-ipad-air","Apple iPad Air 11 英寸 M4 256GB 品牌官网 618 活动款","3C 数码","平板电脑","品牌官网 · Apple 品牌官方网站","3c-tablet-ipad-air-brand-3-15","5","positive","体验","发货速度快，包装也比较完整。","近 10 天","基于商品字段生成的拟真模拟评论"
"3c-tablet-ipad-air-brand-3","3c-tablet-ipad-air","Apple iPad Air 11 英寸 M4 256GB 品牌官网 618 活动款","3C 数码","平板电脑","品牌官网 · Apple 品牌官方网站","3c-tablet-ipad-air-brand-3-16","5","positive","价格","券后价格比线下便宜一些。","近 22 天","基于商品字段生成的拟真模拟评论"
"3c-tablet-ipad-air-brand-3","3c-tablet-ipad-air","Apple iPad Air 11 英寸 M4 256GB 品牌官网 618 活动款","3C 数码","平板电脑","品牌官网 · Apple 品牌官方网站","3c-tablet-ipad-air-brand-3-17","4","positive","屏幕体验","尺寸适合随身携带，分屏处理资料也比较方便。","近 48 天","基于商品字段生成的拟真模拟评论"
"3c-tablet-ipad-air-brand-3","3c-tablet-ipad-air","Apple iPad Air 11 英寸 M4 256GB 品牌官网 618 活动款","3C 数码","平板电脑","品牌官网 · Apple 品牌官方网站","3c-tablet-ipad-air-brand-3-18","5","positive","履约服务","官方 7 天退换政策，下单前能比较明确地判断售后成本。","近 40 天","基于商品字段生成的拟真模拟评论"
"3c-tablet-ipad-air-brand-3","3c-tablet-ipad-air","Apple iPad Air 11 英寸 M4 256GB 品牌官网 618 活动款","3C 数码","平板电脑","品牌官网 · Apple 品牌官方网站","3c-tablet-ipad-air-brand-3-19","2","negative","配件成本","键盘和手写笔需要另外购买，整套预算会明显增加。","近 66 天","基于商品字段生成的拟真模拟评论"
"3c-tablet-ipad-air-brand-3","3c-tablet-ipad-air","Apple iPad Air 11 英寸 M4 256GB 品牌官网 618 活动款","3C 数码","平板电脑","品牌官网 · Apple 品牌官方网站","3c-tablet-ipad-air-brand-3-20","5","positive","体验","实物和页面描述基本一致，整体满意。","近 40 天","基于商品字段生成的拟真模拟评论"
"3c-tablet-ipad-air-brand-3","3c-tablet-ipad-air","Apple iPad Air 11 英寸 M4 256GB 品牌官网 618 活动款","3C 数码","平板电脑","品牌官网 · Apple 品牌官方网站","3c-tablet-ipad-air-brand-3-21","5","positive","价格","活动价入手比较划算，性价比可以。","近 68 天","基于商品字段生成的拟真模拟评论"
"3c-tablet-ipad-air-brand-3","3c-tablet-ipad-air","Apple iPad Air 11 英寸 M4 256GB 品牌官网 618 活动款","3C 数码","平板电脑","品牌官网 · Apple 品牌官方网站","3c-tablet-ipad-air-brand-3-22","4","positive","屏幕体验","屏幕观感细腻，记笔记、看文档和轻度修图都舒服。","近 52 天","基于商品字段生成的拟真模拟评论"
"3c-tablet-ipad-air-brand-3","3c-tablet-ipad-air","Apple iPad Air 11 英寸 M4 256GB 品牌官网 618 活动款","3C 数码","平板电脑","品牌官网 · Apple 品牌官方网站","3c-tablet-ipad-air-brand-3-23","5","positive","履约服务","品牌官网发货信息清楚，预计 2-3 天送达。","近 68 天","基于商品字段生成的拟真模拟评论"
"3c-tablet-ipad-air-brand-3","3c-tablet-ipad-air","Apple iPad Air 11 英寸 M4 256GB 品牌官网 618 活动款","3C 数码","平板电脑","品牌官网 · Apple 品牌官方网站","3c-tablet-ipad-air-brand-3-24","3","negative","售后规则","退换仍需按“官方 7 天退换政策”执行，拆封或使用前要先确认条件。","近 30 天","基于商品字段生成的拟真模拟评论"
"3c-tablet-ipad-air-amazon-5","3c-tablet-ipad-air","Apple iPad Air 11 英寸 M4 256GB 亚马逊 618 活动款","3C 数码","平板电脑","亚马逊 · Apple Amazon Global Store","3c-tablet-ipad-air-amazon-5-1","2","negative","细节","部分细节和预期有差距，下单前要看清规格。","近 58 天","基于商品字段生成的拟真模拟评论"
"3c-tablet-ipad-air-amazon-5","3c-tablet-ipad-air","Apple iPad Air 11 英寸 M4 256GB 亚马逊 618 活动款","3C 数码","平板电脑","亚马逊 · Apple Amazon Global Store","3c-tablet-ipad-air-amazon-5-2","5","positive","体验","实物和页面描述基本一致，整体满意。","近 31 天","基于商品字段生成的拟真模拟评论"
"3c-tablet-ipad-air-amazon-5","3c-tablet-ipad-air","Apple iPad Air 11 英寸 M4 256GB 亚马逊 618 活动款","3C 数码","平板电脑","亚马逊 · Apple Amazon Global Store","3c-tablet-ipad-air-amazon-5-3","2","negative","售后","退换流程需要按平台规则走，不算特别快。","近 27 天","基于商品字段生成的拟真模拟评论"
"3c-tablet-ipad-air-amazon-5","3c-tablet-ipad-air","Apple iPad Air 11 英寸 M4 256GB 亚马逊 618 活动款","3C 数码","平板电脑","亚马逊 · Apple Amazon Global Store","3c-tablet-ipad-air-amazon-5-4","3","negative","配件成本","键盘和手写笔需要另外购买，整套预算会明显增加。","近 79 天","基于商品字段生成的拟真模拟评论"
"3c-tablet-ipad-air-amazon-5","3c-tablet-ipad-air","Apple iPad Air 11 英寸 M4 256GB 亚马逊 618 活动款","3C 数码","平板电脑","亚马逊 · Apple Amazon Global Store","3c-tablet-ipad-air-amazon-5-5","5","positive","价格","活动价入手比较划算，性价比可以。","近 87 天","基于商品字段生成的拟真模拟评论"
"3c-tablet-ipad-air-amazon-5","3c-tablet-ipad-air","Apple iPad Air 11 英寸 M4 256GB 亚马逊 618 活动款","3C 数码","平板电脑","亚马逊 · Apple Amazon Global Store","3c-tablet-ipad-air-amazon-5-6","5","positive","屏幕体验","屏幕观感细腻，记笔记、看文档和轻度修图都舒服。","近 85 天","基于商品字段生成的拟真模拟评论"
"3c-tablet-ipad-air-amazon-5","3c-tablet-ipad-air","Apple iPad Air 11 英寸 M4 256GB 亚马逊 618 活动款","3C 数码","平板电脑","亚马逊 · Apple Amazon Global Store","3c-tablet-ipad-air-amazon-5-7","5","positive","履约服务","亚马逊发货信息清楚，预计 7-12 天送达。","近 16 天","基于商品字段生成的拟真模拟评论"
"3c-tablet-ipad-air-amazon-5","3c-tablet-ipad-air","Apple iPad Air 11 英寸 M4 256GB 亚马逊 618 活动款","3C 数码","平板电脑","亚马逊 · Apple Amazon Global Store","3c-tablet-ipad-air-amazon-5-8","5","positive","体验","发货速度快，包装也比较完整。","近 8 天","基于商品字段生成的拟真模拟评论"
"3c-tablet-ipad-air-amazon-5","3c-tablet-ipad-air","Apple iPad Air 11 英寸 M4 256GB 亚马逊 618 活动款","3C 数码","平板电脑","亚马逊 · Apple Amazon Global Store","3c-tablet-ipad-air-amazon-5-9","5","positive","价格","券后价格比线下便宜一些。","近 80 天","基于商品字段生成的拟真模拟评论"
"3c-tablet-ipad-air-amazon-5","3c-tablet-ipad-air","Apple iPad Air 11 英寸 M4 256GB 亚马逊 618 活动款","3C 数码","平板电脑","亚马逊 · Apple Amazon Global Store","3c-tablet-ipad-air-amazon-5-10","5","positive","屏幕体验","尺寸适合随身携带，分屏处理资料也比较方便。","近 70 天","基于商品字段生成的拟真模拟评论"
"3c-tablet-ipad-air-amazon-5","3c-tablet-ipad-air","Apple iPad Air 11 英寸 M4 256GB 亚马逊 618 活动款","3C 数码","平板电脑","亚马逊 · Apple Amazon Global Store","3c-tablet-ipad-air-amazon-5-11","5","positive","履约服务","跨境退货，费用按页面规则，下单前能比较明确地判断售后成本。","近 4 天","基于商品字段生成的拟真模拟评论"
"3c-tablet-ipad-air-amazon-5","3c-tablet-ipad-air","Apple iPad Air 11 英寸 M4 256GB 亚马逊 618 活动款","3C 数码","平板电脑","亚马逊 · Apple Amazon Global Store","3c-tablet-ipad-air-amazon-5-12","5","positive","体验","实物和页面描述基本一致，整体满意。","近 9 天","基于商品字段生成的拟真模拟评论"
"3c-tablet-ipad-air-amazon-5","3c-tablet-ipad-air","Apple iPad Air 11 英寸 M4 256GB 亚马逊 618 活动款","3C 数码","平板电脑","亚马逊 · Apple Amazon Global Store","3c-tablet-ipad-air-amazon-5-13","5","positive","价格","活动价入手比较划算，性价比可以。","近 26 天","基于商品字段生成的拟真模拟评论"
"3c-tablet-ipad-air-amazon-5","3c-tablet-ipad-air","Apple iPad Air 11 英寸 M4 256GB 亚马逊 618 活动款","3C 数码","平板电脑","亚马逊 · Apple Amazon Global Store","3c-tablet-ipad-air-amazon-5-14","5","positive","屏幕体验","屏幕观感细腻，记笔记、看文档和轻度修图都舒服。","近 9 天","基于商品字段生成的拟真模拟评论"
"3c-tablet-ipad-air-amazon-5","3c-tablet-ipad-air","Apple iPad Air 11 英寸 M4 256GB 亚马逊 618 活动款","3C 数码","平板电脑","亚马逊 · Apple Amazon Global Store","3c-tablet-ipad-air-amazon-5-15","5","positive","履约服务","亚马逊发货信息清楚，预计 7-12 天送达。","近 51 天","基于商品字段生成的拟真模拟评论"
"3c-tablet-ipad-air-amazon-5","3c-tablet-ipad-air","Apple iPad Air 11 英寸 M4 256GB 亚马逊 618 活动款","3C 数码","平板电脑","亚马逊 · Apple Amazon Global Store","3c-tablet-ipad-air-amazon-5-16","2","negative","售后规则","退换仍需按“跨境退货，费用按页面规则”执行，拆封或使用前要先确认条件。","近 66 天","基于商品字段生成的拟真模拟评论"
"3c-tablet-ipad-air-amazon-5","3c-tablet-ipad-air","Apple iPad Air 11 英寸 M4 256GB 亚马逊 618 活动款","3C 数码","平板电脑","亚马逊 · Apple Amazon Global Store","3c-tablet-ipad-air-amazon-5-17","4","positive","体验","发货速度快，包装也比较完整。","近 82 天","基于商品字段生成的拟真模拟评论"
"3c-tablet-ipad-air-amazon-5","3c-tablet-ipad-air","Apple iPad Air 11 英寸 M4 256GB 亚马逊 618 活动款","3C 数码","平板电脑","亚马逊 · Apple Amazon Global Store","3c-tablet-ipad-air-amazon-5-18","5","positive","价格","券后价格比线下便宜一些。","近 61 天","基于商品字段生成的拟真模拟评论"
"3c-tablet-ipad-air-amazon-5","3c-tablet-ipad-air","Apple iPad Air 11 英寸 M4 256GB 亚马逊 618 活动款","3C 数码","平板电脑","亚马逊 · Apple Amazon Global Store","3c-tablet-ipad-air-amazon-5-19","4","positive","屏幕体验","尺寸适合随身携带，分屏处理资料也比较方便。","近 11 天","基于商品字段生成的拟真模拟评论"
"3c-tablet-ipad-air-amazon-5","3c-tablet-ipad-air","Apple iPad Air 11 英寸 M4 256GB 亚马逊 618 活动款","3C 数码","平板电脑","亚马逊 · Apple Amazon Global Store","3c-tablet-ipad-air-amazon-5-20","5","positive","履约服务","跨境退货，费用按页面规则，下单前能比较明确地判断售后成本。","近 72 天","基于商品字段生成的拟真模拟评论"
"3c-tablet-ipad-air-amazon-5","3c-tablet-ipad-air","Apple iPad Air 11 英寸 M4 256GB 亚马逊 618 活动款","3C 数码","平板电脑","亚马逊 · Apple Amazon Global Store","3c-tablet-ipad-air-amazon-5-21","5","positive","体验","实物和页面描述基本一致，整体满意。","近 56 天","基于商品字段生成的拟真模拟评论"
"3c-tablet-ipad-air-amazon-5","3c-tablet-ipad-air","Apple iPad Air 11 英寸 M4 256GB 亚马逊 618 活动款","3C 数码","平板电脑","亚马逊 · Apple Amazon Global Store","3c-tablet-ipad-air-amazon-5-22","5","positive","价格","活动价入手比较划算，性价比可以。","近 81 天","基于商品字段生成的拟真模拟评论"
"3c-tablet-ipad-air-amazon-5","3c-tablet-ipad-air","Apple iPad Air 11 英寸 M4 256GB 亚马逊 618 活动款","3C 数码","平板电脑","亚马逊 · Apple Amazon Global Store","3c-tablet-ipad-air-amazon-5-23","5","positive","屏幕体验","屏幕观感细腻，记笔记、看文档和轻度修图都舒服。","近 6 天","基于商品字段生成的拟真模拟评论"
"3c-tablet-ipad-air-amazon-5","3c-tablet-ipad-air","Apple iPad Air 11 英寸 M4 256GB 亚马逊 618 活动款","3C 数码","平板电脑","亚马逊 · Apple Amazon Global Store","3c-tablet-ipad-air-amazon-5-24","2","negative","细节","客服解释比较慢，急用要提前确认。","近 73 天","基于商品字段生成的拟真模拟评论"
"3c-watch-huawei-taobao-2","3c-watch-huawei","华为 WATCH GT 6 Pro 46mm 钛金属款 天猫 618 活动款","3C 数码","智能手表","天猫 · 华为 品牌天猫官方旗舰店","3c-watch-huawei-taobao-2-1","5","positive","体验","实物和页面描述基本一致，整体满意。","近 21 天","基于商品字段生成的拟真模拟评论"
"3c-watch-huawei-taobao-2","3c-watch-huawei","华为 WATCH GT 6 Pro 46mm 钛金属款 天猫 618 活动款","3C 数码","智能手表","天猫 · 华为 品牌天猫官方旗舰店","3c-watch-huawei-taobao-2-2","5","positive","价格","活动价入手比较划算，性价比可以。","近 84 天","基于商品字段生成的拟真模拟评论"
"3c-watch-huawei-taobao-2","3c-watch-huawei","华为 WATCH GT 6 Pro 46mm 钛金属款 天猫 618 活动款","3C 数码","智能手表","天猫 · 华为 品牌天猫官方旗舰店","3c-watch-huawei-taobao-2-3","3","negative","细节","部分细节和预期有差距，下单前要看清规格。","近 58 天","基于商品字段生成的拟真模拟评论"
"3c-watch-huawei-taobao-2","3c-watch-huawei","华为 WATCH GT 6 Pro 46mm 钛金属款 天猫 618 活动款","3C 数码","智能手表","天猫 · 华为 品牌天猫官方旗舰店","3c-watch-huawei-taobao-2-4","5","positive","续航健康","续航覆盖一周以上，日常心率和运动记录也比较稳定。","近 52 天","基于商品字段生成的拟真模拟评论"
"3c-watch-huawei-taobao-2","3c-watch-huawei","华为 WATCH GT 6 Pro 46mm 钛金属款 天猫 618 活动款","3C 数码","智能手表","天猫 · 华为 品牌天猫官方旗舰店","3c-watch-huawei-taobao-2-5","5","positive","履约服务","天猫发货信息清楚，预计 2 天送达。","近 34 天","基于商品字段生成的拟真模拟评论"
"3c-watch-huawei-taobao-2","3c-watch-huawei","华为 WATCH GT 6 Pro 46mm 钛金属款 天猫 618 活动款","3C 数码","智能手表","天猫 · 华为 品牌天猫官方旗舰店","3c-watch-huawei-taobao-2-6","5","positive","体验","发货速度快，包装也比较完整。","近 88 天","基于商品字段生成的拟真模拟评论"
"3c-watch-huawei-taobao-2","3c-watch-huawei","华为 WATCH GT 6 Pro 46mm 钛金属款 天猫 618 活动款","3C 数码","智能手表","天猫 · 华为 品牌天猫官方旗舰店","3c-watch-huawei-taobao-2-7","2","negative","售后","退换流程需要按平台规则走，不算特别快。","近 40 天","基于商品字段生成的拟真模拟评论"
"3c-watch-huawei-taobao-2","3c-watch-huawei","华为 WATCH GT 6 Pro 46mm 钛金属款 天猫 618 活动款","3C 数码","智能手表","天猫 · 华为 品牌天猫官方旗舰店","3c-watch-huawei-taobao-2-8","3","negative","尺寸适配","表盘偏大，小手腕佩戴前最好先试一下。","近 71 天","基于商品字段生成的拟真模拟评论"
"3c-watch-huawei-taobao-2","3c-watch-huawei","华为 WATCH GT 6 Pro 46mm 钛金属款 天猫 618 活动款","3C 数码","智能手表","天猫 · 华为 品牌天猫官方旗舰店","3c-watch-huawei-taobao-2-9","5","positive","价格","券后价格比线下便宜一些。","近 33 天","基于商品字段生成的拟真模拟评论"
"3c-watch-huawei-taobao-2","3c-watch-huawei","华为 WATCH GT 6 Pro 46mm 钛金属款 天猫 618 活动款","3C 数码","智能手表","天猫 · 华为 品牌天猫官方旗舰店","3c-watch-huawei-taobao-2-10","5","positive","续航健康","健康监测项目齐全，长续航减少了频繁充电。","近 20 天","基于商品字段生成的拟真模拟评论"
"3c-watch-huawei-taobao-2","3c-watch-huawei","华为 WATCH GT 6 Pro 46mm 钛金属款 天猫 618 活动款","3C 数码","智能手表","天猫 · 华为 品牌天猫官方旗舰店","3c-watch-huawei-taobao-2-11","5","positive","履约服务","7 天无理由，退货运费险，下单前能比较明确地判断售后成本。","近 68 天","基于商品字段生成的拟真模拟评论"
"3c-watch-huawei-taobao-2","3c-watch-huawei","华为 WATCH GT 6 Pro 46mm 钛金属款 天猫 618 活动款","3C 数码","智能手表","天猫 · 华为 品牌天猫官方旗舰店","3c-watch-huawei-taobao-2-12","2","negative","售后规则","退换仍需按“7 天无理由，退货运费险”执行，拆封或使用前要先确认条件。","近 40 天","基于商品字段生成的拟真模拟评论"
"3c-watch-huawei-taobao-2","3c-watch-huawei","华为 WATCH GT 6 Pro 46mm 钛金属款 天猫 618 活动款","3C 数码","智能手表","天猫 · 华为 品牌天猫官方旗舰店","3c-watch-huawei-taobao-2-13","4","positive","体验","实物和页面描述基本一致，整体满意。","近 38 天","基于商品字段生成的拟真模拟评论"
"3c-watch-huawei-taobao-2","3c-watch-huawei","华为 WATCH GT 6 Pro 46mm 钛金属款 天猫 618 活动款","3C 数码","智能手表","天猫 · 华为 品牌天猫官方旗舰店","3c-watch-huawei-taobao-2-14","5","positive","价格","活动价入手比较划算，性价比可以。","近 54 天","基于商品字段生成的拟真模拟评论"
"3c-watch-huawei-taobao-2","3c-watch-huawei","华为 WATCH GT 6 Pro 46mm 钛金属款 天猫 618 活动款","3C 数码","智能手表","天猫 · 华为 品牌天猫官方旗舰店","3c-watch-huawei-taobao-2-15","4","positive","续航健康","续航覆盖一周以上，日常心率和运动记录也比较稳定。","近 10 天","基于商品字段生成的拟真模拟评论"
"3c-watch-huawei-taobao-2","3c-watch-huawei","华为 WATCH GT 6 Pro 46mm 钛金属款 天猫 618 活动款","3C 数码","智能手表","天猫 · 华为 品牌天猫官方旗舰店","3c-watch-huawei-taobao-2-16","5","positive","履约服务","天猫发货信息清楚，预计 2 天送达。","近 43 天","基于商品字段生成的拟真模拟评论"
"3c-watch-huawei-taobao-2","3c-watch-huawei","华为 WATCH GT 6 Pro 46mm 钛金属款 天猫 618 活动款","3C 数码","智能手表","天猫 · 华为 品牌天猫官方旗舰店","3c-watch-huawei-taobao-2-17","4","positive","体验","发货速度快，包装也比较完整。","近 70 天","基于商品字段生成的拟真模拟评论"
"3c-watch-huawei-taobao-2","3c-watch-huawei","华为 WATCH GT 6 Pro 46mm 钛金属款 天猫 618 活动款","3C 数码","智能手表","天猫 · 华为 品牌天猫官方旗舰店","3c-watch-huawei-taobao-2-18","4","positive","价格","券后价格比线下便宜一些。","近 8 天","基于商品字段生成的拟真模拟评论"
"3c-watch-huawei-taobao-2","3c-watch-huawei","华为 WATCH GT 6 Pro 46mm 钛金属款 天猫 618 活动款","3C 数码","智能手表","天猫 · 华为 品牌天猫官方旗舰店","3c-watch-huawei-taobao-2-19","5","positive","续航健康","健康监测项目齐全，长续航减少了频繁充电。","近 11 天","基于商品字段生成的拟真模拟评论"
"3c-watch-huawei-taobao-2","3c-watch-huawei","华为 WATCH GT 6 Pro 46mm 钛金属款 天猫 618 活动款","3C 数码","智能手表","天猫 · 华为 品牌天猫官方旗舰店","3c-watch-huawei-taobao-2-20","5","positive","履约服务","7 天无理由，退货运费险，下单前能比较明确地判断售后成本。","近 30 天","基于商品字段生成的拟真模拟评论"
"3c-watch-huawei-taobao-2","3c-watch-huawei","华为 WATCH GT 6 Pro 46mm 钛金属款 天猫 618 活动款","3C 数码","智能手表","天猫 · 华为 品牌天猫官方旗舰店","3c-watch-huawei-taobao-2-21","5","positive","体验","实物和页面描述基本一致，整体满意。","近 10 天","基于商品字段生成的拟真模拟评论"
"3c-watch-huawei-taobao-2","3c-watch-huawei","华为 WATCH GT 6 Pro 46mm 钛金属款 天猫 618 活动款","3C 数码","智能手表","天猫 · 华为 品牌天猫官方旗舰店","3c-watch-huawei-taobao-2-22","5","positive","价格","活动价入手比较划算，性价比可以。","近 50 天","基于商品字段生成的拟真模拟评论"
"3c-watch-huawei-taobao-2","3c-watch-huawei","华为 WATCH GT 6 Pro 46mm 钛金属款 天猫 618 活动款","3C 数码","智能手表","天猫 · 华为 品牌天猫官方旗舰店","3c-watch-huawei-taobao-2-23","5","positive","续航健康","续航覆盖一周以上，日常心率和运动记录也比较稳定。","近 4 天","基于商品字段生成的拟真模拟评论"
"3c-watch-huawei-taobao-2","3c-watch-huawei","华为 WATCH GT 6 Pro 46mm 钛金属款 天猫 618 活动款","3C 数码","智能手表","天猫 · 华为 品牌天猫官方旗舰店","3c-watch-huawei-taobao-2-24","5","positive","履约服务","天猫发货信息清楚，预计 2 天送达。","近 37 天","基于商品字段生成的拟真模拟评论"
"3c-watch-huawei-pdd-4","3c-watch-huawei","华为 WATCH GT 6 Pro 46mm 钛金属款 拼多多 618 活动款","3C 数码","智能手表","拼多多 · 华为 百亿补贴品牌好货店","3c-watch-huawei-pdd-4-1","5","positive","体验","实物和页面描述基本一致，整体满意。","近 73 天","基于商品字段生成的拟真模拟评论"
"3c-watch-huawei-pdd-4","3c-watch-huawei","华为 WATCH GT 6 Pro 46mm 钛金属款 拼多多 618 活动款","3C 数码","智能手表","拼多多 · 华为 百亿补贴品牌好货店","3c-watch-huawei-pdd-4-2","4","positive","价格","活动价入手比较划算，性价比可以。","近 57 天","基于商品字段生成的拟真模拟评论"
"3c-watch-huawei-pdd-4","3c-watch-huawei","华为 WATCH GT 6 Pro 46mm 钛金属款 拼多多 618 活动款","3C 数码","智能手表","拼多多 · 华为 百亿补贴品牌好货店","3c-watch-huawei-pdd-4-3","3","negative","细节","部分细节和预期有差距，下单前要看清规格。","近 63 天","基于商品字段生成的拟真模拟评论"
"3c-watch-huawei-pdd-4","3c-watch-huawei","华为 WATCH GT 6 Pro 46mm 钛金属款 拼多多 618 活动款","3C 数码","智能手表","拼多多 · 华为 百亿补贴品牌好货店","3c-watch-huawei-pdd-4-4","5","positive","续航健康","续航覆盖一周以上，日常心率和运动记录也比较稳定。","近 20 天","基于商品字段生成的拟真模拟评论"
"3c-watch-huawei-pdd-4","3c-watch-huawei","华为 WATCH GT 6 Pro 46mm 钛金属款 拼多多 618 活动款","3C 数码","智能手表","拼多多 · 华为 百亿补贴品牌好货店","3c-watch-huawei-pdd-4-5","5","positive","履约服务","拼多多发货信息清楚，预计 3-5 天送达。","近 46 天","基于商品字段生成的拟真模拟评论"
"3c-watch-huawei-pdd-4","3c-watch-huawei","华为 WATCH GT 6 Pro 46mm 钛金属款 拼多多 618 活动款","3C 数码","智能手表","拼多多 · 华为 百亿补贴品牌好货店","3c-watch-huawei-pdd-4-6","5","positive","体验","发货速度快，包装也比较完整。","近 86 天","基于商品字段生成的拟真模拟评论"
"3c-watch-huawei-pdd-4","3c-watch-huawei","华为 WATCH GT 6 Pro 46mm 钛金属款 拼多多 618 活动款","3C 数码","智能手表","拼多多 · 华为 百亿补贴品牌好货店","3c-watch-huawei-pdd-4-7","5","positive","价格","券后价格比线下便宜一些。","近 17 天","基于商品字段生成的拟真模拟评论"
"3c-watch-huawei-pdd-4","3c-watch-huawei","华为 WATCH GT 6 Pro 46mm 钛金属款 拼多多 618 活动款","3C 数码","智能手表","拼多多 · 华为 百亿补贴品牌好货店","3c-watch-huawei-pdd-4-8","5","positive","续航健康","健康监测项目齐全，长续航减少了频繁充电。","近 73 天","基于商品字段生成的拟真模拟评论"
"3c-watch-huawei-pdd-4","3c-watch-huawei","华为 WATCH GT 6 Pro 46mm 钛金属款 拼多多 618 活动款","3C 数码","智能手表","拼多多 · 华为 百亿补贴品牌好货店","3c-watch-huawei-pdd-4-9","5","positive","履约服务","支持退换，需核对激活与拆封规则，下单前能比较明确地判断售后成本。","近 24 天","基于商品字段生成的拟真模拟评论"
"3c-watch-huawei-pdd-4","3c-watch-huawei","华为 WATCH GT 6 Pro 46mm 钛金属款 拼多多 618 活动款","3C 数码","智能手表","拼多多 · 华为 百亿补贴品牌好货店","3c-watch-huawei-pdd-4-10","3","negative","售后","退换流程需要按平台规则走，不算特别快。","近 65 天","基于商品字段生成的拟真模拟评论"
"3c-watch-huawei-pdd-4","3c-watch-huawei","华为 WATCH GT 6 Pro 46mm 钛金属款 拼多多 618 活动款","3C 数码","智能手表","拼多多 · 华为 百亿补贴品牌好货店","3c-watch-huawei-pdd-4-11","5","positive","体验","实物和页面描述基本一致，整体满意。","近 10 天","基于商品字段生成的拟真模拟评论"
"3c-watch-huawei-pdd-4","3c-watch-huawei","华为 WATCH GT 6 Pro 46mm 钛金属款 拼多多 618 活动款","3C 数码","智能手表","拼多多 · 华为 百亿补贴品牌好货店","3c-watch-huawei-pdd-4-12","2","negative","尺寸适配","表盘偏大，小手腕佩戴前最好先试一下。","近 8 天","基于商品字段生成的拟真模拟评论"
"3c-watch-huawei-pdd-4","3c-watch-huawei","华为 WATCH GT 6 Pro 46mm 钛金属款 拼多多 618 活动款","3C 数码","智能手表","拼多多 · 华为 百亿补贴品牌好货店","3c-watch-huawei-pdd-4-13","3","negative","售后规则","退换仍需按“支持退换，需核对激活与拆封规则”执行，拆封或使用前要先确认条件。","近 13 天","基于商品字段生成的拟真模拟评论"
"3c-watch-huawei-pdd-4","3c-watch-huawei","华为 WATCH GT 6 Pro 46mm 钛金属款 拼多多 618 活动款","3C 数码","智能手表","拼多多 · 华为 百亿补贴品牌好货店","3c-watch-huawei-pdd-4-14","5","positive","价格","活动价入手比较划算，性价比可以。","近 11 天","基于商品字段生成的拟真模拟评论"
"3c-watch-huawei-pdd-4","3c-watch-huawei","华为 WATCH GT 6 Pro 46mm 钛金属款 拼多多 618 活动款","3C 数码","智能手表","拼多多 · 华为 百亿补贴品牌好货店","3c-watch-huawei-pdd-4-15","4","positive","续航健康","续航覆盖一周以上，日常心率和运动记录也比较稳定。","近 20 天","基于商品字段生成的拟真模拟评论"
"3c-watch-huawei-pdd-4","3c-watch-huawei","华为 WATCH GT 6 Pro 46mm 钛金属款 拼多多 618 活动款","3C 数码","智能手表","拼多多 · 华为 百亿补贴品牌好货店","3c-watch-huawei-pdd-4-16","3","negative","细节","客服解释比较慢，急用要提前确认。","近 15 天","基于商品字段生成的拟真模拟评论"
"3c-watch-huawei-pdd-4","3c-watch-huawei","华为 WATCH GT 6 Pro 46mm 钛金属款 拼多多 618 活动款","3C 数码","智能手表","拼多多 · 华为 百亿补贴品牌好货店","3c-watch-huawei-pdd-4-17","5","positive","履约服务","拼多多发货信息清楚，预计 3-5 天送达。","近 68 天","基于商品字段生成的拟真模拟评论"
"3c-watch-huawei-pdd-4","3c-watch-huawei","华为 WATCH GT 6 Pro 46mm 钛金属款 拼多多 618 活动款","3C 数码","智能手表","拼多多 · 华为 百亿补贴品牌好货店","3c-watch-huawei-pdd-4-18","5","positive","体验","发货速度快，包装也比较完整。","近 15 天","基于商品字段生成的拟真模拟评论"
"3c-watch-huawei-pdd-4","3c-watch-huawei","华为 WATCH GT 6 Pro 46mm 钛金属款 拼多多 618 活动款","3C 数码","智能手表","拼多多 · 华为 百亿补贴品牌好货店","3c-watch-huawei-pdd-4-19","2","negative","售后","赠品和主商品分开发货，等待时间更久。","近 4 天","基于商品字段生成的拟真模拟评论"
"3c-watch-huawei-pdd-4","3c-watch-huawei","华为 WATCH GT 6 Pro 46mm 钛金属款 拼多多 618 活动款","3C 数码","智能手表","拼多多 · 华为 百亿补贴品牌好货店","3c-watch-huawei-pdd-4-20","5","positive","价格","券后价格比线下便宜一些。","近 21 天","基于商品字段生成的拟真模拟评论"
"3c-watch-huawei-pdd-4","3c-watch-huawei","华为 WATCH GT 6 Pro 46mm 钛金属款 拼多多 618 活动款","3C 数码","智能手表","拼多多 · 华为 百亿补贴品牌好货店","3c-watch-huawei-pdd-4-21","5","positive","续航健康","健康监测项目齐全，长续航减少了频繁充电。","近 6 天","基于商品字段生成的拟真模拟评论"
"3c-watch-huawei-pdd-4","3c-watch-huawei","华为 WATCH GT 6 Pro 46mm 钛金属款 拼多多 618 活动款","3C 数码","智能手表","拼多多 · 华为 百亿补贴品牌好货店","3c-watch-huawei-pdd-4-22","2","negative","尺寸适配","部分健康功能依赖手机端，使用前要确认系统兼容。","近 31 天","基于商品字段生成的拟真模拟评论"
"3c-watch-huawei-pdd-4","3c-watch-huawei","华为 WATCH GT 6 Pro 46mm 钛金属款 拼多多 618 活动款","3C 数码","智能手表","拼多多 · 华为 百亿补贴品牌好货店","3c-watch-huawei-pdd-4-23","5","positive","履约服务","支持退换，需核对激活与拆封规则，下单前能比较明确地判断售后成本。","近 20 天","基于商品字段生成的拟真模拟评论"
"3c-watch-huawei-pdd-4","3c-watch-huawei","华为 WATCH GT 6 Pro 46mm 钛金属款 拼多多 618 活动款","3C 数码","智能手表","拼多多 · 华为 百亿补贴品牌好货店","3c-watch-huawei-pdd-4-24","4","positive","体验","实物和页面描述基本一致，整体满意。","近 40 天","基于商品字段生成的拟真模拟评论"
"3c-watch-huawei-jd-1","3c-watch-huawei","华为 WATCH GT 6 Pro 46mm 钛金属款 京东 618 活动款","3C 数码","智能手表","京东 · 华为 京东自营旗舰店","3c-watch-huawei-jd-1-1","5","positive","体验","实物和页面描述基本一致，整体满意。","近 86 天","基于商品字段生成的拟真模拟评论"
"3c-watch-huawei-jd-1","3c-watch-huawei","华为 WATCH GT 6 Pro 46mm 钛金属款 京东 618 活动款","3C 数码","智能手表","京东 · 华为 京东自营旗舰店","3c-watch-huawei-jd-1-2","2","negative","细节","部分细节和预期有差距，下单前要看清规格。","近 47 天","基于商品字段生成的拟真模拟评论"
"3c-watch-huawei-jd-1","3c-watch-huawei","华为 WATCH GT 6 Pro 46mm 钛金属款 京东 618 活动款","3C 数码","智能手表","京东 · 华为 京东自营旗舰店","3c-watch-huawei-jd-1-3","4","positive","价格","活动价入手比较划算，性价比可以。","近 69 天","基于商品字段生成的拟真模拟评论"
"3c-watch-huawei-jd-1","3c-watch-huawei","华为 WATCH GT 6 Pro 46mm 钛金属款 京东 618 活动款","3C 数码","智能手表","京东 · 华为 京东自营旗舰店","3c-watch-huawei-jd-1-4","5","positive","续航健康","续航覆盖一周以上，日常心率和运动记录也比较稳定。","近 78 天","基于商品字段生成的拟真模拟评论"
"3c-watch-huawei-jd-1","3c-watch-huawei","华为 WATCH GT 6 Pro 46mm 钛金属款 京东 618 活动款","3C 数码","智能手表","京东 · 华为 京东自营旗舰店","3c-watch-huawei-jd-1-5","5","positive","履约服务","京东发货信息清楚，次日送达。","近 46 天","基于商品字段生成的拟真模拟评论"
"3c-watch-huawei-jd-1","3c-watch-huawei","华为 WATCH GT 6 Pro 46mm 钛金属款 京东 618 活动款","3C 数码","智能手表","京东 · 华为 京东自营旗舰店","3c-watch-huawei-jd-1-6","4","positive","体验","发货速度快，包装也比较完整。","近 7 天","基于商品字段生成的拟真模拟评论"
"3c-watch-huawei-jd-1","3c-watch-huawei","华为 WATCH GT 6 Pro 46mm 钛金属款 京东 618 活动款","3C 数码","智能手表","京东 · 华为 京东自营旗舰店","3c-watch-huawei-jd-1-7","5","positive","价格","券后价格比线下便宜一些。","近 15 天","基于商品字段生成的拟真模拟评论"
"3c-watch-huawei-jd-1","3c-watch-huawei","华为 WATCH GT 6 Pro 46mm 钛金属款 京东 618 活动款","3C 数码","智能手表","京东 · 华为 京东自营旗舰店","3c-watch-huawei-jd-1-8","5","positive","续航健康","健康监测项目齐全，长续航减少了频繁充电。","近 83 天","基于商品字段生成的拟真模拟评论"
"3c-watch-huawei-jd-1","3c-watch-huawei","华为 WATCH GT 6 Pro 46mm 钛金属款 京东 618 活动款","3C 数码","智能手表","京东 · 华为 京东自营旗舰店","3c-watch-huawei-jd-1-9","4","positive","履约服务","7 天无理由，支持上门取件，下单前能比较明确地判断售后成本。","近 78 天","基于商品字段生成的拟真模拟评论"
"3c-watch-huawei-jd-1","3c-watch-huawei","华为 WATCH GT 6 Pro 46mm 钛金属款 京东 618 活动款","3C 数码","智能手表","京东 · 华为 京东自营旗舰店","3c-watch-huawei-jd-1-10","5","positive","体验","实物和页面描述基本一致，整体满意。","近 71 天","基于商品字段生成的拟真模拟评论"
"3c-watch-huawei-jd-1","3c-watch-huawei","华为 WATCH GT 6 Pro 46mm 钛金属款 京东 618 活动款","3C 数码","智能手表","京东 · 华为 京东自营旗舰店","3c-watch-huawei-jd-1-11","5","positive","价格","活动价入手比较划算，性价比可以。","近 10 天","基于商品字段生成的拟真模拟评论"
"3c-watch-huawei-jd-1","3c-watch-huawei","华为 WATCH GT 6 Pro 46mm 钛金属款 京东 618 活动款","3C 数码","智能手表","京东 · 华为 京东自营旗舰店","3c-watch-huawei-jd-1-12","4","positive","续航健康","续航覆盖一周以上，日常心率和运动记录也比较稳定。","近 59 天","基于商品字段生成的拟真模拟评论"
"3c-watch-huawei-jd-1","3c-watch-huawei","华为 WATCH GT 6 Pro 46mm 钛金属款 京东 618 活动款","3C 数码","智能手表","京东 · 华为 京东自营旗舰店","3c-watch-huawei-jd-1-13","5","positive","履约服务","京东发货信息清楚，次日送达。","近 10 天","基于商品字段生成的拟真模拟评论"
"3c-watch-huawei-jd-1","3c-watch-huawei","华为 WATCH GT 6 Pro 46mm 钛金属款 京东 618 活动款","3C 数码","智能手表","京东 · 华为 京东自营旗舰店","3c-watch-huawei-jd-1-14","5","positive","体验","发货速度快，包装也比较完整。","近 70 天","基于商品字段生成的拟真模拟评论"
"3c-watch-huawei-jd-1","3c-watch-huawei","华为 WATCH GT 6 Pro 46mm 钛金属款 京东 618 活动款","3C 数码","智能手表","京东 · 华为 京东自营旗舰店","3c-watch-huawei-jd-1-15","3","negative","售后","退换流程需要按平台规则走，不算特别快。","近 65 天","基于商品字段生成的拟真模拟评论"
"3c-watch-huawei-jd-1","3c-watch-huawei","华为 WATCH GT 6 Pro 46mm 钛金属款 京东 618 活动款","3C 数码","智能手表","京东 · 华为 京东自营旗舰店","3c-watch-huawei-jd-1-16","5","positive","价格","券后价格比线下便宜一些。","近 62 天","基于商品字段生成的拟真模拟评论"
"3c-watch-huawei-jd-1","3c-watch-huawei","华为 WATCH GT 6 Pro 46mm 钛金属款 京东 618 活动款","3C 数码","智能手表","京东 · 华为 京东自营旗舰店","3c-watch-huawei-jd-1-17","5","positive","续航健康","健康监测项目齐全，长续航减少了频繁充电。","近 3 天","基于商品字段生成的拟真模拟评论"
"3c-watch-huawei-jd-1","3c-watch-huawei","华为 WATCH GT 6 Pro 46mm 钛金属款 京东 618 活动款","3C 数码","智能手表","京东 · 华为 京东自营旗舰店","3c-watch-huawei-jd-1-18","5","positive","履约服务","7 天无理由，支持上门取件，下单前能比较明确地判断售后成本。","近 49 天","基于商品字段生成的拟真模拟评论"
"3c-watch-huawei-jd-1","3c-watch-huawei","华为 WATCH GT 6 Pro 46mm 钛金属款 京东 618 活动款","3C 数码","智能手表","京东 · 华为 京东自营旗舰店","3c-watch-huawei-jd-1-19","5","positive","体验","实物和页面描述基本一致，整体满意。","近 83 天","基于商品字段生成的拟真模拟评论"
"3c-watch-huawei-jd-1","3c-watch-huawei","华为 WATCH GT 6 Pro 46mm 钛金属款 京东 618 活动款","3C 数码","智能手表","京东 · 华为 京东自营旗舰店","3c-watch-huawei-jd-1-20","4","positive","价格","活动价入手比较划算，性价比可以。","近 50 天","基于商品字段生成的拟真模拟评论"
"3c-watch-huawei-jd-1","3c-watch-huawei","华为 WATCH GT 6 Pro 46mm 钛金属款 京东 618 活动款","3C 数码","智能手表","京东 · 华为 京东自营旗舰店","3c-watch-huawei-jd-1-21","2","negative","尺寸适配","表盘偏大，小手腕佩戴前最好先试一下。","近 33 天","基于商品字段生成的拟真模拟评论"
"3c-watch-huawei-jd-1","3c-watch-huawei","华为 WATCH GT 6 Pro 46mm 钛金属款 京东 618 活动款","3C 数码","智能手表","京东 · 华为 京东自营旗舰店","3c-watch-huawei-jd-1-22","5","positive","续航健康","续航覆盖一周以上，日常心率和运动记录也比较稳定。","近 53 天","基于商品字段生成的拟真模拟评论"
"3c-watch-huawei-jd-1","3c-watch-huawei","华为 WATCH GT 6 Pro 46mm 钛金属款 京东 618 活动款","3C 数码","智能手表","京东 · 华为 京东自营旗舰店","3c-watch-huawei-jd-1-23","4","positive","履约服务","京东发货信息清楚，次日送达。","近 88 天","基于商品字段生成的拟真模拟评论"
"3c-watch-huawei-jd-1","3c-watch-huawei","华为 WATCH GT 6 Pro 46mm 钛金属款 京东 618 活动款","3C 数码","智能手表","京东 · 华为 京东自营旗舰店","3c-watch-huawei-jd-1-24","2","negative","售后规则","退换仍需按“7 天无理由，支持上门取件”执行，拆封或使用前要先确认条件。","近 68 天","基于商品字段生成的拟真模拟评论"
"3c-watch-huawei-brand-3","3c-watch-huawei","华为 WATCH GT 6 Pro 46mm 钛金属款 品牌官网 618 活动款","3C 数码","智能手表","品牌官网 · 华为 品牌官方网站","3c-watch-huawei-brand-3-1","4","positive","体验","实物和页面描述基本一致，整体满意。","近 83 天","基于商品字段生成的拟真模拟评论"
"3c-watch-huawei-brand-3","3c-watch-huawei","华为 WATCH GT 6 Pro 46mm 钛金属款 品牌官网 618 活动款","3C 数码","智能手表","品牌官网 · 华为 品牌官方网站","3c-watch-huawei-brand-3-2","5","positive","价格","活动价入手比较划算，性价比可以。","近 34 天","基于商品字段生成的拟真模拟评论"
"3c-watch-huawei-brand-3","3c-watch-huawei","华为 WATCH GT 6 Pro 46mm 钛金属款 品牌官网 618 活动款","3C 数码","智能手表","品牌官网 · 华为 品牌官方网站","3c-watch-huawei-brand-3-3","2","negative","细节","部分细节和预期有差距，下单前要看清规格。","近 12 天","基于商品字段生成的拟真模拟评论"
"3c-watch-huawei-brand-3","3c-watch-huawei","华为 WATCH GT 6 Pro 46mm 钛金属款 品牌官网 618 活动款","3C 数码","智能手表","品牌官网 · 华为 品牌官方网站","3c-watch-huawei-brand-3-4","5","positive","续航健康","续航覆盖一周以上，日常心率和运动记录也比较稳定。","近 48 天","基于商品字段生成的拟真模拟评论"
"3c-watch-huawei-brand-3","3c-watch-huawei","华为 WATCH GT 6 Pro 46mm 钛金属款 品牌官网 618 活动款","3C 数码","智能手表","品牌官网 · 华为 品牌官方网站","3c-watch-huawei-brand-3-5","5","positive","履约服务","品牌官网发货信息清楚，预计 2-3 天送达。","近 75 天","基于商品字段生成的拟真模拟评论"
"3c-watch-huawei-brand-3","3c-watch-huawei","华为 WATCH GT 6 Pro 46mm 钛金属款 品牌官网 618 活动款","3C 数码","智能手表","品牌官网 · 华为 品牌官方网站","3c-watch-huawei-brand-3-6","4","positive","体验","发货速度快，包装也比较完整。","近 71 天","基于商品字段生成的拟真模拟评论"
"3c-watch-huawei-brand-3","3c-watch-huawei","华为 WATCH GT 6 Pro 46mm 钛金属款 品牌官网 618 活动款","3C 数码","智能手表","品牌官网 · 华为 品牌官方网站","3c-watch-huawei-brand-3-7","5","positive","价格","券后价格比线下便宜一些。","近 26 天","基于商品字段生成的拟真模拟评论"
"3c-watch-huawei-brand-3","3c-watch-huawei","华为 WATCH GT 6 Pro 46mm 钛金属款 品牌官网 618 活动款","3C 数码","智能手表","品牌官网 · 华为 品牌官方网站","3c-watch-huawei-brand-3-8","5","positive","续航健康","健康监测项目齐全，长续航减少了频繁充电。","近 25 天","基于商品字段生成的拟真模拟评论"
"3c-watch-huawei-brand-3","3c-watch-huawei","华为 WATCH GT 6 Pro 46mm 钛金属款 品牌官网 618 活动款","3C 数码","智能手表","品牌官网 · 华为 品牌官方网站","3c-watch-huawei-brand-3-9","5","positive","履约服务","官方 7 天退换政策，下单前能比较明确地判断售后成本。","近 79 天","基于商品字段生成的拟真模拟评论"
"3c-watch-huawei-brand-3","3c-watch-huawei","华为 WATCH GT 6 Pro 46mm 钛金属款 品牌官网 618 活动款","3C 数码","智能手表","品牌官网 · 华为 品牌官方网站","3c-watch-huawei-brand-3-10","5","positive","体验","实物和页面描述基本一致，整体满意。","近 41 天","基于商品字段生成的拟真模拟评论"
"3c-watch-huawei-brand-3","3c-watch-huawei","华为 WATCH GT 6 Pro 46mm 钛金属款 品牌官网 618 活动款","3C 数码","智能手表","品牌官网 · 华为 品牌官方网站","3c-watch-huawei-brand-3-11","5","positive","价格","活动价入手比较划算，性价比可以。","近 15 天","基于商品字段生成的拟真模拟评论"
"3c-watch-huawei-brand-3","3c-watch-huawei","华为 WATCH GT 6 Pro 46mm 钛金属款 品牌官网 618 活动款","3C 数码","智能手表","品牌官网 · 华为 品牌官方网站","3c-watch-huawei-brand-3-12","5","positive","续航健康","续航覆盖一周以上，日常心率和运动记录也比较稳定。","近 46 天","基于商品字段生成的拟真模拟评论"
"3c-watch-huawei-brand-3","3c-watch-huawei","华为 WATCH GT 6 Pro 46mm 钛金属款 品牌官网 618 活动款","3C 数码","智能手表","品牌官网 · 华为 品牌官方网站","3c-watch-huawei-brand-3-13","5","positive","履约服务","品牌官网发货信息清楚，预计 2-3 天送达。","近 8 天","基于商品字段生成的拟真模拟评论"
"3c-watch-huawei-brand-3","3c-watch-huawei","华为 WATCH GT 6 Pro 46mm 钛金属款 品牌官网 618 活动款","3C 数码","智能手表","品牌官网 · 华为 品牌官方网站","3c-watch-huawei-brand-3-14","5","positive","体验","发货速度快，包装也比较完整。","近 72 天","基于商品字段生成的拟真模拟评论"
"3c-watch-huawei-brand-3","3c-watch-huawei","华为 WATCH GT 6 Pro 46mm 钛金属款 品牌官网 618 活动款","3C 数码","智能手表","品牌官网 · 华为 品牌官方网站","3c-watch-huawei-brand-3-15","4","positive","价格","券后价格比线下便宜一些。","近 83 天","基于商品字段生成的拟真模拟评论"
"3c-watch-huawei-brand-3","3c-watch-huawei","华为 WATCH GT 6 Pro 46mm 钛金属款 品牌官网 618 活动款","3C 数码","智能手表","品牌官网 · 华为 品牌官方网站","3c-watch-huawei-brand-3-16","5","positive","续航健康","健康监测项目齐全，长续航减少了频繁充电。","近 28 天","基于商品字段生成的拟真模拟评论"
"3c-watch-huawei-brand-3","3c-watch-huawei","华为 WATCH GT 6 Pro 46mm 钛金属款 品牌官网 618 活动款","3C 数码","智能手表","品牌官网 · 华为 品牌官方网站","3c-watch-huawei-brand-3-17","4","positive","履约服务","官方 7 天退换政策，下单前能比较明确地判断售后成本。","近 85 天","基于商品字段生成的拟真模拟评论"
"3c-watch-huawei-brand-3","3c-watch-huawei","华为 WATCH GT 6 Pro 46mm 钛金属款 品牌官网 618 活动款","3C 数码","智能手表","品牌官网 · 华为 品牌官方网站","3c-watch-huawei-brand-3-18","3","negative","售后","退换流程需要按平台规则走，不算特别快。","近 79 天","基于商品字段生成的拟真模拟评论"
"3c-watch-huawei-brand-3","3c-watch-huawei","华为 WATCH GT 6 Pro 46mm 钛金属款 品牌官网 618 活动款","3C 数码","智能手表","品牌官网 · 华为 品牌官方网站","3c-watch-huawei-brand-3-19","5","positive","体验","实物和页面描述基本一致，整体满意。","近 54 天","基于商品字段生成的拟真模拟评论"
"3c-watch-huawei-brand-3","3c-watch-huawei","华为 WATCH GT 6 Pro 46mm 钛金属款 品牌官网 618 活动款","3C 数码","智能手表","品牌官网 · 华为 品牌官方网站","3c-watch-huawei-brand-3-20","4","positive","价格","活动价入手比较划算，性价比可以。","近 39 天","基于商品字段生成的拟真模拟评论"
"3c-watch-huawei-brand-3","3c-watch-huawei","华为 WATCH GT 6 Pro 46mm 钛金属款 品牌官网 618 活动款","3C 数码","智能手表","品牌官网 · 华为 品牌官方网站","3c-watch-huawei-brand-3-21","3","negative","尺寸适配","表盘偏大，小手腕佩戴前最好先试一下。","近 71 天","基于商品字段生成的拟真模拟评论"
"3c-watch-huawei-brand-3","3c-watch-huawei","华为 WATCH GT 6 Pro 46mm 钛金属款 品牌官网 618 活动款","3C 数码","智能手表","品牌官网 · 华为 品牌官方网站","3c-watch-huawei-brand-3-22","2","negative","售后规则","退换仍需按“官方 7 天退换政策”执行，拆封或使用前要先确认条件。","近 51 天","基于商品字段生成的拟真模拟评论"
"3c-watch-huawei-brand-3","3c-watch-huawei","华为 WATCH GT 6 Pro 46mm 钛金属款 品牌官网 618 活动款","3C 数码","智能手表","品牌官网 · 华为 品牌官方网站","3c-watch-huawei-brand-3-23","5","positive","续航健康","续航覆盖一周以上，日常心率和运动记录也比较稳定。","近 37 天","基于商品字段生成的拟真模拟评论"
"3c-watch-huawei-brand-3","3c-watch-huawei","华为 WATCH GT 6 Pro 46mm 钛金属款 品牌官网 618 活动款","3C 数码","智能手表","品牌官网 · 华为 品牌官方网站","3c-watch-huawei-brand-3-24","5","positive","履约服务","品牌官网发货信息清楚，预计 2-3 天送达。","近 49 天","基于商品字段生成的拟真模拟评论"
"3c-watch-huawei-amazon-5","3c-watch-huawei","华为 WATCH GT 6 Pro 46mm 钛金属款 亚马逊 618 活动款","3C 数码","智能手表","亚马逊 · 华为 Amazon Global Store","3c-watch-huawei-amazon-5-1","5","positive","体验","实物和页面描述基本一致，整体满意。","近 9 天","基于商品字段生成的拟真模拟评论"
"3c-watch-huawei-amazon-5","3c-watch-huawei","华为 WATCH GT 6 Pro 46mm 钛金属款 亚马逊 618 活动款","3C 数码","智能手表","亚马逊 · 华为 Amazon Global Store","3c-watch-huawei-amazon-5-2","5","positive","价格","活动价入手比较划算，性价比可以。","近 47 天","基于商品字段生成的拟真模拟评论"
"3c-watch-huawei-amazon-5","3c-watch-huawei","华为 WATCH GT 6 Pro 46mm 钛金属款 亚马逊 618 活动款","3C 数码","智能手表","亚马逊 · 华为 Amazon Global Store","3c-watch-huawei-amazon-5-3","5","positive","续航健康","续航覆盖一周以上，日常心率和运动记录也比较稳定。","近 10 天","基于商品字段生成的拟真模拟评论"
"3c-watch-huawei-amazon-5","3c-watch-huawei","华为 WATCH GT 6 Pro 46mm 钛金属款 亚马逊 618 活动款","3C 数码","智能手表","亚马逊 · 华为 Amazon Global Store","3c-watch-huawei-amazon-5-4","5","positive","履约服务","亚马逊发货信息清楚，预计 7-12 天送达。","近 45 天","基于商品字段生成的拟真模拟评论"
"3c-watch-huawei-amazon-5","3c-watch-huawei","华为 WATCH GT 6 Pro 46mm 钛金属款 亚马逊 618 活动款","3C 数码","智能手表","亚马逊 · 华为 Amazon Global Store","3c-watch-huawei-amazon-5-5","3","negative","细节","部分细节和预期有差距，下单前要看清规格。","近 4 天","基于商品字段生成的拟真模拟评论"
"3c-watch-huawei-amazon-5","3c-watch-huawei","华为 WATCH GT 6 Pro 46mm 钛金属款 亚马逊 618 活动款","3C 数码","智能手表","亚马逊 · 华为 Amazon Global Store","3c-watch-huawei-amazon-5-6","4","positive","体验","发货速度快，包装也比较完整。","近 65 天","基于商品字段生成的拟真模拟评论"
"3c-watch-huawei-amazon-5","3c-watch-huawei","华为 WATCH GT 6 Pro 46mm 钛金属款 亚马逊 618 活动款","3C 数码","智能手表","亚马逊 · 华为 Amazon Global Store","3c-watch-huawei-amazon-5-7","5","positive","价格","券后价格比线下便宜一些。","近 9 天","基于商品字段生成的拟真模拟评论"
"3c-watch-huawei-amazon-5","3c-watch-huawei","华为 WATCH GT 6 Pro 46mm 钛金属款 亚马逊 618 活动款","3C 数码","智能手表","亚马逊 · 华为 Amazon Global Store","3c-watch-huawei-amazon-5-8","5","positive","续航健康","健康监测项目齐全，长续航减少了频繁充电。","近 54 天","基于商品字段生成的拟真模拟评论"
"3c-watch-huawei-amazon-5","3c-watch-huawei","华为 WATCH GT 6 Pro 46mm 钛金属款 亚马逊 618 活动款","3C 数码","智能手表","亚马逊 · 华为 Amazon Global Store","3c-watch-huawei-amazon-5-9","2","negative","售后","退换流程需要按平台规则走，不算特别快。","近 53 天","基于商品字段生成的拟真模拟评论"
"3c-watch-huawei-amazon-5","3c-watch-huawei","华为 WATCH GT 6 Pro 46mm 钛金属款 亚马逊 618 活动款","3C 数码","智能手表","亚马逊 · 华为 Amazon Global Store","3c-watch-huawei-amazon-5-10","3","negative","尺寸适配","表盘偏大，小手腕佩戴前最好先试一下。","近 84 天","基于商品字段生成的拟真模拟评论"
"3c-watch-huawei-amazon-5","3c-watch-huawei","华为 WATCH GT 6 Pro 46mm 钛金属款 亚马逊 618 活动款","3C 数码","智能手表","亚马逊 · 华为 Amazon Global Store","3c-watch-huawei-amazon-5-11","3","negative","售后规则","退换仍需按“跨境退货，费用按页面规则”执行，拆封或使用前要先确认条件。","近 11 天","基于商品字段生成的拟真模拟评论"
"3c-watch-huawei-amazon-5","3c-watch-huawei","华为 WATCH GT 6 Pro 46mm 钛金属款 亚马逊 618 活动款","3C 数码","智能手表","亚马逊 · 华为 Amazon Global Store","3c-watch-huawei-amazon-5-12","5","positive","履约服务","跨境退货，费用按页面规则，下单前能比较明确地判断售后成本。","近 29 天","基于商品字段生成的拟真模拟评论"
"3c-watch-huawei-amazon-5","3c-watch-huawei","华为 WATCH GT 6 Pro 46mm 钛金属款 亚马逊 618 活动款","3C 数码","智能手表","亚马逊 · 华为 Amazon Global Store","3c-watch-huawei-amazon-5-13","4","positive","体验","实物和页面描述基本一致，整体满意。","近 47 天","基于商品字段生成的拟真模拟评论"
"3c-watch-huawei-amazon-5","3c-watch-huawei","华为 WATCH GT 6 Pro 46mm 钛金属款 亚马逊 618 活动款","3C 数码","智能手表","亚马逊 · 华为 Amazon Global Store","3c-watch-huawei-amazon-5-14","4","positive","价格","活动价入手比较划算，性价比可以。","近 30 天","基于商品字段生成的拟真模拟评论"
"3c-watch-huawei-amazon-5","3c-watch-huawei","华为 WATCH GT 6 Pro 46mm 钛金属款 亚马逊 618 活动款","3C 数码","智能手表","亚马逊 · 华为 Amazon Global Store","3c-watch-huawei-amazon-5-15","5","positive","续航健康","续航覆盖一周以上，日常心率和运动记录也比较稳定。","近 32 天","基于商品字段生成的拟真模拟评论"
"3c-watch-huawei-amazon-5","3c-watch-huawei","华为 WATCH GT 6 Pro 46mm 钛金属款 亚马逊 618 活动款","3C 数码","智能手表","亚马逊 · 华为 Amazon Global Store","3c-watch-huawei-amazon-5-16","5","positive","履约服务","亚马逊发货信息清楚，预计 7-12 天送达。","近 19 天","基于商品字段生成的拟真模拟评论"
"3c-watch-huawei-amazon-5","3c-watch-huawei","华为 WATCH GT 6 Pro 46mm 钛金属款 亚马逊 618 活动款","3C 数码","智能手表","亚马逊 · 华为 Amazon Global Store","3c-watch-huawei-amazon-5-17","3","negative","细节","客服解释比较慢，急用要提前确认。","近 24 天","基于商品字段生成的拟真模拟评论"
"3c-watch-huawei-amazon-5","3c-watch-huawei","华为 WATCH GT 6 Pro 46mm 钛金属款 亚马逊 618 活动款","3C 数码","智能手表","亚马逊 · 华为 Amazon Global Store","3c-watch-huawei-amazon-5-18","4","positive","体验","发货速度快，包装也比较完整。","近 3 天","基于商品字段生成的拟真模拟评论"
"3c-watch-huawei-amazon-5","3c-watch-huawei","华为 WATCH GT 6 Pro 46mm 钛金属款 亚马逊 618 活动款","3C 数码","智能手表","亚马逊 · 华为 Amazon Global Store","3c-watch-huawei-amazon-5-19","5","positive","价格","券后价格比线下便宜一些。","近 39 天","基于商品字段生成的拟真模拟评论"
"3c-watch-huawei-amazon-5","3c-watch-huawei","华为 WATCH GT 6 Pro 46mm 钛金属款 亚马逊 618 活动款","3C 数码","智能手表","亚马逊 · 华为 Amazon Global Store","3c-watch-huawei-amazon-5-20","5","positive","续航健康","健康监测项目齐全，长续航减少了频繁充电。","近 15 天","基于商品字段生成的拟真模拟评论"
"3c-watch-huawei-amazon-5","3c-watch-huawei","华为 WATCH GT 6 Pro 46mm 钛金属款 亚马逊 618 活动款","3C 数码","智能手表","亚马逊 · 华为 Amazon Global Store","3c-watch-huawei-amazon-5-21","5","positive","履约服务","跨境退货，费用按页面规则，下单前能比较明确地判断售后成本。","近 88 天","基于商品字段生成的拟真模拟评论"
"3c-watch-huawei-amazon-5","3c-watch-huawei","华为 WATCH GT 6 Pro 46mm 钛金属款 亚马逊 618 活动款","3C 数码","智能手表","亚马逊 · 华为 Amazon Global Store","3c-watch-huawei-amazon-5-22","4","positive","体验","实物和页面描述基本一致，整体满意。","近 27 天","基于商品字段生成的拟真模拟评论"
"3c-watch-huawei-amazon-5","3c-watch-huawei","华为 WATCH GT 6 Pro 46mm 钛金属款 亚马逊 618 活动款","3C 数码","智能手表","亚马逊 · 华为 Amazon Global Store","3c-watch-huawei-amazon-5-23","4","positive","价格","活动价入手比较划算，性价比可以。","近 53 天","基于商品字段生成的拟真模拟评论"
"3c-watch-huawei-amazon-5","3c-watch-huawei","华为 WATCH GT 6 Pro 46mm 钛金属款 亚马逊 618 活动款","3C 数码","智能手表","亚马逊 · 华为 Amazon Global Store","3c-watch-huawei-amazon-5-24","4","positive","续航健康","续航覆盖一周以上，日常心率和运动记录也比较稳定。","近 4 天","基于商品字段生成的拟真模拟评论"
"3c-camera-sony-taobao-2","3c-camera-sony","Sony 索尼 ZV-E10 II 16-50mm 微单套机 天猫 618 活动款","3C 数码","相机","天猫 · Sony 品牌天猫官方旗舰店","3c-camera-sony-taobao-2-1","5","positive","画质","直出颜色比预期舒服，人像肤色不用怎么调。","近 2 天","基于商品字段生成的拟真模拟评论"
"3c-camera-sony-taobao-2","3c-camera-sony","Sony 索尼 ZV-E10 II 16-50mm 微单套机 天猫 618 活动款","3C 数码","相机","天猫 · Sony 品牌天猫官方旗舰店","3c-camera-sony-taobao-2-2","5","positive","视频","拍 Vlog 很省心，翻转屏和收音配件都好搭。","近 84 天","基于商品字段生成的拟真模拟评论"
"3c-camera-sony-taobao-2","3c-camera-sony","Sony 索尼 ZV-E10 II 16-50mm 微单套机 天猫 618 活动款","3C 数码","相机","天猫 · Sony 品牌天猫官方旗舰店","3c-camera-sony-taobao-2-3","5","positive","便携","机身轻，旅行背一天没有明显负担。","近 43 天","基于商品字段生成的拟真模拟评论"
"3c-camera-sony-taobao-2","3c-camera-sony","Sony 索尼 ZV-E10 II 16-50mm 微单套机 天猫 618 活动款","3C 数码","相机","天猫 · Sony 品牌天猫官方旗舰店","3c-camera-sony-taobao-2-4","5","positive","渠道","发货快，包装完整，查验是正品。","近 75 天","基于商品字段生成的拟真模拟评论"
"3c-camera-sony-taobao-2","3c-camera-sony","Sony 索尼 ZV-E10 II 16-50mm 微单套机 天猫 618 活动款","3C 数码","相机","天猫 · Sony 品牌天猫官方旗舰店","3c-camera-sony-taobao-2-5","5","positive","履约服务","天猫发货信息清楚，预计 2 天送达。","近 75 天","基于商品字段生成的拟真模拟评论"
"3c-camera-sony-taobao-2","3c-camera-sony","Sony 索尼 ZV-E10 II 16-50mm 微单套机 天猫 618 活动款","3C 数码","相机","天猫 · Sony 品牌天猫官方旗舰店","3c-camera-sony-taobao-2-6","5","positive","画质","套机镜头日常够用，白天拍照清晰度不错。","近 52 天","基于商品字段生成的拟真模拟评论"
"3c-camera-sony-taobao-2","3c-camera-sony","Sony 索尼 ZV-E10 II 16-50mm 微单套机 天猫 618 活动款","3C 数码","相机","天猫 · Sony 品牌天猫官方旗舰店","3c-camera-sony-taobao-2-7","4","positive","视频","4K 视频细节够用，边走边拍也能出片。","近 32 天","基于商品字段生成的拟真模拟评论"
"3c-camera-sony-taobao-2","3c-camera-sony","Sony 索尼 ZV-E10 II 16-50mm 微单套机 天猫 618 活动款","3C 数码","相机","天猫 · Sony 品牌天猫官方旗舰店","3c-camera-sony-taobao-2-8","4","positive","便携","比单反轻很多，日常通勤也愿意带出门。","近 16 天","基于商品字段生成的拟真模拟评论"
"3c-camera-sony-taobao-2","3c-camera-sony","Sony 索尼 ZV-E10 II 16-50mm 微单套机 天猫 618 活动款","3C 数码","相机","天猫 · Sony 品牌天猫官方旗舰店","3c-camera-sony-taobao-2-9","5","positive","渠道","客服回复及时，发票和保修说明比较清楚。","近 55 天","基于商品字段生成的拟真模拟评论"
"3c-camera-sony-taobao-2","3c-camera-sony","Sony 索尼 ZV-E10 II 16-50mm 微单套机 天猫 618 活动款","3C 数码","相机","天猫 · Sony 品牌天猫官方旗舰店","3c-camera-sony-taobao-2-10","2","negative","续航","电池不算耐用，出门最好再配一块备用电池。","近 88 天","基于商品字段生成的拟真模拟评论"
"3c-camera-sony-taobao-2","3c-camera-sony","Sony 索尼 ZV-E10 II 16-50mm 微单套机 天猫 618 活动款","3C 数码","相机","天猫 · Sony 品牌天猫官方旗舰店","3c-camera-sony-taobao-2-11","5","positive","履约服务","7 天无理由，退货运费险，下单前能比较明确地判断售后成本。","近 43 天","基于商品字段生成的拟真模拟评论"
"3c-camera-sony-taobao-2","3c-camera-sony","Sony 索尼 ZV-E10 II 16-50mm 微单套机 天猫 618 活动款","3C 数码","相机","天猫 · Sony 品牌天猫官方旗舰店","3c-camera-sony-taobao-2-12","4","positive","画质","对焦反应快，拍孩子和宠物不太容易糊。","近 3 天","基于商品字段生成的拟真模拟评论"
"3c-camera-sony-taobao-2","3c-camera-sony","Sony 索尼 ZV-E10 II 16-50mm 微单套机 天猫 618 活动款","3C 数码","相机","天猫 · Sony 品牌天猫官方旗舰店","3c-camera-sony-taobao-2-13","5","positive","视频","新手拍短视频上手快，菜单逻辑比较直观。","近 33 天","基于商品字段生成的拟真模拟评论"
"3c-camera-sony-taobao-2","3c-camera-sony","Sony 索尼 ZV-E10 II 16-50mm 微单套机 天猫 618 活动款","3C 数码","相机","天猫 · Sony 品牌天猫官方旗舰店","3c-camera-sony-taobao-2-14","3","negative","镜头","套头够入门，但夜景和虚化还是要另配镜头。","近 73 天","基于商品字段生成的拟真模拟评论"
"3c-camera-sony-taobao-2","3c-camera-sony","Sony 索尼 ZV-E10 II 16-50mm 微单套机 天猫 618 活动款","3C 数码","相机","天猫 · Sony 品牌天猫官方旗舰店","3c-camera-sony-taobao-2-15","5","positive","便携","机身轻，旅行背一天没有明显负担。","近 71 天","基于商品字段生成的拟真模拟评论"
"3c-camera-sony-taobao-2","3c-camera-sony","Sony 索尼 ZV-E10 II 16-50mm 微单套机 天猫 618 活动款","3C 数码","相机","天猫 · Sony 品牌天猫官方旗舰店","3c-camera-sony-taobao-2-16","3","negative","价格","活动价波动有点大，刚买完就看到便宜了一点。","近 31 天","基于商品字段生成的拟真模拟评论"
"3c-camera-sony-taobao-2","3c-camera-sony","Sony 索尼 ZV-E10 II 16-50mm 微单套机 天猫 618 活动款","3C 数码","相机","天猫 · Sony 品牌天猫官方旗舰店","3c-camera-sony-taobao-2-17","4","positive","渠道","发货快，包装完整，查验是正品。","近 30 天","基于商品字段生成的拟真模拟评论"
"3c-camera-sony-taobao-2","3c-camera-sony","Sony 索尼 ZV-E10 II 16-50mm 微单套机 天猫 618 活动款","3C 数码","相机","天猫 · Sony 品牌天猫官方旗舰店","3c-camera-sony-taobao-2-18","5","positive","履约服务","天猫发货信息清楚，预计 2 天送达。","近 45 天","基于商品字段生成的拟真模拟评论"
"3c-camera-sony-taobao-2","3c-camera-sony","Sony 索尼 ZV-E10 II 16-50mm 微单套机 天猫 618 活动款","3C 数码","相机","天猫 · Sony 品牌天猫官方旗舰店","3c-camera-sony-taobao-2-19","5","positive","画质","直出颜色比预期舒服，人像肤色不用怎么调。","近 31 天","基于商品字段生成的拟真模拟评论"
"3c-camera-sony-taobao-2","3c-camera-sony","Sony 索尼 ZV-E10 II 16-50mm 微单套机 天猫 618 活动款","3C 数码","相机","天猫 · Sony 品牌天猫官方旗舰店","3c-camera-sony-taobao-2-20","4","positive","视频","拍 Vlog 很省心，翻转屏和收音配件都好搭。","近 2 天","基于商品字段生成的拟真模拟评论"
"3c-camera-sony-taobao-2","3c-camera-sony","Sony 索尼 ZV-E10 II 16-50mm 微单套机 天猫 618 活动款","3C 数码","相机","天猫 · Sony 品牌天猫官方旗舰店","3c-camera-sony-taobao-2-21","4","positive","便携","比单反轻很多，日常通勤也愿意带出门。","近 53 天","基于商品字段生成的拟真模拟评论"
"3c-camera-sony-taobao-2","3c-camera-sony","Sony 索尼 ZV-E10 II 16-50mm 微单套机 天猫 618 活动款","3C 数码","相机","天猫 · Sony 品牌天猫官方旗舰店","3c-camera-sony-taobao-2-22","2","negative","售后规则","退换仍需按“7 天无理由，退货运费险”执行，拆封或使用前要先确认条件。","近 75 天","基于商品字段生成的拟真模拟评论"
"3c-camera-sony-taobao-2","3c-camera-sony","Sony 索尼 ZV-E10 II 16-50mm 微单套机 天猫 618 活动款","3C 数码","相机","天猫 · Sony 品牌天猫官方旗舰店","3c-camera-sony-taobao-2-23","5","positive","渠道","客服回复及时，发票和保修说明比较清楚。","近 54 天","基于商品字段生成的拟真模拟评论"
"3c-camera-sony-taobao-2","3c-camera-sony","Sony 索尼 ZV-E10 II 16-50mm 微单套机 天猫 618 活动款","3C 数码","相机","天猫 · Sony 品牌天猫官方旗舰店","3c-camera-sony-taobao-2-24","5","positive","履约服务","7 天无理由，退货运费险，下单前能比较明确地判断售后成本。","近 45 天","基于商品字段生成的拟真模拟评论"
"3c-camera-sony-pdd-4","3c-camera-sony","Sony 索尼 ZV-E10 II 16-50mm 微单套机 拼多多 618 活动款","3C 数码","相机","拼多多 · Sony 百亿补贴品牌好货店","3c-camera-sony-pdd-4-1","5","positive","画质","直出颜色比预期舒服，人像肤色不用怎么调。","近 77 天","基于商品字段生成的拟真模拟评论"
"3c-camera-sony-pdd-4","3c-camera-sony","Sony 索尼 ZV-E10 II 16-50mm 微单套机 拼多多 618 活动款","3C 数码","相机","拼多多 · Sony 百亿补贴品牌好货店","3c-camera-sony-pdd-4-2","4","positive","视频","拍 Vlog 很省心，翻转屏和收音配件都好搭。","近 60 天","基于商品字段生成的拟真模拟评论"
"3c-camera-sony-pdd-4","3c-camera-sony","Sony 索尼 ZV-E10 II 16-50mm 微单套机 拼多多 618 活动款","3C 数码","相机","拼多多 · Sony 百亿补贴品牌好货店","3c-camera-sony-pdd-4-3","2","negative","续航","电池不算耐用，出门最好再配一块备用电池。","近 68 天","基于商品字段生成的拟真模拟评论"
"3c-camera-sony-pdd-4","3c-camera-sony","Sony 索尼 ZV-E10 II 16-50mm 微单套机 拼多多 618 活动款","3C 数码","相机","拼多多 · Sony 百亿补贴品牌好货店","3c-camera-sony-pdd-4-4","3","negative","镜头","套头够入门，但夜景和虚化还是要另配镜头。","近 26 天","基于商品字段生成的拟真模拟评论"
"3c-camera-sony-pdd-4","3c-camera-sony","Sony 索尼 ZV-E10 II 16-50mm 微单套机 拼多多 618 活动款","3C 数码","相机","拼多多 · Sony 百亿补贴品牌好货店","3c-camera-sony-pdd-4-5","5","positive","便携","机身轻，旅行背一天没有明显负担。","近 36 天","基于商品字段生成的拟真模拟评论"
"3c-camera-sony-pdd-4","3c-camera-sony","Sony 索尼 ZV-E10 II 16-50mm 微单套机 拼多多 618 活动款","3C 数码","相机","拼多多 · Sony 百亿补贴品牌好货店","3c-camera-sony-pdd-4-6","5","positive","渠道","发货快，包装完整，查验是正品。","近 5 天","基于商品字段生成的拟真模拟评论"
"3c-camera-sony-pdd-4","3c-camera-sony","Sony 索尼 ZV-E10 II 16-50mm 微单套机 拼多多 618 活动款","3C 数码","相机","拼多多 · Sony 百亿补贴品牌好货店","3c-camera-sony-pdd-4-7","5","positive","履约服务","拼多多发货信息清楚，预计 3-5 天送达。","近 60 天","基于商品字段生成的拟真模拟评论"
"3c-camera-sony-pdd-4","3c-camera-sony","Sony 索尼 ZV-E10 II 16-50mm 微单套机 拼多多 618 活动款","3C 数码","相机","拼多多 · Sony 百亿补贴品牌好货店","3c-camera-sony-pdd-4-8","2","negative","价格","活动价波动有点大，刚买完就看到便宜了一点。","近 11 天","基于商品字段生成的拟真模拟评论"
"3c-camera-sony-pdd-4","3c-camera-sony","Sony 索尼 ZV-E10 II 16-50mm 微单套机 拼多多 618 活动款","3C 数码","相机","拼多多 · Sony 百亿补贴品牌好货店","3c-camera-sony-pdd-4-9","2","negative","售后规则","退换仍需按“支持退换，需核对激活与拆封规则”执行，拆封或使用前要先确认条件。","近 42 天","基于商品字段生成的拟真模拟评论"
"3c-camera-sony-pdd-4","3c-camera-sony","Sony 索尼 ZV-E10 II 16-50mm 微单套机 拼多多 618 活动款","3C 数码","相机","拼多多 · Sony 百亿补贴品牌好货店","3c-camera-sony-pdd-4-10","5","positive","画质","套机镜头日常够用，白天拍照清晰度不错。","近 24 天","基于商品字段生成的拟真模拟评论"
"3c-camera-sony-pdd-4","3c-camera-sony","Sony 索尼 ZV-E10 II 16-50mm 微单套机 拼多多 618 活动款","3C 数码","相机","拼多多 · Sony 百亿补贴品牌好货店","3c-camera-sony-pdd-4-11","3","negative","续航","连续拍视频掉电快，长时间拍摄要带充电宝。","近 68 天","基于商品字段生成的拟真模拟评论"
"3c-camera-sony-pdd-4","3c-camera-sony","Sony 索尼 ZV-E10 II 16-50mm 微单套机 拼多多 618 活动款","3C 数码","相机","拼多多 · Sony 百亿补贴品牌好货店","3c-camera-sony-pdd-4-12","4","positive","视频","4K 视频细节够用，边走边拍也能出片。","近 27 天","基于商品字段生成的拟真模拟评论"
"3c-camera-sony-pdd-4","3c-camera-sony","Sony 索尼 ZV-E10 II 16-50mm 微单套机 拼多多 618 活动款","3C 数码","相机","拼多多 · Sony 百亿补贴品牌好货店","3c-camera-sony-pdd-4-13","5","positive","便携","比单反轻很多，日常通勤也愿意带出门。","近 85 天","基于商品字段生成的拟真模拟评论"
"3c-camera-sony-pdd-4","3c-camera-sony","Sony 索尼 ZV-E10 II 16-50mm 微单套机 拼多多 618 活动款","3C 数码","相机","拼多多 · Sony 百亿补贴品牌好货店","3c-camera-sony-pdd-4-14","5","positive","渠道","客服回复及时，发票和保修说明比较清楚。","近 10 天","基于商品字段生成的拟真模拟评论"
"3c-camera-sony-pdd-4","3c-camera-sony","Sony 索尼 ZV-E10 II 16-50mm 微单套机 拼多多 618 活动款","3C 数码","相机","拼多多 · Sony 百亿补贴品牌好货店","3c-camera-sony-pdd-4-15","5","positive","履约服务","支持退换，需核对激活与拆封规则，下单前能比较明确地判断售后成本。","近 7 天","基于商品字段生成的拟真模拟评论"
"3c-camera-sony-pdd-4","3c-camera-sony","Sony 索尼 ZV-E10 II 16-50mm 微单套机 拼多多 618 活动款","3C 数码","相机","拼多多 · Sony 百亿补贴品牌好货店","3c-camera-sony-pdd-4-16","4","positive","画质","对焦反应快，拍孩子和宠物不太容易糊。","近 81 天","基于商品字段生成的拟真模拟评论"
"3c-camera-sony-pdd-4","3c-camera-sony","Sony 索尼 ZV-E10 II 16-50mm 微单套机 拼多多 618 活动款","3C 数码","相机","拼多多 · Sony 百亿补贴品牌好货店","3c-camera-sony-pdd-4-17","5","positive","视频","新手拍短视频上手快，菜单逻辑比较直观。","近 4 天","基于商品字段生成的拟真模拟评论"
"3c-camera-sony-pdd-4","3c-camera-sony","Sony 索尼 ZV-E10 II 16-50mm 微单套机 拼多多 618 活动款","3C 数码","相机","拼多多 · Sony 百亿补贴品牌好货店","3c-camera-sony-pdd-4-18","4","positive","便携","机身轻，旅行背一天没有明显负担。","近 37 天","基于商品字段生成的拟真模拟评论"
"3c-camera-sony-pdd-4","3c-camera-sony","Sony 索尼 ZV-E10 II 16-50mm 微单套机 拼多多 618 活动款","3C 数码","相机","拼多多 · Sony 百亿补贴品牌好货店","3c-camera-sony-pdd-4-19","4","positive","渠道","发货快，包装完整，查验是正品。","近 18 天","基于商品字段生成的拟真模拟评论"
"3c-camera-sony-pdd-4","3c-camera-sony","Sony 索尼 ZV-E10 II 16-50mm 微单套机 拼多多 618 活动款","3C 数码","相机","拼多多 · Sony 百亿补贴品牌好货店","3c-camera-sony-pdd-4-20","5","positive","履约服务","拼多多发货信息清楚，预计 3-5 天送达。","近 10 天","基于商品字段生成的拟真模拟评论"
"3c-camera-sony-pdd-4","3c-camera-sony","Sony 索尼 ZV-E10 II 16-50mm 微单套机 拼多多 618 活动款","3C 数码","相机","拼多多 · Sony 百亿补贴品牌好货店","3c-camera-sony-pdd-4-21","5","positive","画质","直出颜色比预期舒服，人像肤色不用怎么调。","近 5 天","基于商品字段生成的拟真模拟评论"
"3c-camera-sony-pdd-4","3c-camera-sony","Sony 索尼 ZV-E10 II 16-50mm 微单套机 拼多多 618 活动款","3C 数码","相机","拼多多 · Sony 百亿补贴品牌好货店","3c-camera-sony-pdd-4-22","3","negative","镜头","想拍更专业的视频，配件预算要提前算进去。","近 78 天","基于商品字段生成的拟真模拟评论"
"3c-camera-sony-pdd-4","3c-camera-sony","Sony 索尼 ZV-E10 II 16-50mm 微单套机 拼多多 618 活动款","3C 数码","相机","拼多多 · Sony 百亿补贴品牌好货店","3c-camera-sony-pdd-4-23","2","negative","价格","赠品看起来多，但真正有用的配件不算多。","近 62 天","基于商品字段生成的拟真模拟评论"
"3c-camera-sony-pdd-4","3c-camera-sony","Sony 索尼 ZV-E10 II 16-50mm 微单套机 拼多多 618 活动款","3C 数码","相机","拼多多 · Sony 百亿补贴品牌好货店","3c-camera-sony-pdd-4-24","5","positive","视频","拍 Vlog 很省心，翻转屏和收音配件都好搭。","近 32 天","基于商品字段生成的拟真模拟评论"
"3c-camera-sony-jd-1","3c-camera-sony","Sony 索尼 ZV-E10 II 16-50mm 微单套机 京东 618 活动款","3C 数码","相机","京东 · Sony 京东自营旗舰店","3c-camera-sony-jd-1-1","5","positive","画质","直出颜色比预期舒服，人像肤色不用怎么调。","近 86 天","基于商品字段生成的拟真模拟评论"
"3c-camera-sony-jd-1","3c-camera-sony","Sony 索尼 ZV-E10 II 16-50mm 微单套机 京东 618 活动款","3C 数码","相机","京东 · Sony 京东自营旗舰店","3c-camera-sony-jd-1-2","5","positive","视频","拍 Vlog 很省心，翻转屏和收音配件都好搭。","近 40 天","基于商品字段生成的拟真模拟评论"
"3c-camera-sony-jd-1","3c-camera-sony","Sony 索尼 ZV-E10 II 16-50mm 微单套机 京东 618 活动款","3C 数码","相机","京东 · Sony 京东自营旗舰店","3c-camera-sony-jd-1-3","2","negative","续航","电池不算耐用，出门最好再配一块备用电池。","近 63 天","基于商品字段生成的拟真模拟评论"
"3c-camera-sony-jd-1","3c-camera-sony","Sony 索尼 ZV-E10 II 16-50mm 微单套机 京东 618 活动款","3C 数码","相机","京东 · Sony 京东自营旗舰店","3c-camera-sony-jd-1-4","3","negative","镜头","套头够入门，但夜景和虚化还是要另配镜头。","近 86 天","基于商品字段生成的拟真模拟评论"
"3c-camera-sony-jd-1","3c-camera-sony","Sony 索尼 ZV-E10 II 16-50mm 微单套机 京东 618 活动款","3C 数码","相机","京东 · Sony 京东自营旗舰店","3c-camera-sony-jd-1-5","5","positive","便携","机身轻，旅行背一天没有明显负担。","近 66 天","基于商品字段生成的拟真模拟评论"
"3c-camera-sony-jd-1","3c-camera-sony","Sony 索尼 ZV-E10 II 16-50mm 微单套机 京东 618 活动款","3C 数码","相机","京东 · Sony 京东自营旗舰店","3c-camera-sony-jd-1-6","2","negative","价格","活动价波动有点大，刚买完就看到便宜了一点。","近 7 天","基于商品字段生成的拟真模拟评论"
"3c-camera-sony-jd-1","3c-camera-sony","Sony 索尼 ZV-E10 II 16-50mm 微单套机 京东 618 活动款","3C 数码","相机","京东 · Sony 京东自营旗舰店","3c-camera-sony-jd-1-7","4","positive","渠道","发货快，包装完整，查验是正品。","近 85 天","基于商品字段生成的拟真模拟评论"
"3c-camera-sony-jd-1","3c-camera-sony","Sony 索尼 ZV-E10 II 16-50mm 微单套机 京东 618 活动款","3C 数码","相机","京东 · Sony 京东自营旗舰店","3c-camera-sony-jd-1-8","4","positive","履约服务","京东发货信息清楚，次日送达。","近 10 天","基于商品字段生成的拟真模拟评论"
"3c-camera-sony-jd-1","3c-camera-sony","Sony 索尼 ZV-E10 II 16-50mm 微单套机 京东 618 活动款","3C 数码","相机","京东 · Sony 京东自营旗舰店","3c-camera-sony-jd-1-9","5","positive","画质","套机镜头日常够用，白天拍照清晰度不错。","近 39 天","基于商品字段生成的拟真模拟评论"
"3c-camera-sony-jd-1","3c-camera-sony","Sony 索尼 ZV-E10 II 16-50mm 微单套机 京东 618 活动款","3C 数码","相机","京东 · Sony 京东自营旗舰店","3c-camera-sony-jd-1-10","5","positive","视频","4K 视频细节够用，边走边拍也能出片。","近 47 天","基于商品字段生成的拟真模拟评论"
"3c-camera-sony-jd-1","3c-camera-sony","Sony 索尼 ZV-E10 II 16-50mm 微单套机 京东 618 活动款","3C 数码","相机","京东 · Sony 京东自营旗舰店","3c-camera-sony-jd-1-11","5","positive","便携","比单反轻很多，日常通勤也愿意带出门。","近 39 天","基于商品字段生成的拟真模拟评论"
"3c-camera-sony-jd-1","3c-camera-sony","Sony 索尼 ZV-E10 II 16-50mm 微单套机 京东 618 活动款","3C 数码","相机","京东 · Sony 京东自营旗舰店","3c-camera-sony-jd-1-12","5","positive","渠道","客服回复及时，发票和保修说明比较清楚。","近 17 天","基于商品字段生成的拟真模拟评论"
"3c-camera-sony-jd-1","3c-camera-sony","Sony 索尼 ZV-E10 II 16-50mm 微单套机 京东 618 活动款","3C 数码","相机","京东 · Sony 京东自营旗舰店","3c-camera-sony-jd-1-13","5","positive","履约服务","7 天无理由，支持上门取件，下单前能比较明确地判断售后成本。","近 59 天","基于商品字段生成的拟真模拟评论"
"3c-camera-sony-jd-1","3c-camera-sony","Sony 索尼 ZV-E10 II 16-50mm 微单套机 京东 618 活动款","3C 数码","相机","京东 · Sony 京东自营旗舰店","3c-camera-sony-jd-1-14","5","positive","画质","对焦反应快，拍孩子和宠物不太容易糊。","近 50 天","基于商品字段生成的拟真模拟评论"
"3c-camera-sony-jd-1","3c-camera-sony","Sony 索尼 ZV-E10 II 16-50mm 微单套机 京东 618 活动款","3C 数码","相机","京东 · Sony 京东自营旗舰店","3c-camera-sony-jd-1-15","5","positive","视频","新手拍短视频上手快，菜单逻辑比较直观。","近 37 天","基于商品字段生成的拟真模拟评论"
"3c-camera-sony-jd-1","3c-camera-sony","Sony 索尼 ZV-E10 II 16-50mm 微单套机 京东 618 活动款","3C 数码","相机","京东 · Sony 京东自营旗舰店","3c-camera-sony-jd-1-16","5","positive","便携","机身轻，旅行背一天没有明显负担。","近 55 天","基于商品字段生成的拟真模拟评论"
"3c-camera-sony-jd-1","3c-camera-sony","Sony 索尼 ZV-E10 II 16-50mm 微单套机 京东 618 活动款","3C 数码","相机","京东 · Sony 京东自营旗舰店","3c-camera-sony-jd-1-17","4","positive","渠道","发货快，包装完整，查验是正品。","近 25 天","基于商品字段生成的拟真模拟评论"
"3c-camera-sony-jd-1","3c-camera-sony","Sony 索尼 ZV-E10 II 16-50mm 微单套机 京东 618 活动款","3C 数码","相机","京东 · Sony 京东自营旗舰店","3c-camera-sony-jd-1-18","5","positive","履约服务","京东发货信息清楚，次日送达。","近 36 天","基于商品字段生成的拟真模拟评论"
"3c-camera-sony-jd-1","3c-camera-sony","Sony 索尼 ZV-E10 II 16-50mm 微单套机 京东 618 活动款","3C 数码","相机","京东 · Sony 京东自营旗舰店","3c-camera-sony-jd-1-19","5","positive","画质","直出颜色比预期舒服，人像肤色不用怎么调。","近 7 天","基于商品字段生成的拟真模拟评论"
"3c-camera-sony-jd-1","3c-camera-sony","Sony 索尼 ZV-E10 II 16-50mm 微单套机 京东 618 活动款","3C 数码","相机","京东 · Sony 京东自营旗舰店","3c-camera-sony-jd-1-20","4","positive","视频","拍 Vlog 很省心，翻转屏和收音配件都好搭。","近 67 天","基于商品字段生成的拟真模拟评论"
"3c-camera-sony-jd-1","3c-camera-sony","Sony 索尼 ZV-E10 II 16-50mm 微单套机 京东 618 活动款","3C 数码","相机","京东 · Sony 京东自营旗舰店","3c-camera-sony-jd-1-21","5","positive","便携","比单反轻很多，日常通勤也愿意带出门。","近 88 天","基于商品字段生成的拟真模拟评论"
"3c-camera-sony-jd-1","3c-camera-sony","Sony 索尼 ZV-E10 II 16-50mm 微单套机 京东 618 活动款","3C 数码","相机","京东 · Sony 京东自营旗舰店","3c-camera-sony-jd-1-22","3","negative","售后规则","退换仍需按“7 天无理由，支持上门取件”执行，拆封或使用前要先确认条件。","近 41 天","基于商品字段生成的拟真模拟评论"
"3c-camera-sony-jd-1","3c-camera-sony","Sony 索尼 ZV-E10 II 16-50mm 微单套机 京东 618 活动款","3C 数码","相机","京东 · Sony 京东自营旗舰店","3c-camera-sony-jd-1-23","5","positive","渠道","客服回复及时，发票和保修说明比较清楚。","近 19 天","基于商品字段生成的拟真模拟评论"
"3c-camera-sony-jd-1","3c-camera-sony","Sony 索尼 ZV-E10 II 16-50mm 微单套机 京东 618 活动款","3C 数码","相机","京东 · Sony 京东自营旗舰店","3c-camera-sony-jd-1-24","5","positive","履约服务","7 天无理由，支持上门取件，下单前能比较明确地判断售后成本。","近 87 天","基于商品字段生成的拟真模拟评论"
"3c-camera-sony-brand-3","3c-camera-sony","Sony 索尼 ZV-E10 II 16-50mm 微单套机 品牌官网 618 活动款","3C 数码","相机","品牌官网 · Sony 品牌官方网站","3c-camera-sony-brand-3-1","5","positive","画质","直出颜色比预期舒服，人像肤色不用怎么调。","近 28 天","基于商品字段生成的拟真模拟评论"
"3c-camera-sony-brand-3","3c-camera-sony","Sony 索尼 ZV-E10 II 16-50mm 微单套机 品牌官网 618 活动款","3C 数码","相机","品牌官网 · Sony 品牌官方网站","3c-camera-sony-brand-3-2","5","positive","视频","拍 Vlog 很省心，翻转屏和收音配件都好搭。","近 78 天","基于商品字段生成的拟真模拟评论"
"3c-camera-sony-brand-3","3c-camera-sony","Sony 索尼 ZV-E10 II 16-50mm 微单套机 品牌官网 618 活动款","3C 数码","相机","品牌官网 · Sony 品牌官方网站","3c-camera-sony-brand-3-3","3","negative","续航","电池不算耐用，出门最好再配一块备用电池。","近 80 天","基于商品字段生成的拟真模拟评论"
"3c-camera-sony-brand-3","3c-camera-sony","Sony 索尼 ZV-E10 II 16-50mm 微单套机 品牌官网 618 活动款","3C 数码","相机","品牌官网 · Sony 品牌官方网站","3c-camera-sony-brand-3-4","5","positive","便携","机身轻，旅行背一天没有明显负担。","近 4 天","基于商品字段生成的拟真模拟评论"
"3c-camera-sony-brand-3","3c-camera-sony","Sony 索尼 ZV-E10 II 16-50mm 微单套机 品牌官网 618 活动款","3C 数码","相机","品牌官网 · Sony 品牌官方网站","3c-camera-sony-brand-3-5","4","positive","渠道","发货快，包装完整，查验是正品。","近 26 天","基于商品字段生成的拟真模拟评论"
"3c-camera-sony-brand-3","3c-camera-sony","Sony 索尼 ZV-E10 II 16-50mm 微单套机 品牌官网 618 活动款","3C 数码","相机","品牌官网 · Sony 品牌官方网站","3c-camera-sony-brand-3-6","4","positive","履约服务","品牌官网发货信息清楚，预计 2-3 天送达。","近 75 天","基于商品字段生成的拟真模拟评论"
"3c-camera-sony-brand-3","3c-camera-sony","Sony 索尼 ZV-E10 II 16-50mm 微单套机 品牌官网 618 活动款","3C 数码","相机","品牌官网 · Sony 品牌官方网站","3c-camera-sony-brand-3-7","4","positive","画质","套机镜头日常够用，白天拍照清晰度不错。","近 53 天","基于商品字段生成的拟真模拟评论"
"3c-camera-sony-brand-3","3c-camera-sony","Sony 索尼 ZV-E10 II 16-50mm 微单套机 品牌官网 618 活动款","3C 数码","相机","品牌官网 · Sony 品牌官方网站","3c-camera-sony-brand-3-8","5","positive","视频","4K 视频细节够用，边走边拍也能出片。","近 52 天","基于商品字段生成的拟真模拟评论"
"3c-camera-sony-brand-3","3c-camera-sony","Sony 索尼 ZV-E10 II 16-50mm 微单套机 品牌官网 618 活动款","3C 数码","相机","品牌官网 · Sony 品牌官方网站","3c-camera-sony-brand-3-9","4","positive","便携","比单反轻很多，日常通勤也愿意带出门。","近 23 天","基于商品字段生成的拟真模拟评论"
"3c-camera-sony-brand-3","3c-camera-sony","Sony 索尼 ZV-E10 II 16-50mm 微单套机 品牌官网 618 活动款","3C 数码","相机","品牌官网 · Sony 品牌官方网站","3c-camera-sony-brand-3-10","5","positive","渠道","客服回复及时，发票和保修说明比较清楚。","近 1 天","基于商品字段生成的拟真模拟评论"
"3c-camera-sony-brand-3","3c-camera-sony","Sony 索尼 ZV-E10 II 16-50mm 微单套机 品牌官网 618 活动款","3C 数码","相机","品牌官网 · Sony 品牌官方网站","3c-camera-sony-brand-3-11","2","negative","镜头","套头够入门，但夜景和虚化还是要另配镜头。","近 25 天","基于商品字段生成的拟真模拟评论"
"3c-camera-sony-brand-3","3c-camera-sony","Sony 索尼 ZV-E10 II 16-50mm 微单套机 品牌官网 618 活动款","3C 数码","相机","品牌官网 · Sony 品牌官方网站","3c-camera-sony-brand-3-12","3","negative","价格","活动价波动有点大，刚买完就看到便宜了一点。","近 31 天","基于商品字段生成的拟真模拟评论"
"3c-camera-sony-brand-3","3c-camera-sony","Sony 索尼 ZV-E10 II 16-50mm 微单套机 品牌官网 618 活动款","3C 数码","相机","品牌官网 · Sony 品牌官方网站","3c-camera-sony-brand-3-13","4","positive","履约服务","官方 7 天退换政策，下单前能比较明确地判断售后成本。","近 72 天","基于商品字段生成的拟真模拟评论"
"3c-camera-sony-brand-3","3c-camera-sony","Sony 索尼 ZV-E10 II 16-50mm 微单套机 品牌官网 618 活动款","3C 数码","相机","品牌官网 · Sony 品牌官方网站","3c-camera-sony-brand-3-14","4","positive","画质","对焦反应快，拍孩子和宠物不太容易糊。","近 65 天","基于商品字段生成的拟真模拟评论"
"3c-camera-sony-brand-3","3c-camera-sony","Sony 索尼 ZV-E10 II 16-50mm 微单套机 品牌官网 618 活动款","3C 数码","相机","品牌官网 · Sony 品牌官方网站","3c-camera-sony-brand-3-15","5","positive","视频","新手拍短视频上手快，菜单逻辑比较直观。","近 23 天","基于商品字段生成的拟真模拟评论"
"3c-camera-sony-brand-3","3c-camera-sony","Sony 索尼 ZV-E10 II 16-50mm 微单套机 品牌官网 618 活动款","3C 数码","相机","品牌官网 · Sony 品牌官方网站","3c-camera-sony-brand-3-16","5","positive","便携","机身轻，旅行背一天没有明显负担。","近 36 天","基于商品字段生成的拟真模拟评论"
"3c-camera-sony-brand-3","3c-camera-sony","Sony 索尼 ZV-E10 II 16-50mm 微单套机 品牌官网 618 活动款","3C 数码","相机","品牌官网 · Sony 品牌官方网站","3c-camera-sony-brand-3-17","5","positive","渠道","发货快，包装完整，查验是正品。","近 80 天","基于商品字段生成的拟真模拟评论"
"3c-camera-sony-brand-3","3c-camera-sony","Sony 索尼 ZV-E10 II 16-50mm 微单套机 品牌官网 618 活动款","3C 数码","相机","品牌官网 · Sony 品牌官方网站","3c-camera-sony-brand-3-18","5","positive","履约服务","品牌官网发货信息清楚，预计 2-3 天送达。","近 8 天","基于商品字段生成的拟真模拟评论"
"3c-camera-sony-brand-3","3c-camera-sony","Sony 索尼 ZV-E10 II 16-50mm 微单套机 品牌官网 618 活动款","3C 数码","相机","品牌官网 · Sony 品牌官方网站","3c-camera-sony-brand-3-19","4","positive","画质","直出颜色比预期舒服，人像肤色不用怎么调。","近 51 天","基于商品字段生成的拟真模拟评论"
"3c-camera-sony-brand-3","3c-camera-sony","Sony 索尼 ZV-E10 II 16-50mm 微单套机 品牌官网 618 活动款","3C 数码","相机","品牌官网 · Sony 品牌官方网站","3c-camera-sony-brand-3-20","2","negative","售后规则","退换仍需按“官方 7 天退换政策”执行，拆封或使用前要先确认条件。","近 72 天","基于商品字段生成的拟真模拟评论"
"3c-camera-sony-brand-3","3c-camera-sony","Sony 索尼 ZV-E10 II 16-50mm 微单套机 品牌官网 618 活动款","3C 数码","相机","品牌官网 · Sony 品牌官方网站","3c-camera-sony-brand-3-21","5","positive","视频","拍 Vlog 很省心，翻转屏和收音配件都好搭。","近 2 天","基于商品字段生成的拟真模拟评论"
"3c-camera-sony-brand-3","3c-camera-sony","Sony 索尼 ZV-E10 II 16-50mm 微单套机 品牌官网 618 活动款","3C 数码","相机","品牌官网 · Sony 品牌官方网站","3c-camera-sony-brand-3-22","5","positive","便携","比单反轻很多，日常通勤也愿意带出门。","近 28 天","基于商品字段生成的拟真模拟评论"
"3c-camera-sony-brand-3","3c-camera-sony","Sony 索尼 ZV-E10 II 16-50mm 微单套机 品牌官网 618 活动款","3C 数码","相机","品牌官网 · Sony 品牌官方网站","3c-camera-sony-brand-3-23","5","positive","渠道","客服回复及时，发票和保修说明比较清楚。","近 46 天","基于商品字段生成的拟真模拟评论"
"3c-camera-sony-brand-3","3c-camera-sony","Sony 索尼 ZV-E10 II 16-50mm 微单套机 品牌官网 618 活动款","3C 数码","相机","品牌官网 · Sony 品牌官方网站","3c-camera-sony-brand-3-24","4","positive","履约服务","官方 7 天退换政策，下单前能比较明确地判断售后成本。","近 47 天","基于商品字段生成的拟真模拟评论"
"3c-camera-sony-amazon-5","3c-camera-sony","Sony 索尼 ZV-E10 II 16-50mm 微单套机 亚马逊 618 活动款","3C 数码","相机","亚马逊 · Sony Amazon Global Store","3c-camera-sony-amazon-5-1","5","positive","画质","直出颜色比预期舒服，人像肤色不用怎么调。","近 41 天","基于商品字段生成的拟真模拟评论"
"3c-camera-sony-amazon-5","3c-camera-sony","Sony 索尼 ZV-E10 II 16-50mm 微单套机 亚马逊 618 活动款","3C 数码","相机","亚马逊 · Sony Amazon Global Store","3c-camera-sony-amazon-5-2","5","positive","视频","拍 Vlog 很省心，翻转屏和收音配件都好搭。","近 85 天","基于商品字段生成的拟真模拟评论"
"3c-camera-sony-amazon-5","3c-camera-sony","Sony 索尼 ZV-E10 II 16-50mm 微单套机 亚马逊 618 活动款","3C 数码","相机","亚马逊 · Sony Amazon Global Store","3c-camera-sony-amazon-5-3","4","positive","便携","机身轻，旅行背一天没有明显负担。","近 72 天","基于商品字段生成的拟真模拟评论"
"3c-camera-sony-amazon-5","3c-camera-sony","Sony 索尼 ZV-E10 II 16-50mm 微单套机 亚马逊 618 活动款","3C 数码","相机","亚马逊 · Sony Amazon Global Store","3c-camera-sony-amazon-5-4","5","positive","渠道","发货快，包装完整，查验是正品。","近 72 天","基于商品字段生成的拟真模拟评论"
"3c-camera-sony-amazon-5","3c-camera-sony","Sony 索尼 ZV-E10 II 16-50mm 微单套机 亚马逊 618 活动款","3C 数码","相机","亚马逊 · Sony Amazon Global Store","3c-camera-sony-amazon-5-5","3","negative","续航","电池不算耐用，出门最好再配一块备用电池。","近 72 天","基于商品字段生成的拟真模拟评论"
"3c-camera-sony-amazon-5","3c-camera-sony","Sony 索尼 ZV-E10 II 16-50mm 微单套机 亚马逊 618 活动款","3C 数码","相机","亚马逊 · Sony Amazon Global Store","3c-camera-sony-amazon-5-6","5","positive","履约服务","亚马逊发货信息清楚，预计 7-12 天送达。","近 17 天","基于商品字段生成的拟真模拟评论"
"3c-camera-sony-amazon-5","3c-camera-sony","Sony 索尼 ZV-E10 II 16-50mm 微单套机 亚马逊 618 活动款","3C 数码","相机","亚马逊 · Sony Amazon Global Store","3c-camera-sony-amazon-5-7","4","positive","画质","套机镜头日常够用，白天拍照清晰度不错。","近 67 天","基于商品字段生成的拟真模拟评论"
"3c-camera-sony-amazon-5","3c-camera-sony","Sony 索尼 ZV-E10 II 16-50mm 微单套机 亚马逊 618 活动款","3C 数码","相机","亚马逊 · Sony Amazon Global Store","3c-camera-sony-amazon-5-8","5","positive","视频","4K 视频细节够用，边走边拍也能出片。","近 24 天","基于商品字段生成的拟真模拟评论"
"3c-camera-sony-amazon-5","3c-camera-sony","Sony 索尼 ZV-E10 II 16-50mm 微单套机 亚马逊 618 活动款","3C 数码","相机","亚马逊 · Sony Amazon Global Store","3c-camera-sony-amazon-5-9","5","positive","便携","比单反轻很多，日常通勤也愿意带出门。","近 14 天","基于商品字段生成的拟真模拟评论"
"3c-camera-sony-amazon-5","3c-camera-sony","Sony 索尼 ZV-E10 II 16-50mm 微单套机 亚马逊 618 活动款","3C 数码","相机","亚马逊 · Sony Amazon Global Store","3c-camera-sony-amazon-5-10","3","negative","镜头","套头够入门，但夜景和虚化还是要另配镜头。","近 20 天","基于商品字段生成的拟真模拟评论"
"3c-camera-sony-amazon-5","3c-camera-sony","Sony 索尼 ZV-E10 II 16-50mm 微单套机 亚马逊 618 活动款","3C 数码","相机","亚马逊 · Sony Amazon Global Store","3c-camera-sony-amazon-5-11","5","positive","渠道","客服回复及时，发票和保修说明比较清楚。","近 11 天","基于商品字段生成的拟真模拟评论"
"3c-camera-sony-amazon-5","3c-camera-sony","Sony 索尼 ZV-E10 II 16-50mm 微单套机 亚马逊 618 活动款","3C 数码","相机","亚马逊 · Sony Amazon Global Store","3c-camera-sony-amazon-5-12","4","positive","履约服务","跨境退货，费用按页面规则，下单前能比较明确地判断售后成本。","近 59 天","基于商品字段生成的拟真模拟评论"
"3c-camera-sony-amazon-5","3c-camera-sony","Sony 索尼 ZV-E10 II 16-50mm 微单套机 亚马逊 618 活动款","3C 数码","相机","亚马逊 · Sony Amazon Global Store","3c-camera-sony-amazon-5-13","5","positive","画质","对焦反应快，拍孩子和宠物不太容易糊。","近 49 天","基于商品字段生成的拟真模拟评论"
"3c-camera-sony-amazon-5","3c-camera-sony","Sony 索尼 ZV-E10 II 16-50mm 微单套机 亚马逊 618 活动款","3C 数码","相机","亚马逊 · Sony Amazon Global Store","3c-camera-sony-amazon-5-14","4","positive","视频","新手拍短视频上手快，菜单逻辑比较直观。","近 53 天","基于商品字段生成的拟真模拟评论"
"3c-camera-sony-amazon-5","3c-camera-sony","Sony 索尼 ZV-E10 II 16-50mm 微单套机 亚马逊 618 活动款","3C 数码","相机","亚马逊 · Sony Amazon Global Store","3c-camera-sony-amazon-5-15","5","positive","便携","机身轻，旅行背一天没有明显负担。","近 4 天","基于商品字段生成的拟真模拟评论"
"3c-camera-sony-amazon-5","3c-camera-sony","Sony 索尼 ZV-E10 II 16-50mm 微单套机 亚马逊 618 活动款","3C 数码","相机","亚马逊 · Sony Amazon Global Store","3c-camera-sony-amazon-5-16","5","positive","渠道","发货快，包装完整，查验是正品。","近 32 天","基于商品字段生成的拟真模拟评论"
"3c-camera-sony-amazon-5","3c-camera-sony","Sony 索尼 ZV-E10 II 16-50mm 微单套机 亚马逊 618 活动款","3C 数码","相机","亚马逊 · Sony Amazon Global Store","3c-camera-sony-amazon-5-17","3","negative","价格","活动价波动有点大，刚买完就看到便宜了一点。","近 1 天","基于商品字段生成的拟真模拟评论"
"3c-camera-sony-amazon-5","3c-camera-sony","Sony 索尼 ZV-E10 II 16-50mm 微单套机 亚马逊 618 活动款","3C 数码","相机","亚马逊 · Sony Amazon Global Store","3c-camera-sony-amazon-5-18","4","positive","履约服务","亚马逊发货信息清楚，预计 7-12 天送达。","近 32 天","基于商品字段生成的拟真模拟评论"
"3c-camera-sony-amazon-5","3c-camera-sony","Sony 索尼 ZV-E10 II 16-50mm 微单套机 亚马逊 618 活动款","3C 数码","相机","亚马逊 · Sony Amazon Global Store","3c-camera-sony-amazon-5-19","4","positive","画质","直出颜色比预期舒服，人像肤色不用怎么调。","近 83 天","基于商品字段生成的拟真模拟评论"
"3c-camera-sony-amazon-5","3c-camera-sony","Sony 索尼 ZV-E10 II 16-50mm 微单套机 亚马逊 618 活动款","3C 数码","相机","亚马逊 · Sony Amazon Global Store","3c-camera-sony-amazon-5-20","4","positive","视频","拍 Vlog 很省心，翻转屏和收音配件都好搭。","近 21 天","基于商品字段生成的拟真模拟评论"
"3c-camera-sony-amazon-5","3c-camera-sony","Sony 索尼 ZV-E10 II 16-50mm 微单套机 亚马逊 618 活动款","3C 数码","相机","亚马逊 · Sony Amazon Global Store","3c-camera-sony-amazon-5-21","5","positive","便携","比单反轻很多，日常通勤也愿意带出门。","近 88 天","基于商品字段生成的拟真模拟评论"
"3c-camera-sony-amazon-5","3c-camera-sony","Sony 索尼 ZV-E10 II 16-50mm 微单套机 亚马逊 618 活动款","3C 数码","相机","亚马逊 · Sony Amazon Global Store","3c-camera-sony-amazon-5-22","5","positive","渠道","客服回复及时，发票和保修说明比较清楚。","近 62 天","基于商品字段生成的拟真模拟评论"
"3c-camera-sony-amazon-5","3c-camera-sony","Sony 索尼 ZV-E10 II 16-50mm 微单套机 亚马逊 618 活动款","3C 数码","相机","亚马逊 · Sony Amazon Global Store","3c-camera-sony-amazon-5-23","2","negative","售后规则","退换仍需按“跨境退货，费用按页面规则”执行，拆封或使用前要先确认条件。","近 17 天","基于商品字段生成的拟真模拟评论"
"3c-camera-sony-amazon-5","3c-camera-sony","Sony 索尼 ZV-E10 II 16-50mm 微单套机 亚马逊 618 活动款","3C 数码","相机","亚马逊 · Sony Amazon Global Store","3c-camera-sony-amazon-5-24","3","negative","续航","连续拍视频掉电快，长时间拍摄要带充电宝。","近 45 天","基于商品字段生成的拟真模拟评论"
"3c-powerbank-anker-taobao-2","3c-powerbank-anker","Anker 安克 25000mAh 165W 三口充电宝 天猫 618 活动款","3C 数码","充电宝","天猫 · Anker 品牌天猫官方旗舰店","3c-powerbank-anker-taobao-2-1","2","negative","细节","部分细节和预期有差距，下单前要看清规格。","近 55 天","基于商品字段生成的拟真模拟评论"
"3c-powerbank-anker-taobao-2","3c-powerbank-anker","Anker 安克 25000mAh 165W 三口充电宝 天猫 618 活动款","3C 数码","充电宝","天猫 · Anker 品牌天猫官方旗舰店","3c-powerbank-anker-taobao-2-2","4","positive","体验","实物和页面描述基本一致，整体满意。","近 47 天","基于商品字段生成的拟真模拟评论"
"3c-powerbank-anker-taobao-2","3c-powerbank-anker","Anker 安克 25000mAh 165W 三口充电宝 天猫 618 活动款","3C 数码","充电宝","天猫 · Anker 品牌天猫官方旗舰店","3c-powerbank-anker-taobao-2-3","2","negative","售后","退换流程需要按平台规则走，不算特别快。","近 81 天","基于商品字段生成的拟真模拟评论"
"3c-powerbank-anker-taobao-2","3c-powerbank-anker","Anker 安克 25000mAh 165W 三口充电宝 天猫 618 活动款","3C 数码","充电宝","天猫 · Anker 品牌天猫官方旗舰店","3c-powerbank-anker-taobao-2-4","4","positive","价格","活动价入手比较划算，性价比可以。","近 75 天","基于商品字段生成的拟真模拟评论"
"3c-powerbank-anker-taobao-2","3c-powerbank-anker","Anker 安克 25000mAh 165W 三口充电宝 天猫 618 活动款","3C 数码","充电宝","天猫 · Anker 品牌天猫官方旗舰店","3c-powerbank-anker-taobao-2-5","5","positive","快充能力","多口同时充电时功率分配清楚，给电脑和手机都够用。","近 38 天","基于商品字段生成的拟真模拟评论"
"3c-powerbank-anker-taobao-2","3c-powerbank-anker","Anker 安克 25000mAh 165W 三口充电宝 天猫 618 活动款","3C 数码","充电宝","天猫 · Anker 品牌天猫官方旗舰店","3c-powerbank-anker-taobao-2-6","5","positive","履约服务","天猫发货信息清楚，预计 2 天送达。","近 34 天","基于商品字段生成的拟真模拟评论"
"3c-powerbank-anker-taobao-2","3c-powerbank-anker","Anker 安克 25000mAh 165W 三口充电宝 天猫 618 活动款","3C 数码","充电宝","天猫 · Anker 品牌天猫官方旗舰店","3c-powerbank-anker-taobao-2-7","5","positive","体验","发货速度快，包装也比较完整。","近 40 天","基于商品字段生成的拟真模拟评论"
"3c-powerbank-anker-taobao-2","3c-powerbank-anker","Anker 安克 25000mAh 165W 三口充电宝 天猫 618 活动款","3C 数码","充电宝","天猫 · Anker 品牌天猫官方旗舰店","3c-powerbank-anker-taobao-2-8","5","positive","价格","券后价格比线下便宜一些。","近 59 天","基于商品字段生成的拟真模拟评论"
"3c-powerbank-anker-taobao-2","3c-powerbank-anker","Anker 安克 25000mAh 165W 三口充电宝 天猫 618 活动款","3C 数码","充电宝","天猫 · Anker 品牌天猫官方旗舰店","3c-powerbank-anker-taobao-2-9","5","positive","快充能力","数显能直接看剩余电量和功率，出差使用方便。","近 79 天","基于商品字段生成的拟真模拟评论"
"3c-powerbank-anker-taobao-2","3c-powerbank-anker","Anker 安克 25000mAh 165W 三口充电宝 天猫 618 活动款","3C 数码","充电宝","天猫 · Anker 品牌天猫官方旗舰店","3c-powerbank-anker-taobao-2-10","5","positive","履约服务","7 天无理由，退货运费险，下单前能比较明确地判断售后成本。","近 20 天","基于商品字段生成的拟真模拟评论"
"3c-powerbank-anker-taobao-2","3c-powerbank-anker","Anker 安克 25000mAh 165W 三口充电宝 天猫 618 活动款","3C 数码","充电宝","天猫 · Anker 品牌天猫官方旗舰店","3c-powerbank-anker-taobao-2-11","5","positive","体验","实物和页面描述基本一致，整体满意。","近 82 天","基于商品字段生成的拟真模拟评论"
"3c-powerbank-anker-taobao-2","3c-powerbank-anker","Anker 安克 25000mAh 165W 三口充电宝 天猫 618 活动款","3C 数码","充电宝","天猫 · Anker 品牌天猫官方旗舰店","3c-powerbank-anker-taobao-2-12","5","positive","价格","活动价入手比较划算，性价比可以。","近 18 天","基于商品字段生成的拟真模拟评论"
"3c-powerbank-anker-taobao-2","3c-powerbank-anker","Anker 安克 25000mAh 165W 三口充电宝 天猫 618 活动款","3C 数码","充电宝","天猫 · Anker 品牌天猫官方旗舰店","3c-powerbank-anker-taobao-2-13","5","positive","快充能力","多口同时充电时功率分配清楚，给电脑和手机都够用。","近 67 天","基于商品字段生成的拟真模拟评论"
"3c-powerbank-anker-taobao-2","3c-powerbank-anker","Anker 安克 25000mAh 165W 三口充电宝 天猫 618 活动款","3C 数码","充电宝","天猫 · Anker 品牌天猫官方旗舰店","3c-powerbank-anker-taobao-2-14","5","positive","履约服务","天猫发货信息清楚，预计 2 天送达。","近 37 天","基于商品字段生成的拟真模拟评论"
"3c-powerbank-anker-taobao-2","3c-powerbank-anker","Anker 安克 25000mAh 165W 三口充电宝 天猫 618 活动款","3C 数码","充电宝","天猫 · Anker 品牌天猫官方旗舰店","3c-powerbank-anker-taobao-2-15","5","positive","体验","发货速度快，包装也比较完整。","近 54 天","基于商品字段生成的拟真模拟评论"
"3c-powerbank-anker-taobao-2","3c-powerbank-anker","Anker 安克 25000mAh 165W 三口充电宝 天猫 618 活动款","3C 数码","充电宝","天猫 · Anker 品牌天猫官方旗舰店","3c-powerbank-anker-taobao-2-16","5","positive","价格","券后价格比线下便宜一些。","近 54 天","基于商品字段生成的拟真模拟评论"
"3c-powerbank-anker-taobao-2","3c-powerbank-anker","Anker 安克 25000mAh 165W 三口充电宝 天猫 618 活动款","3C 数码","充电宝","天猫 · Anker 品牌天猫官方旗舰店","3c-powerbank-anker-taobao-2-17","5","positive","快充能力","数显能直接看剩余电量和功率，出差使用方便。","近 12 天","基于商品字段生成的拟真模拟评论"
"3c-powerbank-anker-taobao-2","3c-powerbank-anker","Anker 安克 25000mAh 165W 三口充电宝 天猫 618 活动款","3C 数码","充电宝","天猫 · Anker 品牌天猫官方旗舰店","3c-powerbank-anker-taobao-2-18","2","negative","重量发热","大容量带来的重量比较明显，随身背一天有负担。","近 50 天","基于商品字段生成的拟真模拟评论"
"3c-powerbank-anker-taobao-2","3c-powerbank-anker","Anker 安克 25000mAh 165W 三口充电宝 天猫 618 活动款","3C 数码","充电宝","天猫 · Anker 品牌天猫官方旗舰店","3c-powerbank-anker-taobao-2-19","4","positive","履约服务","7 天无理由，退货运费险，下单前能比较明确地判断售后成本。","近 50 天","基于商品字段生成的拟真模拟评论"
"3c-powerbank-anker-taobao-2","3c-powerbank-anker","Anker 安克 25000mAh 165W 三口充电宝 天猫 618 活动款","3C 数码","充电宝","天猫 · Anker 品牌天猫官方旗舰店","3c-powerbank-anker-taobao-2-20","5","positive","体验","实物和页面描述基本一致，整体满意。","近 67 天","基于商品字段生成的拟真模拟评论"
"3c-powerbank-anker-taobao-2","3c-powerbank-anker","Anker 安克 25000mAh 165W 三口充电宝 天猫 618 活动款","3C 数码","充电宝","天猫 · Anker 品牌天猫官方旗舰店","3c-powerbank-anker-taobao-2-21","3","negative","售后规则","退换仍需按“7 天无理由，退货运费险”执行，拆封或使用前要先确认条件。","近 55 天","基于商品字段生成的拟真模拟评论"
"3c-powerbank-anker-taobao-2","3c-powerbank-anker","Anker 安克 25000mAh 165W 三口充电宝 天猫 618 活动款","3C 数码","充电宝","天猫 · Anker 品牌天猫官方旗舰店","3c-powerbank-anker-taobao-2-22","5","positive","价格","活动价入手比较划算，性价比可以。","近 6 天","基于商品字段生成的拟真模拟评论"
"3c-powerbank-anker-taobao-2","3c-powerbank-anker","Anker 安克 25000mAh 165W 三口充电宝 天猫 618 活动款","3C 数码","充电宝","天猫 · Anker 品牌天猫官方旗舰店","3c-powerbank-anker-taobao-2-23","5","positive","快充能力","多口同时充电时功率分配清楚，给电脑和手机都够用。","近 44 天","基于商品字段生成的拟真模拟评论"
"3c-powerbank-anker-taobao-2","3c-powerbank-anker","Anker 安克 25000mAh 165W 三口充电宝 天猫 618 活动款","3C 数码","充电宝","天猫 · Anker 品牌天猫官方旗舰店","3c-powerbank-anker-taobao-2-24","5","positive","履约服务","天猫发货信息清楚，预计 2 天送达。","近 43 天","基于商品字段生成的拟真模拟评论"
"3c-powerbank-anker-pdd-4","3c-powerbank-anker","Anker 安克 25000mAh 165W 三口充电宝 拼多多 618 活动款","3C 数码","充电宝","拼多多 · Anker 百亿补贴品牌好货店","3c-powerbank-anker-pdd-4-1","5","positive","体验","实物和页面描述基本一致，整体满意。","近 82 天","基于商品字段生成的拟真模拟评论"
"3c-powerbank-anker-pdd-4","3c-powerbank-anker","Anker 安克 25000mAh 165W 三口充电宝 拼多多 618 活动款","3C 数码","充电宝","拼多多 · Anker 百亿补贴品牌好货店","3c-powerbank-anker-pdd-4-2","3","negative","细节","部分细节和预期有差距，下单前要看清规格。","近 11 天","基于商品字段生成的拟真模拟评论"
"3c-powerbank-anker-pdd-4","3c-powerbank-anker","Anker 安克 25000mAh 165W 三口充电宝 拼多多 618 活动款","3C 数码","充电宝","拼多多 · Anker 百亿补贴品牌好货店","3c-powerbank-anker-pdd-4-3","5","positive","价格","活动价入手比较划算，性价比可以。","近 55 天","基于商品字段生成的拟真模拟评论"
"3c-powerbank-anker-pdd-4","3c-powerbank-anker","Anker 安克 25000mAh 165W 三口充电宝 拼多多 618 活动款","3C 数码","充电宝","拼多多 · Anker 百亿补贴品牌好货店","3c-powerbank-anker-pdd-4-4","5","positive","快充能力","多口同时充电时功率分配清楚，给电脑和手机都够用。","近 25 天","基于商品字段生成的拟真模拟评论"
"3c-powerbank-anker-pdd-4","3c-powerbank-anker","Anker 安克 25000mAh 165W 三口充电宝 拼多多 618 活动款","3C 数码","充电宝","拼多多 · Anker 百亿补贴品牌好货店","3c-powerbank-anker-pdd-4-5","5","positive","履约服务","拼多多发货信息清楚，预计 3-5 天送达。","近 5 天","基于商品字段生成的拟真模拟评论"
"3c-powerbank-anker-pdd-4","3c-powerbank-anker","Anker 安克 25000mAh 165W 三口充电宝 拼多多 618 活动款","3C 数码","充电宝","拼多多 · Anker 百亿补贴品牌好货店","3c-powerbank-anker-pdd-4-6","5","positive","体验","发货速度快，包装也比较完整。","近 39 天","基于商品字段生成的拟真模拟评论"
"3c-powerbank-anker-pdd-4","3c-powerbank-anker","Anker 安克 25000mAh 165W 三口充电宝 拼多多 618 活动款","3C 数码","充电宝","拼多多 · Anker 百亿补贴品牌好货店","3c-powerbank-anker-pdd-4-7","5","positive","价格","券后价格比线下便宜一些。","近 27 天","基于商品字段生成的拟真模拟评论"
"3c-powerbank-anker-pdd-4","3c-powerbank-anker","Anker 安克 25000mAh 165W 三口充电宝 拼多多 618 活动款","3C 数码","充电宝","拼多多 · Anker 百亿补贴品牌好货店","3c-powerbank-anker-pdd-4-8","2","negative","售后","退换流程需要按平台规则走，不算特别快。","近 29 天","基于商品字段生成的拟真模拟评论"
"3c-powerbank-anker-pdd-4","3c-powerbank-anker","Anker 安克 25000mAh 165W 三口充电宝 拼多多 618 活动款","3C 数码","充电宝","拼多多 · Anker 百亿补贴品牌好货店","3c-powerbank-anker-pdd-4-9","5","positive","快充能力","数显能直接看剩余电量和功率，出差使用方便。","近 52 天","基于商品字段生成的拟真模拟评论"
"3c-powerbank-anker-pdd-4","3c-powerbank-anker","Anker 安克 25000mAh 165W 三口充电宝 拼多多 618 活动款","3C 数码","充电宝","拼多多 · Anker 百亿补贴品牌好货店","3c-powerbank-anker-pdd-4-10","4","positive","履约服务","支持退换，需核对激活与拆封规则，下单前能比较明确地判断售后成本。","近 59 天","基于商品字段生成的拟真模拟评论"
"3c-powerbank-anker-pdd-4","3c-powerbank-anker","Anker 安克 25000mAh 165W 三口充电宝 拼多多 618 活动款","3C 数码","充电宝","拼多多 · Anker 百亿补贴品牌好货店","3c-powerbank-anker-pdd-4-11","3","negative","重量发热","大容量带来的重量比较明显，随身背一天有负担。","近 70 天","基于商品字段生成的拟真模拟评论"
"3c-powerbank-anker-pdd-4","3c-powerbank-anker","Anker 安克 25000mAh 165W 三口充电宝 拼多多 618 活动款","3C 数码","充电宝","拼多多 · Anker 百亿补贴品牌好货店","3c-powerbank-anker-pdd-4-12","2","negative","售后规则","退换仍需按“支持退换，需核对激活与拆封规则”执行，拆封或使用前要先确认条件。","近 43 天","基于商品字段生成的拟真模拟评论"
"3c-powerbank-anker-pdd-4","3c-powerbank-anker","Anker 安克 25000mAh 165W 三口充电宝 拼多多 618 活动款","3C 数码","充电宝","拼多多 · Anker 百亿补贴品牌好货店","3c-powerbank-anker-pdd-4-13","5","positive","体验","实物和页面描述基本一致，整体满意。","近 76 天","基于商品字段生成的拟真模拟评论"
"3c-powerbank-anker-pdd-4","3c-powerbank-anker","Anker 安克 25000mAh 165W 三口充电宝 拼多多 618 活动款","3C 数码","充电宝","拼多多 · Anker 百亿补贴品牌好货店","3c-powerbank-anker-pdd-4-14","4","positive","价格","活动价入手比较划算，性价比可以。","近 52 天","基于商品字段生成的拟真模拟评论"
"3c-powerbank-anker-pdd-4","3c-powerbank-anker","Anker 安克 25000mAh 165W 三口充电宝 拼多多 618 活动款","3C 数码","充电宝","拼多多 · Anker 百亿补贴品牌好货店","3c-powerbank-anker-pdd-4-15","5","positive","快充能力","多口同时充电时功率分配清楚，给电脑和手机都够用。","近 20 天","基于商品字段生成的拟真模拟评论"
"3c-powerbank-anker-pdd-4","3c-powerbank-anker","Anker 安克 25000mAh 165W 三口充电宝 拼多多 618 活动款","3C 数码","充电宝","拼多多 · Anker 百亿补贴品牌好货店","3c-powerbank-anker-pdd-4-16","4","positive","履约服务","拼多多发货信息清楚，预计 3-5 天送达。","近 38 天","基于商品字段生成的拟真模拟评论"
"3c-powerbank-anker-pdd-4","3c-powerbank-anker","Anker 安克 25000mAh 165W 三口充电宝 拼多多 618 活动款","3C 数码","充电宝","拼多多 · Anker 百亿补贴品牌好货店","3c-powerbank-anker-pdd-4-17","3","negative","细节","客服解释比较慢，急用要提前确认。","近 41 天","基于商品字段生成的拟真模拟评论"
"3c-powerbank-anker-pdd-4","3c-powerbank-anker","Anker 安克 25000mAh 165W 三口充电宝 拼多多 618 活动款","3C 数码","充电宝","拼多多 · Anker 百亿补贴品牌好货店","3c-powerbank-anker-pdd-4-18","3","negative","售后","赠品和主商品分开发货，等待时间更久。","近 85 天","基于商品字段生成的拟真模拟评论"
"3c-powerbank-anker-pdd-4","3c-powerbank-anker","Anker 安克 25000mAh 165W 三口充电宝 拼多多 618 活动款","3C 数码","充电宝","拼多多 · Anker 百亿补贴品牌好货店","3c-powerbank-anker-pdd-4-19","3","negative","重量发热","高功率输出时外壳会温热，不适合塞在密闭包里使用。","近 64 天","基于商品字段生成的拟真模拟评论"
"3c-powerbank-anker-pdd-4","3c-powerbank-anker","Anker 安克 25000mAh 165W 三口充电宝 拼多多 618 活动款","3C 数码","充电宝","拼多多 · Anker 百亿补贴品牌好货店","3c-powerbank-anker-pdd-4-20","4","positive","体验","发货速度快，包装也比较完整。","近 13 天","基于商品字段生成的拟真模拟评论"
"3c-powerbank-anker-pdd-4","3c-powerbank-anker","Anker 安克 25000mAh 165W 三口充电宝 拼多多 618 活动款","3C 数码","充电宝","拼多多 · Anker 百亿补贴品牌好货店","3c-powerbank-anker-pdd-4-21","5","positive","价格","券后价格比线下便宜一些。","近 34 天","基于商品字段生成的拟真模拟评论"
"3c-powerbank-anker-pdd-4","3c-powerbank-anker","Anker 安克 25000mAh 165W 三口充电宝 拼多多 618 活动款","3C 数码","充电宝","拼多多 · Anker 百亿补贴品牌好货店","3c-powerbank-anker-pdd-4-22","5","positive","快充能力","数显能直接看剩余电量和功率，出差使用方便。","近 26 天","基于商品字段生成的拟真模拟评论"
"3c-powerbank-anker-pdd-4","3c-powerbank-anker","Anker 安克 25000mAh 165W 三口充电宝 拼多多 618 活动款","3C 数码","充电宝","拼多多 · Anker 百亿补贴品牌好货店","3c-powerbank-anker-pdd-4-23","5","positive","履约服务","支持退换，需核对激活与拆封规则，下单前能比较明确地判断售后成本。","近 40 天","基于商品字段生成的拟真模拟评论"
"3c-powerbank-anker-pdd-4","3c-powerbank-anker","Anker 安克 25000mAh 165W 三口充电宝 拼多多 618 活动款","3C 数码","充电宝","拼多多 · Anker 百亿补贴品牌好货店","3c-powerbank-anker-pdd-4-24","5","positive","体验","实物和页面描述基本一致，整体满意。","近 36 天","基于商品字段生成的拟真模拟评论"
"3c-powerbank-anker-jd-1","3c-powerbank-anker","Anker 安克 25000mAh 165W 三口充电宝 京东 618 活动款","3C 数码","充电宝","京东 · Anker 京东自营旗舰店","3c-powerbank-anker-jd-1-1","5","positive","体验","实物和页面描述基本一致，整体满意。","近 3 天","基于商品字段生成的拟真模拟评论"
"3c-powerbank-anker-jd-1","3c-powerbank-anker","Anker 安克 25000mAh 165W 三口充电宝 京东 618 活动款","3C 数码","充电宝","京东 · Anker 京东自营旗舰店","3c-powerbank-anker-jd-1-2","4","positive","价格","活动价入手比较划算，性价比可以。","近 31 天","基于商品字段生成的拟真模拟评论"
"3c-powerbank-anker-jd-1","3c-powerbank-anker","Anker 安克 25000mAh 165W 三口充电宝 京东 618 活动款","3C 数码","充电宝","京东 · Anker 京东自营旗舰店","3c-powerbank-anker-jd-1-3","5","positive","快充能力","多口同时充电时功率分配清楚，给电脑和手机都够用。","近 70 天","基于商品字段生成的拟真模拟评论"
"3c-powerbank-anker-jd-1","3c-powerbank-anker","Anker 安克 25000mAh 165W 三口充电宝 京东 618 活动款","3C 数码","充电宝","京东 · Anker 京东自营旗舰店","3c-powerbank-anker-jd-1-4","2","negative","细节","部分细节和预期有差距，下单前要看清规格。","近 70 天","基于商品字段生成的拟真模拟评论"
"3c-powerbank-anker-jd-1","3c-powerbank-anker","Anker 安克 25000mAh 165W 三口充电宝 京东 618 活动款","3C 数码","充电宝","京东 · Anker 京东自营旗舰店","3c-powerbank-anker-jd-1-5","5","positive","履约服务","京东发货信息清楚，次日送达。","近 54 天","基于商品字段生成的拟真模拟评论"
"3c-powerbank-anker-jd-1","3c-powerbank-anker","Anker 安克 25000mAh 165W 三口充电宝 京东 618 活动款","3C 数码","充电宝","京东 · Anker 京东自营旗舰店","3c-powerbank-anker-jd-1-6","4","positive","体验","发货速度快，包装也比较完整。","近 81 天","基于商品字段生成的拟真模拟评论"
"3c-powerbank-anker-jd-1","3c-powerbank-anker","Anker 安克 25000mAh 165W 三口充电宝 京东 618 活动款","3C 数码","充电宝","京东 · Anker 京东自营旗舰店","3c-powerbank-anker-jd-1-7","5","positive","价格","券后价格比线下便宜一些。","近 39 天","基于商品字段生成的拟真模拟评论"
"3c-powerbank-anker-jd-1","3c-powerbank-anker","Anker 安克 25000mAh 165W 三口充电宝 京东 618 活动款","3C 数码","充电宝","京东 · Anker 京东自营旗舰店","3c-powerbank-anker-jd-1-8","5","positive","快充能力","数显能直接看剩余电量和功率，出差使用方便。","近 32 天","基于商品字段生成的拟真模拟评论"
"3c-powerbank-anker-jd-1","3c-powerbank-anker","Anker 安克 25000mAh 165W 三口充电宝 京东 618 活动款","3C 数码","充电宝","京东 · Anker 京东自营旗舰店","3c-powerbank-anker-jd-1-9","5","positive","履约服务","7 天无理由，支持上门取件，下单前能比较明确地判断售后成本。","近 76 天","基于商品字段生成的拟真模拟评论"
"3c-powerbank-anker-jd-1","3c-powerbank-anker","Anker 安克 25000mAh 165W 三口充电宝 京东 618 活动款","3C 数码","充电宝","京东 · Anker 京东自营旗舰店","3c-powerbank-anker-jd-1-10","5","positive","体验","实物和页面描述基本一致，整体满意。","近 5 天","基于商品字段生成的拟真模拟评论"
"3c-powerbank-anker-jd-1","3c-powerbank-anker","Anker 安克 25000mAh 165W 三口充电宝 京东 618 活动款","3C 数码","充电宝","京东 · Anker 京东自营旗舰店","3c-powerbank-anker-jd-1-11","3","negative","售后","退换流程需要按平台规则走，不算特别快。","近 54 天","基于商品字段生成的拟真模拟评论"
"3c-powerbank-anker-jd-1","3c-powerbank-anker","Anker 安克 25000mAh 165W 三口充电宝 京东 618 活动款","3C 数码","充电宝","京东 · Anker 京东自营旗舰店","3c-powerbank-anker-jd-1-12","2","negative","重量发热","大容量带来的重量比较明显，随身背一天有负担。","近 64 天","基于商品字段生成的拟真模拟评论"
"3c-powerbank-anker-jd-1","3c-powerbank-anker","Anker 安克 25000mAh 165W 三口充电宝 京东 618 活动款","3C 数码","充电宝","京东 · Anker 京东自营旗舰店","3c-powerbank-anker-jd-1-13","4","positive","价格","活动价入手比较划算，性价比可以。","近 1 天","基于商品字段生成的拟真模拟评论"
"3c-powerbank-anker-jd-1","3c-powerbank-anker","Anker 安克 25000mAh 165W 三口充电宝 京东 618 活动款","3C 数码","充电宝","京东 · Anker 京东自营旗舰店","3c-powerbank-anker-jd-1-14","5","positive","快充能力","多口同时充电时功率分配清楚，给电脑和手机都够用。","近 27 天","基于商品字段生成的拟真模拟评论"
"3c-powerbank-anker-jd-1","3c-powerbank-anker","Anker 安克 25000mAh 165W 三口充电宝 京东 618 活动款","3C 数码","充电宝","京东 · Anker 京东自营旗舰店","3c-powerbank-anker-jd-1-15","5","positive","履约服务","京东发货信息清楚，次日送达。","近 85 天","基于商品字段生成的拟真模拟评论"
"3c-powerbank-anker-jd-1","3c-powerbank-anker","Anker 安克 25000mAh 165W 三口充电宝 京东 618 活动款","3C 数码","充电宝","京东 · Anker 京东自营旗舰店","3c-powerbank-anker-jd-1-16","5","positive","体验","发货速度快，包装也比较完整。","近 53 天","基于商品字段生成的拟真模拟评论"
"3c-powerbank-anker-jd-1","3c-powerbank-anker","Anker 安克 25000mAh 165W 三口充电宝 京东 618 活动款","3C 数码","充电宝","京东 · Anker 京东自营旗舰店","3c-powerbank-anker-jd-1-17","4","positive","价格","券后价格比线下便宜一些。","近 78 天","基于商品字段生成的拟真模拟评论"
"3c-powerbank-anker-jd-1","3c-powerbank-anker","Anker 安克 25000mAh 165W 三口充电宝 京东 618 活动款","3C 数码","充电宝","京东 · Anker 京东自营旗舰店","3c-powerbank-anker-jd-1-18","5","positive","快充能力","数显能直接看剩余电量和功率，出差使用方便。","近 31 天","基于商品字段生成的拟真模拟评论"
"3c-powerbank-anker-jd-1","3c-powerbank-anker","Anker 安克 25000mAh 165W 三口充电宝 京东 618 活动款","3C 数码","充电宝","京东 · Anker 京东自营旗舰店","3c-powerbank-anker-jd-1-19","4","positive","履约服务","7 天无理由，支持上门取件，下单前能比较明确地判断售后成本。","近 26 天","基于商品字段生成的拟真模拟评论"
"3c-powerbank-anker-jd-1","3c-powerbank-anker","Anker 安克 25000mAh 165W 三口充电宝 京东 618 活动款","3C 数码","充电宝","京东 · Anker 京东自营旗舰店","3c-powerbank-anker-jd-1-20","5","positive","体验","实物和页面描述基本一致，整体满意。","近 57 天","基于商品字段生成的拟真模拟评论"
"3c-powerbank-anker-jd-1","3c-powerbank-anker","Anker 安克 25000mAh 165W 三口充电宝 京东 618 活动款","3C 数码","充电宝","京东 · Anker 京东自营旗舰店","3c-powerbank-anker-jd-1-21","3","negative","售后规则","退换仍需按“7 天无理由，支持上门取件”执行，拆封或使用前要先确认条件。","近 68 天","基于商品字段生成的拟真模拟评论"
"3c-powerbank-anker-jd-1","3c-powerbank-anker","Anker 安克 25000mAh 165W 三口充电宝 京东 618 活动款","3C 数码","充电宝","京东 · Anker 京东自营旗舰店","3c-powerbank-anker-jd-1-22","5","positive","价格","活动价入手比较划算，性价比可以。","近 77 天","基于商品字段生成的拟真模拟评论"
"3c-powerbank-anker-jd-1","3c-powerbank-anker","Anker 安克 25000mAh 165W 三口充电宝 京东 618 活动款","3C 数码","充电宝","京东 · Anker 京东自营旗舰店","3c-powerbank-anker-jd-1-23","4","positive","快充能力","多口同时充电时功率分配清楚，给电脑和手机都够用。","近 1 天","基于商品字段生成的拟真模拟评论"
"3c-powerbank-anker-jd-1","3c-powerbank-anker","Anker 安克 25000mAh 165W 三口充电宝 京东 618 活动款","3C 数码","充电宝","京东 · Anker 京东自营旗舰店","3c-powerbank-anker-jd-1-24","5","positive","履约服务","京东发货信息清楚，次日送达。","近 77 天","基于商品字段生成的拟真模拟评论"
"3c-powerbank-anker-brand-3","3c-powerbank-anker","Anker 安克 25000mAh 165W 三口充电宝 品牌官网 618 活动款","3C 数码","充电宝","品牌官网 · Anker 品牌官方网站","3c-powerbank-anker-brand-3-1","5","positive","体验","实物和页面描述基本一致，整体满意。","近 84 天","基于商品字段生成的拟真模拟评论"
"3c-powerbank-anker-brand-3","3c-powerbank-anker","Anker 安克 25000mAh 165W 三口充电宝 品牌官网 618 活动款","3C 数码","充电宝","品牌官网 · Anker 品牌官方网站","3c-powerbank-anker-brand-3-2","4","positive","价格","活动价入手比较划算，性价比可以。","近 46 天","基于商品字段生成的拟真模拟评论"
"3c-powerbank-anker-brand-3","3c-powerbank-anker","Anker 安克 25000mAh 165W 三口充电宝 品牌官网 618 活动款","3C 数码","充电宝","品牌官网 · Anker 品牌官方网站","3c-powerbank-anker-brand-3-3","4","positive","快充能力","多口同时充电时功率分配清楚，给电脑和手机都够用。","近 45 天","基于商品字段生成的拟真模拟评论"
"3c-powerbank-anker-brand-3","3c-powerbank-anker","Anker 安克 25000mAh 165W 三口充电宝 品牌官网 618 活动款","3C 数码","充电宝","品牌官网 · Anker 品牌官方网站","3c-powerbank-anker-brand-3-4","5","positive","履约服务","品牌官网发货信息清楚，预计 2-3 天送达。","近 55 天","基于商品字段生成的拟真模拟评论"
"3c-powerbank-anker-brand-3","3c-powerbank-anker","Anker 安克 25000mAh 165W 三口充电宝 品牌官网 618 活动款","3C 数码","充电宝","品牌官网 · Anker 品牌官方网站","3c-powerbank-anker-brand-3-5","5","positive","体验","发货速度快，包装也比较完整。","近 69 天","基于商品字段生成的拟真模拟评论"
"3c-powerbank-anker-brand-3","3c-powerbank-anker","Anker 安克 25000mAh 165W 三口充电宝 品牌官网 618 活动款","3C 数码","充电宝","品牌官网 · Anker 品牌官方网站","3c-powerbank-anker-brand-3-6","5","positive","价格","券后价格比线下便宜一些。","近 14 天","基于商品字段生成的拟真模拟评论"
"3c-powerbank-anker-brand-3","3c-powerbank-anker","Anker 安克 25000mAh 165W 三口充电宝 品牌官网 618 活动款","3C 数码","充电宝","品牌官网 · Anker 品牌官方网站","3c-powerbank-anker-brand-3-7","3","negative","细节","部分细节和预期有差距，下单前要看清规格。","近 5 天","基于商品字段生成的拟真模拟评论"
"3c-powerbank-anker-brand-3","3c-powerbank-anker","Anker 安克 25000mAh 165W 三口充电宝 品牌官网 618 活动款","3C 数码","充电宝","品牌官网 · Anker 品牌官方网站","3c-powerbank-anker-brand-3-8","4","positive","快充能力","数显能直接看剩余电量和功率，出差使用方便。","近 34 天","基于商品字段生成的拟真模拟评论"
"3c-powerbank-anker-brand-3","3c-powerbank-anker","Anker 安克 25000mAh 165W 三口充电宝 品牌官网 618 活动款","3C 数码","充电宝","品牌官网 · Anker 品牌官方网站","3c-powerbank-anker-brand-3-9","3","negative","售后","退换流程需要按平台规则走，不算特别快。","近 32 天","基于商品字段生成的拟真模拟评论"
"3c-powerbank-anker-brand-3","3c-powerbank-anker","Anker 安克 25000mAh 165W 三口充电宝 品牌官网 618 活动款","3C 数码","充电宝","品牌官网 · Anker 品牌官方网站","3c-powerbank-anker-brand-3-10","4","positive","履约服务","官方 7 天退换政策，下单前能比较明确地判断售后成本。","近 34 天","基于商品字段生成的拟真模拟评论"
"3c-powerbank-anker-brand-3","3c-powerbank-anker","Anker 安克 25000mAh 165W 三口充电宝 品牌官网 618 活动款","3C 数码","充电宝","品牌官网 · Anker 品牌官方网站","3c-powerbank-anker-brand-3-11","4","positive","体验","实物和页面描述基本一致，整体满意。","近 10 天","基于商品字段生成的拟真模拟评论"
"3c-powerbank-anker-brand-3","3c-powerbank-anker","Anker 安克 25000mAh 165W 三口充电宝 品牌官网 618 活动款","3C 数码","充电宝","品牌官网 · Anker 品牌官方网站","3c-powerbank-anker-brand-3-12","5","positive","价格","活动价入手比较划算，性价比可以。","近 23 天","基于商品字段生成的拟真模拟评论"
"3c-powerbank-anker-brand-3","3c-powerbank-anker","Anker 安克 25000mAh 165W 三口充电宝 品牌官网 618 活动款","3C 数码","充电宝","品牌官网 · Anker 品牌官方网站","3c-powerbank-anker-brand-3-13","5","positive","快充能力","多口同时充电时功率分配清楚，给电脑和手机都够用。","近 83 天","基于商品字段生成的拟真模拟评论"
"3c-powerbank-anker-brand-3","3c-powerbank-anker","Anker 安克 25000mAh 165W 三口充电宝 品牌官网 618 活动款","3C 数码","充电宝","品牌官网 · Anker 品牌官方网站","3c-powerbank-anker-brand-3-14","5","positive","履约服务","品牌官网发货信息清楚，预计 2-3 天送达。","近 78 天","基于商品字段生成的拟真模拟评论"
"3c-powerbank-anker-brand-3","3c-powerbank-anker","Anker 安克 25000mAh 165W 三口充电宝 品牌官网 618 活动款","3C 数码","充电宝","品牌官网 · Anker 品牌官方网站","3c-powerbank-anker-brand-3-15","5","positive","体验","发货速度快，包装也比较完整。","近 77 天","基于商品字段生成的拟真模拟评论"
"3c-powerbank-anker-brand-3","3c-powerbank-anker","Anker 安克 25000mAh 165W 三口充电宝 品牌官网 618 活动款","3C 数码","充电宝","品牌官网 · Anker 品牌官方网站","3c-powerbank-anker-brand-3-16","4","positive","价格","券后价格比线下便宜一些。","近 71 天","基于商品字段生成的拟真模拟评论"
"3c-powerbank-anker-brand-3","3c-powerbank-anker","Anker 安克 25000mAh 165W 三口充电宝 品牌官网 618 活动款","3C 数码","充电宝","品牌官网 · Anker 品牌官方网站","3c-powerbank-anker-brand-3-17","4","positive","快充能力","数显能直接看剩余电量和功率，出差使用方便。","近 27 天","基于商品字段生成的拟真模拟评论"
"3c-powerbank-anker-brand-3","3c-powerbank-anker","Anker 安克 25000mAh 165W 三口充电宝 品牌官网 618 活动款","3C 数码","充电宝","品牌官网 · Anker 品牌官方网站","3c-powerbank-anker-brand-3-18","3","negative","重量发热","大容量带来的重量比较明显，随身背一天有负担。","近 68 天","基于商品字段生成的拟真模拟评论"
"3c-powerbank-anker-brand-3","3c-powerbank-anker","Anker 安克 25000mAh 165W 三口充电宝 品牌官网 618 活动款","3C 数码","充电宝","品牌官网 · Anker 品牌官方网站","3c-powerbank-anker-brand-3-19","5","positive","履约服务","官方 7 天退换政策，下单前能比较明确地判断售后成本。","近 32 天","基于商品字段生成的拟真模拟评论"
"3c-powerbank-anker-brand-3","3c-powerbank-anker","Anker 安克 25000mAh 165W 三口充电宝 品牌官网 618 活动款","3C 数码","充电宝","品牌官网 · Anker 品牌官方网站","3c-powerbank-anker-brand-3-20","5","positive","体验","实物和页面描述基本一致，整体满意。","近 67 天","基于商品字段生成的拟真模拟评论"
"3c-powerbank-anker-brand-3","3c-powerbank-anker","Anker 安克 25000mAh 165W 三口充电宝 品牌官网 618 活动款","3C 数码","充电宝","品牌官网 · Anker 品牌官方网站","3c-powerbank-anker-brand-3-21","4","positive","价格","活动价入手比较划算，性价比可以。","近 23 天","基于商品字段生成的拟真模拟评论"
"3c-powerbank-anker-brand-3","3c-powerbank-anker","Anker 安克 25000mAh 165W 三口充电宝 品牌官网 618 活动款","3C 数码","充电宝","品牌官网 · Anker 品牌官方网站","3c-powerbank-anker-brand-3-22","5","positive","快充能力","多口同时充电时功率分配清楚，给电脑和手机都够用。","近 46 天","基于商品字段生成的拟真模拟评论"
"3c-powerbank-anker-brand-3","3c-powerbank-anker","Anker 安克 25000mAh 165W 三口充电宝 品牌官网 618 活动款","3C 数码","充电宝","品牌官网 · Anker 品牌官方网站","3c-powerbank-anker-brand-3-23","2","negative","售后规则","退换仍需按“官方 7 天退换政策”执行，拆封或使用前要先确认条件。","近 24 天","基于商品字段生成的拟真模拟评论"
"3c-powerbank-anker-brand-3","3c-powerbank-anker","Anker 安克 25000mAh 165W 三口充电宝 品牌官网 618 活动款","3C 数码","充电宝","品牌官网 · Anker 品牌官方网站","3c-powerbank-anker-brand-3-24","5","positive","履约服务","品牌官网发货信息清楚，预计 2-3 天送达。","近 86 天","基于商品字段生成的拟真模拟评论"
"3c-powerbank-anker-amazon-5","3c-powerbank-anker","Anker 安克 25000mAh 165W 三口充电宝 亚马逊 618 活动款","3C 数码","充电宝","亚马逊 · Anker Amazon Global Store","3c-powerbank-anker-amazon-5-1","5","positive","体验","实物和页面描述基本一致，整体满意。","近 51 天","基于商品字段生成的拟真模拟评论"
"3c-powerbank-anker-amazon-5","3c-powerbank-anker","Anker 安克 25000mAh 165W 三口充电宝 亚马逊 618 活动款","3C 数码","充电宝","亚马逊 · Anker Amazon Global Store","3c-powerbank-anker-amazon-5-2","5","positive","价格","活动价入手比较划算，性价比可以。","近 2 天","基于商品字段生成的拟真模拟评论"
"3c-powerbank-anker-amazon-5","3c-powerbank-anker","Anker 安克 25000mAh 165W 三口充电宝 亚马逊 618 活动款","3C 数码","充电宝","亚马逊 · Anker Amazon Global Store","3c-powerbank-anker-amazon-5-3","5","positive","快充能力","多口同时充电时功率分配清楚，给电脑和手机都够用。","近 67 天","基于商品字段生成的拟真模拟评论"
"3c-powerbank-anker-amazon-5","3c-powerbank-anker","Anker 安克 25000mAh 165W 三口充电宝 亚马逊 618 活动款","3C 数码","充电宝","亚马逊 · Anker Amazon Global Store","3c-powerbank-anker-amazon-5-4","2","negative","细节","部分细节和预期有差距，下单前要看清规格。","近 65 天","基于商品字段生成的拟真模拟评论"
"3c-powerbank-anker-amazon-5","3c-powerbank-anker","Anker 安克 25000mAh 165W 三口充电宝 亚马逊 618 活动款","3C 数码","充电宝","亚马逊 · Anker Amazon Global Store","3c-powerbank-anker-amazon-5-5","5","positive","履约服务","亚马逊发货信息清楚，预计 7-12 天送达。","近 33 天","基于商品字段生成的拟真模拟评论"
"3c-powerbank-anker-amazon-5","3c-powerbank-anker","Anker 安克 25000mAh 165W 三口充电宝 亚马逊 618 活动款","3C 数码","充电宝","亚马逊 · Anker Amazon Global Store","3c-powerbank-anker-amazon-5-6","5","positive","体验","发货速度快，包装也比较完整。","近 13 天","基于商品字段生成的拟真模拟评论"
"3c-powerbank-anker-amazon-5","3c-powerbank-anker","Anker 安克 25000mAh 165W 三口充电宝 亚马逊 618 活动款","3C 数码","充电宝","亚马逊 · Anker Amazon Global Store","3c-powerbank-anker-amazon-5-7","5","positive","价格","券后价格比线下便宜一些。","近 8 天","基于商品字段生成的拟真模拟评论"
"3c-powerbank-anker-amazon-5","3c-powerbank-anker","Anker 安克 25000mAh 165W 三口充电宝 亚马逊 618 活动款","3C 数码","充电宝","亚马逊 · Anker Amazon Global Store","3c-powerbank-anker-amazon-5-8","5","positive","快充能力","数显能直接看剩余电量和功率，出差使用方便。","近 69 天","基于商品字段生成的拟真模拟评论"
"3c-powerbank-anker-amazon-5","3c-powerbank-anker","Anker 安克 25000mAh 165W 三口充电宝 亚马逊 618 活动款","3C 数码","充电宝","亚马逊 · Anker Amazon Global Store","3c-powerbank-anker-amazon-5-9","4","positive","履约服务","跨境退货，费用按页面规则，下单前能比较明确地判断售后成本。","近 6 天","基于商品字段生成的拟真模拟评论"
"3c-powerbank-anker-amazon-5","3c-powerbank-anker","Anker 安克 25000mAh 165W 三口充电宝 亚马逊 618 活动款","3C 数码","充电宝","亚马逊 · Anker Amazon Global Store","3c-powerbank-anker-amazon-5-10","5","positive","体验","实物和页面描述基本一致，整体满意。","近 7 天","基于商品字段生成的拟真模拟评论"
"3c-powerbank-anker-amazon-5","3c-powerbank-anker","Anker 安克 25000mAh 165W 三口充电宝 亚马逊 618 活动款","3C 数码","充电宝","亚马逊 · Anker Amazon Global Store","3c-powerbank-anker-amazon-5-11","4","positive","价格","活动价入手比较划算，性价比可以。","近 35 天","基于商品字段生成的拟真模拟评论"
"3c-powerbank-anker-amazon-5","3c-powerbank-anker","Anker 安克 25000mAh 165W 三口充电宝 亚马逊 618 活动款","3C 数码","充电宝","亚马逊 · Anker Amazon Global Store","3c-powerbank-anker-amazon-5-12","3","negative","售后","退换流程需要按平台规则走，不算特别快。","近 62 天","基于商品字段生成的拟真模拟评论"
"3c-powerbank-anker-amazon-5","3c-powerbank-anker","Anker 安克 25000mAh 165W 三口充电宝 亚马逊 618 活动款","3C 数码","充电宝","亚马逊 · Anker Amazon Global Store","3c-powerbank-anker-amazon-5-13","5","positive","快充能力","多口同时充电时功率分配清楚，给电脑和手机都够用。","近 48 天","基于商品字段生成的拟真模拟评论"
"3c-powerbank-anker-amazon-5","3c-powerbank-anker","Anker 安克 25000mAh 165W 三口充电宝 亚马逊 618 活动款","3C 数码","充电宝","亚马逊 · Anker Amazon Global Store","3c-powerbank-anker-amazon-5-14","4","positive","履约服务","亚马逊发货信息清楚，预计 7-12 天送达。","近 33 天","基于商品字段生成的拟真模拟评论"
"3c-powerbank-anker-amazon-5","3c-powerbank-anker","Anker 安克 25000mAh 165W 三口充电宝 亚马逊 618 活动款","3C 数码","充电宝","亚马逊 · Anker Amazon Global Store","3c-powerbank-anker-amazon-5-15","3","negative","重量发热","大容量带来的重量比较明显，随身背一天有负担。","近 7 天","基于商品字段生成的拟真模拟评论"
"3c-powerbank-anker-amazon-5","3c-powerbank-anker","Anker 安克 25000mAh 165W 三口充电宝 亚马逊 618 活动款","3C 数码","充电宝","亚马逊 · Anker Amazon Global Store","3c-powerbank-anker-amazon-5-16","2","negative","售后规则","退换仍需按“跨境退货，费用按页面规则”执行，拆封或使用前要先确认条件。","近 30 天","基于商品字段生成的拟真模拟评论"
"3c-powerbank-anker-amazon-5","3c-powerbank-anker","Anker 安克 25000mAh 165W 三口充电宝 亚马逊 618 活动款","3C 数码","充电宝","亚马逊 · Anker Amazon Global Store","3c-powerbank-anker-amazon-5-17","4","positive","体验","发货速度快，包装也比较完整。","近 4 天","基于商品字段生成的拟真模拟评论"
"3c-powerbank-anker-amazon-5","3c-powerbank-anker","Anker 安克 25000mAh 165W 三口充电宝 亚马逊 618 活动款","3C 数码","充电宝","亚马逊 · Anker Amazon Global Store","3c-powerbank-anker-amazon-5-18","3","negative","细节","客服解释比较慢，急用要提前确认。","近 56 天","基于商品字段生成的拟真模拟评论"
"3c-powerbank-anker-amazon-5","3c-powerbank-anker","Anker 安克 25000mAh 165W 三口充电宝 亚马逊 618 活动款","3C 数码","充电宝","亚马逊 · Anker Amazon Global Store","3c-powerbank-anker-amazon-5-19","5","positive","价格","券后价格比线下便宜一些。","近 56 天","基于商品字段生成的拟真模拟评论"
"3c-powerbank-anker-amazon-5","3c-powerbank-anker","Anker 安克 25000mAh 165W 三口充电宝 亚马逊 618 活动款","3C 数码","充电宝","亚马逊 · Anker Amazon Global Store","3c-powerbank-anker-amazon-5-20","5","positive","快充能力","数显能直接看剩余电量和功率，出差使用方便。","近 78 天","基于商品字段生成的拟真模拟评论"
"3c-powerbank-anker-amazon-5","3c-powerbank-anker","Anker 安克 25000mAh 165W 三口充电宝 亚马逊 618 活动款","3C 数码","充电宝","亚马逊 · Anker Amazon Global Store","3c-powerbank-anker-amazon-5-21","5","positive","履约服务","跨境退货，费用按页面规则，下单前能比较明确地判断售后成本。","近 44 天","基于商品字段生成的拟真模拟评论"
"3c-powerbank-anker-amazon-5","3c-powerbank-anker","Anker 安克 25000mAh 165W 三口充电宝 亚马逊 618 活动款","3C 数码","充电宝","亚马逊 · Anker Amazon Global Store","3c-powerbank-anker-amazon-5-22","5","positive","体验","实物和页面描述基本一致，整体满意。","近 44 天","基于商品字段生成的拟真模拟评论"
"3c-powerbank-anker-amazon-5","3c-powerbank-anker","Anker 安克 25000mAh 165W 三口充电宝 亚马逊 618 活动款","3C 数码","充电宝","亚马逊 · Anker Amazon Global Store","3c-powerbank-anker-amazon-5-23","2","negative","售后","赠品和主商品分开发货，等待时间更久。","近 65 天","基于商品字段生成的拟真模拟评论"
"3c-powerbank-anker-amazon-5","3c-powerbank-anker","Anker 安克 25000mAh 165W 三口充电宝 亚马逊 618 活动款","3C 数码","充电宝","亚马逊 · Anker Amazon Global Store","3c-powerbank-anker-amazon-5-24","2","negative","重量发热","高功率输出时外壳会温热，不适合塞在密闭包里使用。","近 54 天","基于商品字段生成的拟真模拟评论"
"3c-keyboard-keychron-taobao-2","3c-keyboard-keychron","Keychron Q1 Max 75% 三模机械键盘 天猫 618 活动款","3C 数码","机械键盘","天猫 · Keychron 品牌天猫官方旗舰店","3c-keyboard-keychron-taobao-2-1","4","positive","体验","实物和页面描述基本一致，整体满意。","近 88 天","基于商品字段生成的拟真模拟评论"
"3c-keyboard-keychron-taobao-2","3c-keyboard-keychron","Keychron Q1 Max 75% 三模机械键盘 天猫 618 活动款","3C 数码","机械键盘","天猫 · Keychron 品牌天猫官方旗舰店","3c-keyboard-keychron-taobao-2-2","5","positive","价格","活动价入手比较划算，性价比可以。","近 20 天","基于商品字段生成的拟真模拟评论"
"3c-keyboard-keychron-taobao-2","3c-keyboard-keychron","Keychron Q1 Max 75% 三模机械键盘 天猫 618 活动款","3C 数码","机械键盘","天猫 · Keychron 品牌天猫官方旗舰店","3c-keyboard-keychron-taobao-2-3","5","positive","手感做工","按键手感扎实，Gasket 结构回弹比较均匀。","近 31 天","基于商品字段生成的拟真模拟评论"
"3c-keyboard-keychron-taobao-2","3c-keyboard-keychron","Keychron Q1 Max 75% 三模机械键盘 天猫 618 活动款","3C 数码","机械键盘","天猫 · Keychron 品牌天猫官方旗舰店","3c-keyboard-keychron-taobao-2-4","5","positive","履约服务","天猫发货信息清楚，预计 2 天送达。","近 87 天","基于商品字段生成的拟真模拟评论"
"3c-keyboard-keychron-taobao-2","3c-keyboard-keychron","Keychron Q1 Max 75% 三模机械键盘 天猫 618 活动款","3C 数码","机械键盘","天猫 · Keychron 品牌天猫官方旗舰店","3c-keyboard-keychron-taobao-2-5","4","positive","体验","发货速度快，包装也比较完整。","近 67 天","基于商品字段生成的拟真模拟评论"
"3c-keyboard-keychron-taobao-2","3c-keyboard-keychron","Keychron Q1 Max 75% 三模机械键盘 天猫 618 活动款","3C 数码","机械键盘","天猫 · Keychron 品牌天猫官方旗舰店","3c-keyboard-keychron-taobao-2-6","5","positive","价格","券后价格比线下便宜一些。","近 17 天","基于商品字段生成的拟真模拟评论"
"3c-keyboard-keychron-taobao-2","3c-keyboard-keychron","Keychron Q1 Max 75% 三模机械键盘 天猫 618 活动款","3C 数码","机械键盘","天猫 · Keychron 品牌天猫官方旗舰店","3c-keyboard-keychron-taobao-2-7","5","positive","手感做工","三模切换方便，外壳做工和稳定性都不错。","近 3 天","基于商品字段生成的拟真模拟评论"
"3c-keyboard-keychron-taobao-2","3c-keyboard-keychron","Keychron Q1 Max 75% 三模机械键盘 天猫 618 活动款","3C 数码","机械键盘","天猫 · Keychron 品牌天猫官方旗舰店","3c-keyboard-keychron-taobao-2-8","5","positive","履约服务","7 天无理由，退货运费险，下单前能比较明确地判断售后成本。","近 74 天","基于商品字段生成的拟真模拟评论"
"3c-keyboard-keychron-taobao-2","3c-keyboard-keychron","Keychron Q1 Max 75% 三模机械键盘 天猫 618 活动款","3C 数码","机械键盘","天猫 · Keychron 品牌天猫官方旗舰店","3c-keyboard-keychron-taobao-2-9","5","positive","体验","实物和页面描述基本一致，整体满意。","近 36 天","基于商品字段生成的拟真模拟评论"
"3c-keyboard-keychron-taobao-2","3c-keyboard-keychron","Keychron Q1 Max 75% 三模机械键盘 天猫 618 活动款","3C 数码","机械键盘","天猫 · Keychron 品牌天猫官方旗舰店","3c-keyboard-keychron-taobao-2-10","5","positive","价格","活动价入手比较划算，性价比可以。","近 11 天","基于商品字段生成的拟真模拟评论"
"3c-keyboard-keychron-taobao-2","3c-keyboard-keychron","Keychron Q1 Max 75% 三模机械键盘 天猫 618 活动款","3C 数码","机械键盘","天猫 · Keychron 品牌天猫官方旗舰店","3c-keyboard-keychron-taobao-2-11","3","negative","细节","部分细节和预期有差距，下单前要看清规格。","近 22 天","基于商品字段生成的拟真模拟评论"
"3c-keyboard-keychron-taobao-2","3c-keyboard-keychron","Keychron Q1 Max 75% 三模机械键盘 天猫 618 活动款","3C 数码","机械键盘","天猫 · Keychron 品牌天猫官方旗舰店","3c-keyboard-keychron-taobao-2-12","4","positive","手感做工","按键手感扎实，Gasket 结构回弹比较均匀。","近 2 天","基于商品字段生成的拟真模拟评论"
"3c-keyboard-keychron-taobao-2","3c-keyboard-keychron","Keychron Q1 Max 75% 三模机械键盘 天猫 618 活动款","3C 数码","机械键盘","天猫 · Keychron 品牌天猫官方旗舰店","3c-keyboard-keychron-taobao-2-13","4","positive","履约服务","天猫发货信息清楚，预计 2 天送达。","近 22 天","基于商品字段生成的拟真模拟评论"
"3c-keyboard-keychron-taobao-2","3c-keyboard-keychron","Keychron Q1 Max 75% 三模机械键盘 天猫 618 活动款","3C 数码","机械键盘","天猫 · Keychron 品牌天猫官方旗舰店","3c-keyboard-keychron-taobao-2-14","3","negative","售后","退换流程需要按平台规则走，不算特别快。","近 28 天","基于商品字段生成的拟真模拟评论"
"3c-keyboard-keychron-taobao-2","3c-keyboard-keychron","Keychron Q1 Max 75% 三模机械键盘 天猫 618 活动款","3C 数码","机械键盘","天猫 · Keychron 品牌天猫官方旗舰店","3c-keyboard-keychron-taobao-2-15","4","positive","体验","发货速度快，包装也比较完整。","近 8 天","基于商品字段生成的拟真模拟评论"
"3c-keyboard-keychron-taobao-2","3c-keyboard-keychron","Keychron Q1 Max 75% 三模机械键盘 天猫 618 活动款","3C 数码","机械键盘","天猫 · Keychron 品牌天猫官方旗舰店","3c-keyboard-keychron-taobao-2-16","5","positive","价格","券后价格比线下便宜一些。","近 35 天","基于商品字段生成的拟真模拟评论"
"3c-keyboard-keychron-taobao-2","3c-keyboard-keychron","Keychron Q1 Max 75% 三模机械键盘 天猫 618 活动款","3C 数码","机械键盘","天猫 · Keychron 品牌天猫官方旗舰店","3c-keyboard-keychron-taobao-2-17","5","positive","手感做工","三模切换方便，外壳做工和稳定性都不错。","近 73 天","基于商品字段生成的拟真模拟评论"
"3c-keyboard-keychron-taobao-2","3c-keyboard-keychron","Keychron Q1 Max 75% 三模机械键盘 天猫 618 活动款","3C 数码","机械键盘","天猫 · Keychron 品牌天猫官方旗舰店","3c-keyboard-keychron-taobao-2-18","3","negative","重量软件","铝壳重量不轻，不适合经常带着通勤。","近 25 天","基于商品字段生成的拟真模拟评论"
"3c-keyboard-keychron-taobao-2","3c-keyboard-keychron","Keychron Q1 Max 75% 三模机械键盘 天猫 618 活动款","3C 数码","机械键盘","天猫 · Keychron 品牌天猫官方旗舰店","3c-keyboard-keychron-taobao-2-19","5","positive","履约服务","7 天无理由，退货运费险，下单前能比较明确地判断售后成本。","近 83 天","基于商品字段生成的拟真模拟评论"
"3c-keyboard-keychron-taobao-2","3c-keyboard-keychron","Keychron Q1 Max 75% 三模机械键盘 天猫 618 活动款","3C 数码","机械键盘","天猫 · Keychron 品牌天猫官方旗舰店","3c-keyboard-keychron-taobao-2-20","5","positive","体验","实物和页面描述基本一致，整体满意。","近 30 天","基于商品字段生成的拟真模拟评论"
"3c-keyboard-keychron-taobao-2","3c-keyboard-keychron","Keychron Q1 Max 75% 三模机械键盘 天猫 618 活动款","3C 数码","机械键盘","天猫 · Keychron 品牌天猫官方旗舰店","3c-keyboard-keychron-taobao-2-21","5","positive","价格","活动价入手比较划算，性价比可以。","近 59 天","基于商品字段生成的拟真模拟评论"
"3c-keyboard-keychron-taobao-2","3c-keyboard-keychron","Keychron Q1 Max 75% 三模机械键盘 天猫 618 活动款","3C 数码","机械键盘","天猫 · Keychron 品牌天猫官方旗舰店","3c-keyboard-keychron-taobao-2-22","2","negative","售后规则","退换仍需按“7 天无理由，退货运费险”执行，拆封或使用前要先确认条件。","近 34 天","基于商品字段生成的拟真模拟评论"
"3c-keyboard-keychron-taobao-2","3c-keyboard-keychron","Keychron Q1 Max 75% 三模机械键盘 天猫 618 活动款","3C 数码","机械键盘","天猫 · Keychron 品牌天猫官方旗舰店","3c-keyboard-keychron-taobao-2-23","5","positive","手感做工","按键手感扎实，Gasket 结构回弹比较均匀。","近 40 天","基于商品字段生成的拟真模拟评论"
"3c-keyboard-keychron-taobao-2","3c-keyboard-keychron","Keychron Q1 Max 75% 三模机械键盘 天猫 618 活动款","3C 数码","机械键盘","天猫 · Keychron 品牌天猫官方旗舰店","3c-keyboard-keychron-taobao-2-24","5","positive","履约服务","天猫发货信息清楚，预计 2 天送达。","近 5 天","基于商品字段生成的拟真模拟评论"
"3c-keyboard-keychron-pdd-4","3c-keyboard-keychron","Keychron Q1 Max 75% 三模机械键盘 拼多多 618 活动款","3C 数码","机械键盘","拼多多 · Keychron 百亿补贴品牌好货店","3c-keyboard-keychron-pdd-4-1","5","positive","体验","实物和页面描述基本一致，整体满意。","近 38 天","基于商品字段生成的拟真模拟评论"
"3c-keyboard-keychron-pdd-4","3c-keyboard-keychron","Keychron Q1 Max 75% 三模机械键盘 拼多多 618 活动款","3C 数码","机械键盘","拼多多 · Keychron 百亿补贴品牌好货店","3c-keyboard-keychron-pdd-4-2","5","positive","价格","活动价入手比较划算，性价比可以。","近 42 天","基于商品字段生成的拟真模拟评论"
"3c-keyboard-keychron-pdd-4","3c-keyboard-keychron","Keychron Q1 Max 75% 三模机械键盘 拼多多 618 活动款","3C 数码","机械键盘","拼多多 · Keychron 百亿补贴品牌好货店","3c-keyboard-keychron-pdd-4-3","4","positive","手感做工","按键手感扎实，Gasket 结构回弹比较均匀。","近 84 天","基于商品字段生成的拟真模拟评论"
"3c-keyboard-keychron-pdd-4","3c-keyboard-keychron","Keychron Q1 Max 75% 三模机械键盘 拼多多 618 活动款","3C 数码","机械键盘","拼多多 · Keychron 百亿补贴品牌好货店","3c-keyboard-keychron-pdd-4-4","5","positive","履约服务","拼多多发货信息清楚，预计 3-5 天送达。","近 27 天","基于商品字段生成的拟真模拟评论"
"3c-keyboard-keychron-pdd-4","3c-keyboard-keychron","Keychron Q1 Max 75% 三模机械键盘 拼多多 618 活动款","3C 数码","机械键盘","拼多多 · Keychron 百亿补贴品牌好货店","3c-keyboard-keychron-pdd-4-5","3","negative","细节","部分细节和预期有差距，下单前要看清规格。","近 42 天","基于商品字段生成的拟真模拟评论"
"3c-keyboard-keychron-pdd-4","3c-keyboard-keychron","Keychron Q1 Max 75% 三模机械键盘 拼多多 618 活动款","3C 数码","机械键盘","拼多多 · Keychron 百亿补贴品牌好货店","3c-keyboard-keychron-pdd-4-6","3","negative","售后","退换流程需要按平台规则走，不算特别快。","近 83 天","基于商品字段生成的拟真模拟评论"
"3c-keyboard-keychron-pdd-4","3c-keyboard-keychron","Keychron Q1 Max 75% 三模机械键盘 拼多多 618 活动款","3C 数码","机械键盘","拼多多 · Keychron 百亿补贴品牌好货店","3c-keyboard-keychron-pdd-4-7","5","positive","体验","发货速度快，包装也比较完整。","近 77 天","基于商品字段生成的拟真模拟评论"
"3c-keyboard-keychron-pdd-4","3c-keyboard-keychron","Keychron Q1 Max 75% 三模机械键盘 拼多多 618 活动款","3C 数码","机械键盘","拼多多 · Keychron 百亿补贴品牌好货店","3c-keyboard-keychron-pdd-4-8","5","positive","价格","券后价格比线下便宜一些。","近 67 天","基于商品字段生成的拟真模拟评论"
"3c-keyboard-keychron-pdd-4","3c-keyboard-keychron","Keychron Q1 Max 75% 三模机械键盘 拼多多 618 活动款","3C 数码","机械键盘","拼多多 · Keychron 百亿补贴品牌好货店","3c-keyboard-keychron-pdd-4-9","5","positive","手感做工","三模切换方便，外壳做工和稳定性都不错。","近 49 天","基于商品字段生成的拟真模拟评论"
"3c-keyboard-keychron-pdd-4","3c-keyboard-keychron","Keychron Q1 Max 75% 三模机械键盘 拼多多 618 活动款","3C 数码","机械键盘","拼多多 · Keychron 百亿补贴品牌好货店","3c-keyboard-keychron-pdd-4-10","5","positive","履约服务","支持退换，需核对激活与拆封规则，下单前能比较明确地判断售后成本。","近 77 天","基于商品字段生成的拟真模拟评论"
"3c-keyboard-keychron-pdd-4","3c-keyboard-keychron","Keychron Q1 Max 75% 三模机械键盘 拼多多 618 活动款","3C 数码","机械键盘","拼多多 · Keychron 百亿补贴品牌好货店","3c-keyboard-keychron-pdd-4-11","5","positive","体验","实物和页面描述基本一致，整体满意。","近 59 天","基于商品字段生成的拟真模拟评论"
"3c-keyboard-keychron-pdd-4","3c-keyboard-keychron","Keychron Q1 Max 75% 三模机械键盘 拼多多 618 活动款","3C 数码","机械键盘","拼多多 · Keychron 百亿补贴品牌好货店","3c-keyboard-keychron-pdd-4-12","3","negative","重量软件","铝壳重量不轻，不适合经常带着通勤。","近 69 天","基于商品字段生成的拟真模拟评论"
"3c-keyboard-keychron-pdd-4","3c-keyboard-keychron","Keychron Q1 Max 75% 三模机械键盘 拼多多 618 活动款","3C 数码","机械键盘","拼多多 · Keychron 百亿补贴品牌好货店","3c-keyboard-keychron-pdd-4-13","4","positive","价格","活动价入手比较划算，性价比可以。","近 72 天","基于商品字段生成的拟真模拟评论"
"3c-keyboard-keychron-pdd-4","3c-keyboard-keychron","Keychron Q1 Max 75% 三模机械键盘 拼多多 618 活动款","3C 数码","机械键盘","拼多多 · Keychron 百亿补贴品牌好货店","3c-keyboard-keychron-pdd-4-14","5","positive","手感做工","按键手感扎实，Gasket 结构回弹比较均匀。","近 67 天","基于商品字段生成的拟真模拟评论"
"3c-keyboard-keychron-pdd-4","3c-keyboard-keychron","Keychron Q1 Max 75% 三模机械键盘 拼多多 618 活动款","3C 数码","机械键盘","拼多多 · Keychron 百亿补贴品牌好货店","3c-keyboard-keychron-pdd-4-15","5","positive","履约服务","拼多多发货信息清楚，预计 3-5 天送达。","近 12 天","基于商品字段生成的拟真模拟评论"
"3c-keyboard-keychron-pdd-4","3c-keyboard-keychron","Keychron Q1 Max 75% 三模机械键盘 拼多多 618 活动款","3C 数码","机械键盘","拼多多 · Keychron 百亿补贴品牌好货店","3c-keyboard-keychron-pdd-4-16","5","positive","体验","发货速度快，包装也比较完整。","近 80 天","基于商品字段生成的拟真模拟评论"
"3c-keyboard-keychron-pdd-4","3c-keyboard-keychron","Keychron Q1 Max 75% 三模机械键盘 拼多多 618 活动款","3C 数码","机械键盘","拼多多 · Keychron 百亿补贴品牌好货店","3c-keyboard-keychron-pdd-4-17","5","positive","价格","券后价格比线下便宜一些。","近 73 天","基于商品字段生成的拟真模拟评论"
"3c-keyboard-keychron-pdd-4","3c-keyboard-keychron","Keychron Q1 Max 75% 三模机械键盘 拼多多 618 活动款","3C 数码","机械键盘","拼多多 · Keychron 百亿补贴品牌好货店","3c-keyboard-keychron-pdd-4-18","5","positive","手感做工","三模切换方便，外壳做工和稳定性都不错。","近 45 天","基于商品字段生成的拟真模拟评论"
"3c-keyboard-keychron-pdd-4","3c-keyboard-keychron","Keychron Q1 Max 75% 三模机械键盘 拼多多 618 活动款","3C 数码","机械键盘","拼多多 · Keychron 百亿补贴品牌好货店","3c-keyboard-keychron-pdd-4-19","3","negative","售后规则","退换仍需按“支持退换，需核对激活与拆封规则”执行，拆封或使用前要先确认条件。","近 55 天","基于商品字段生成的拟真模拟评论"
"3c-keyboard-keychron-pdd-4","3c-keyboard-keychron","Keychron Q1 Max 75% 三模机械键盘 拼多多 618 活动款","3C 数码","机械键盘","拼多多 · Keychron 百亿补贴品牌好货店","3c-keyboard-keychron-pdd-4-20","3","negative","细节","客服解释比较慢，急用要提前确认。","近 15 天","基于商品字段生成的拟真模拟评论"
"3c-keyboard-keychron-pdd-4","3c-keyboard-keychron","Keychron Q1 Max 75% 三模机械键盘 拼多多 618 活动款","3C 数码","机械键盘","拼多多 · Keychron 百亿补贴品牌好货店","3c-keyboard-keychron-pdd-4-21","5","positive","履约服务","支持退换，需核对激活与拆封规则，下单前能比较明确地判断售后成本。","近 15 天","基于商品字段生成的拟真模拟评论"
"3c-keyboard-keychron-pdd-4","3c-keyboard-keychron","Keychron Q1 Max 75% 三模机械键盘 拼多多 618 活动款","3C 数码","机械键盘","拼多多 · Keychron 百亿补贴品牌好货店","3c-keyboard-keychron-pdd-4-22","4","positive","体验","实物和页面描述基本一致，整体满意。","近 5 天","基于商品字段生成的拟真模拟评论"
"3c-keyboard-keychron-pdd-4","3c-keyboard-keychron","Keychron Q1 Max 75% 三模机械键盘 拼多多 618 活动款","3C 数码","机械键盘","拼多多 · Keychron 百亿补贴品牌好货店","3c-keyboard-keychron-pdd-4-23","2","negative","售后","赠品和主商品分开发货，等待时间更久。","近 17 天","基于商品字段生成的拟真模拟评论"
"3c-keyboard-keychron-pdd-4","3c-keyboard-keychron","Keychron Q1 Max 75% 三模机械键盘 拼多多 618 活动款","3C 数码","机械键盘","拼多多 · Keychron 百亿补贴品牌好货店","3c-keyboard-keychron-pdd-4-24","2","negative","重量软件","驱动和改键需要适应，第一次配置会花一点时间。","近 42 天","基于商品字段生成的拟真模拟评论"
"3c-keyboard-keychron-jd-1","3c-keyboard-keychron","Keychron Q1 Max 75% 三模机械键盘 京东 618 活动款","3C 数码","机械键盘","京东 · Keychron 京东自营旗舰店","3c-keyboard-keychron-jd-1-1","2","negative","细节","部分细节和预期有差距，下单前要看清规格。","近 81 天","基于商品字段生成的拟真模拟评论"
"3c-keyboard-keychron-jd-1","3c-keyboard-keychron","Keychron Q1 Max 75% 三模机械键盘 京东 618 活动款","3C 数码","机械键盘","京东 · Keychron 京东自营旗舰店","3c-keyboard-keychron-jd-1-2","4","positive","体验","实物和页面描述基本一致，整体满意。","近 3 天","基于商品字段生成的拟真模拟评论"
"3c-keyboard-keychron-jd-1","3c-keyboard-keychron","Keychron Q1 Max 75% 三模机械键盘 京东 618 活动款","3C 数码","机械键盘","京东 · Keychron 京东自营旗舰店","3c-keyboard-keychron-jd-1-3","5","positive","价格","活动价入手比较划算，性价比可以。","近 67 天","基于商品字段生成的拟真模拟评论"
"3c-keyboard-keychron-jd-1","3c-keyboard-keychron","Keychron Q1 Max 75% 三模机械键盘 京东 618 活动款","3C 数码","机械键盘","京东 · Keychron 京东自营旗舰店","3c-keyboard-keychron-jd-1-4","5","positive","手感做工","按键手感扎实，Gasket 结构回弹比较均匀。","近 39 天","基于商品字段生成的拟真模拟评论"
"3c-keyboard-keychron-jd-1","3c-keyboard-keychron","Keychron Q1 Max 75% 三模机械键盘 京东 618 活动款","3C 数码","机械键盘","京东 · Keychron 京东自营旗舰店","3c-keyboard-keychron-jd-1-5","5","positive","履约服务","京东发货信息清楚，次日送达。","近 70 天","基于商品字段生成的拟真模拟评论"
"3c-keyboard-keychron-jd-1","3c-keyboard-keychron","Keychron Q1 Max 75% 三模机械键盘 京东 618 活动款","3C 数码","机械键盘","京东 · Keychron 京东自营旗舰店","3c-keyboard-keychron-jd-1-6","4","positive","体验","发货速度快，包装也比较完整。","近 80 天","基于商品字段生成的拟真模拟评论"
"3c-keyboard-keychron-jd-1","3c-keyboard-keychron","Keychron Q1 Max 75% 三模机械键盘 京东 618 活动款","3C 数码","机械键盘","京东 · Keychron 京东自营旗舰店","3c-keyboard-keychron-jd-1-7","5","positive","价格","券后价格比线下便宜一些。","近 24 天","基于商品字段生成的拟真模拟评论"
"3c-keyboard-keychron-jd-1","3c-keyboard-keychron","Keychron Q1 Max 75% 三模机械键盘 京东 618 活动款","3C 数码","机械键盘","京东 · Keychron 京东自营旗舰店","3c-keyboard-keychron-jd-1-8","5","positive","手感做工","三模切换方便，外壳做工和稳定性都不错。","近 10 天","基于商品字段生成的拟真模拟评论"
"3c-keyboard-keychron-jd-1","3c-keyboard-keychron","Keychron Q1 Max 75% 三模机械键盘 京东 618 活动款","3C 数码","机械键盘","京东 · Keychron 京东自营旗舰店","3c-keyboard-keychron-jd-1-9","5","positive","履约服务","7 天无理由，支持上门取件，下单前能比较明确地判断售后成本。","近 43 天","基于商品字段生成的拟真模拟评论"
"3c-keyboard-keychron-jd-1","3c-keyboard-keychron","Keychron Q1 Max 75% 三模机械键盘 京东 618 活动款","3C 数码","机械键盘","京东 · Keychron 京东自营旗舰店","3c-keyboard-keychron-jd-1-10","5","positive","体验","实物和页面描述基本一致，整体满意。","近 21 天","基于商品字段生成的拟真模拟评论"
"3c-keyboard-keychron-jd-1","3c-keyboard-keychron","Keychron Q1 Max 75% 三模机械键盘 京东 618 活动款","3C 数码","机械键盘","京东 · Keychron 京东自营旗舰店","3c-keyboard-keychron-jd-1-11","5","positive","价格","活动价入手比较划算，性价比可以。","近 57 天","基于商品字段生成的拟真模拟评论"
"3c-keyboard-keychron-jd-1","3c-keyboard-keychron","Keychron Q1 Max 75% 三模机械键盘 京东 618 活动款","3C 数码","机械键盘","京东 · Keychron 京东自营旗舰店","3c-keyboard-keychron-jd-1-12","5","positive","手感做工","按键手感扎实，Gasket 结构回弹比较均匀。","近 20 天","基于商品字段生成的拟真模拟评论"
"3c-keyboard-keychron-jd-1","3c-keyboard-keychron","Keychron Q1 Max 75% 三模机械键盘 京东 618 活动款","3C 数码","机械键盘","京东 · Keychron 京东自营旗舰店","3c-keyboard-keychron-jd-1-13","5","positive","履约服务","京东发货信息清楚，次日送达。","近 40 天","基于商品字段生成的拟真模拟评论"
"3c-keyboard-keychron-jd-1","3c-keyboard-keychron","Keychron Q1 Max 75% 三模机械键盘 京东 618 活动款","3C 数码","机械键盘","京东 · Keychron 京东自营旗舰店","3c-keyboard-keychron-jd-1-14","5","positive","体验","发货速度快，包装也比较完整。","近 15 天","基于商品字段生成的拟真模拟评论"
"3c-keyboard-keychron-jd-1","3c-keyboard-keychron","Keychron Q1 Max 75% 三模机械键盘 京东 618 活动款","3C 数码","机械键盘","京东 · Keychron 京东自营旗舰店","3c-keyboard-keychron-jd-1-15","4","positive","价格","券后价格比线下便宜一些。","近 5 天","基于商品字段生成的拟真模拟评论"
"3c-keyboard-keychron-jd-1","3c-keyboard-keychron","Keychron Q1 Max 75% 三模机械键盘 京东 618 活动款","3C 数码","机械键盘","京东 · Keychron 京东自营旗舰店","3c-keyboard-keychron-jd-1-16","5","positive","手感做工","三模切换方便，外壳做工和稳定性都不错。","近 58 天","基于商品字段生成的拟真模拟评论"
"3c-keyboard-keychron-jd-1","3c-keyboard-keychron","Keychron Q1 Max 75% 三模机械键盘 京东 618 活动款","3C 数码","机械键盘","京东 · Keychron 京东自营旗舰店","3c-keyboard-keychron-jd-1-17","5","positive","履约服务","7 天无理由，支持上门取件，下单前能比较明确地判断售后成本。","近 44 天","基于商品字段生成的拟真模拟评论"
"3c-keyboard-keychron-jd-1","3c-keyboard-keychron","Keychron Q1 Max 75% 三模机械键盘 京东 618 活动款","3C 数码","机械键盘","京东 · Keychron 京东自营旗舰店","3c-keyboard-keychron-jd-1-18","5","positive","体验","实物和页面描述基本一致，整体满意。","近 48 天","基于商品字段生成的拟真模拟评论"
"3c-keyboard-keychron-jd-1","3c-keyboard-keychron","Keychron Q1 Max 75% 三模机械键盘 京东 618 活动款","3C 数码","机械键盘","京东 · Keychron 京东自营旗舰店","3c-keyboard-keychron-jd-1-19","5","positive","价格","活动价入手比较划算，性价比可以。","近 30 天","基于商品字段生成的拟真模拟评论"
"3c-keyboard-keychron-jd-1","3c-keyboard-keychron","Keychron Q1 Max 75% 三模机械键盘 京东 618 活动款","3C 数码","机械键盘","京东 · Keychron 京东自营旗舰店","3c-keyboard-keychron-jd-1-20","2","negative","售后","退换流程需要按平台规则走，不算特别快。","近 5 天","基于商品字段生成的拟真模拟评论"
"3c-keyboard-keychron-jd-1","3c-keyboard-keychron","Keychron Q1 Max 75% 三模机械键盘 京东 618 活动款","3C 数码","机械键盘","京东 · Keychron 京东自营旗舰店","3c-keyboard-keychron-jd-1-21","5","positive","手感做工","按键手感扎实，Gasket 结构回弹比较均匀。","近 8 天","基于商品字段生成的拟真模拟评论"
"3c-keyboard-keychron-jd-1","3c-keyboard-keychron","Keychron Q1 Max 75% 三模机械键盘 京东 618 活动款","3C 数码","机械键盘","京东 · Keychron 京东自营旗舰店","3c-keyboard-keychron-jd-1-22","2","negative","重量软件","铝壳重量不轻，不适合经常带着通勤。","近 55 天","基于商品字段生成的拟真模拟评论"
"3c-keyboard-keychron-jd-1","3c-keyboard-keychron","Keychron Q1 Max 75% 三模机械键盘 京东 618 活动款","3C 数码","机械键盘","京东 · Keychron 京东自营旗舰店","3c-keyboard-keychron-jd-1-23","2","negative","售后规则","退换仍需按“7 天无理由，支持上门取件”执行，拆封或使用前要先确认条件。","近 20 天","基于商品字段生成的拟真模拟评论"
"3c-keyboard-keychron-jd-1","3c-keyboard-keychron","Keychron Q1 Max 75% 三模机械键盘 京东 618 活动款","3C 数码","机械键盘","京东 · Keychron 京东自营旗舰店","3c-keyboard-keychron-jd-1-24","4","positive","履约服务","京东发货信息清楚，次日送达。","近 41 天","基于商品字段生成的拟真模拟评论"
"3c-keyboard-keychron-brand-3","3c-keyboard-keychron","Keychron Q1 Max 75% 三模机械键盘 品牌官网 618 活动款","3C 数码","机械键盘","品牌官网 · Keychron 品牌官方网站","3c-keyboard-keychron-brand-3-1","5","positive","体验","实物和页面描述基本一致，整体满意。","近 51 天","基于商品字段生成的拟真模拟评论"
"3c-keyboard-keychron-brand-3","3c-keyboard-keychron","Keychron Q1 Max 75% 三模机械键盘 品牌官网 618 活动款","3C 数码","机械键盘","品牌官网 · Keychron 品牌官方网站","3c-keyboard-keychron-brand-3-2","5","positive","价格","活动价入手比较划算，性价比可以。","近 48 天","基于商品字段生成的拟真模拟评论"
"3c-keyboard-keychron-brand-3","3c-keyboard-keychron","Keychron Q1 Max 75% 三模机械键盘 品牌官网 618 活动款","3C 数码","机械键盘","品牌官网 · Keychron 品牌官方网站","3c-keyboard-keychron-brand-3-3","5","positive","手感做工","按键手感扎实，Gasket 结构回弹比较均匀。","近 70 天","基于商品字段生成的拟真模拟评论"
"3c-keyboard-keychron-brand-3","3c-keyboard-keychron","Keychron Q1 Max 75% 三模机械键盘 品牌官网 618 活动款","3C 数码","机械键盘","品牌官网 · Keychron 品牌官方网站","3c-keyboard-keychron-brand-3-4","4","positive","履约服务","品牌官网发货信息清楚，预计 2-3 天送达。","近 40 天","基于商品字段生成的拟真模拟评论"
"3c-keyboard-keychron-brand-3","3c-keyboard-keychron","Keychron Q1 Max 75% 三模机械键盘 品牌官网 618 活动款","3C 数码","机械键盘","品牌官网 · Keychron 品牌官方网站","3c-keyboard-keychron-brand-3-5","3","negative","细节","部分细节和预期有差距，下单前要看清规格。","近 17 天","基于商品字段生成的拟真模拟评论"
"3c-keyboard-keychron-brand-3","3c-keyboard-keychron","Keychron Q1 Max 75% 三模机械键盘 品牌官网 618 活动款","3C 数码","机械键盘","品牌官网 · Keychron 品牌官方网站","3c-keyboard-keychron-brand-3-6","2","negative","售后","退换流程需要按平台规则走，不算特别快。","近 73 天","基于商品字段生成的拟真模拟评论"
"3c-keyboard-keychron-brand-3","3c-keyboard-keychron","Keychron Q1 Max 75% 三模机械键盘 品牌官网 618 活动款","3C 数码","机械键盘","品牌官网 · Keychron 品牌官方网站","3c-keyboard-keychron-brand-3-7","5","positive","体验","发货速度快，包装也比较完整。","近 69 天","基于商品字段生成的拟真模拟评论"
"3c-keyboard-keychron-brand-3","3c-keyboard-keychron","Keychron Q1 Max 75% 三模机械键盘 品牌官网 618 活动款","3C 数码","机械键盘","品牌官网 · Keychron 品牌官方网站","3c-keyboard-keychron-brand-3-8","5","positive","价格","券后价格比线下便宜一些。","近 78 天","基于商品字段生成的拟真模拟评论"
"3c-keyboard-keychron-brand-3","3c-keyboard-keychron","Keychron Q1 Max 75% 三模机械键盘 品牌官网 618 活动款","3C 数码","机械键盘","品牌官网 · Keychron 品牌官方网站","3c-keyboard-keychron-brand-3-9","5","positive","手感做工","三模切换方便，外壳做工和稳定性都不错。","近 31 天","基于商品字段生成的拟真模拟评论"
"3c-keyboard-keychron-brand-3","3c-keyboard-keychron","Keychron Q1 Max 75% 三模机械键盘 品牌官网 618 活动款","3C 数码","机械键盘","品牌官网 · Keychron 品牌官方网站","3c-keyboard-keychron-brand-3-10","5","positive","履约服务","官方 7 天退换政策，下单前能比较明确地判断售后成本。","近 27 天","基于商品字段生成的拟真模拟评论"
"3c-keyboard-keychron-brand-3","3c-keyboard-keychron","Keychron Q1 Max 75% 三模机械键盘 品牌官网 618 活动款","3C 数码","机械键盘","品牌官网 · Keychron 品牌官方网站","3c-keyboard-keychron-brand-3-11","5","positive","体验","实物和页面描述基本一致，整体满意。","近 33 天","基于商品字段生成的拟真模拟评论"
"3c-keyboard-keychron-brand-3","3c-keyboard-keychron","Keychron Q1 Max 75% 三模机械键盘 品牌官网 618 活动款","3C 数码","机械键盘","品牌官网 · Keychron 品牌官方网站","3c-keyboard-keychron-brand-3-12","5","positive","价格","活动价入手比较划算，性价比可以。","近 28 天","基于商品字段生成的拟真模拟评论"
"3c-keyboard-keychron-brand-3","3c-keyboard-keychron","Keychron Q1 Max 75% 三模机械键盘 品牌官网 618 活动款","3C 数码","机械键盘","品牌官网 · Keychron 品牌官方网站","3c-keyboard-keychron-brand-3-13","4","positive","手感做工","按键手感扎实，Gasket 结构回弹比较均匀。","近 41 天","基于商品字段生成的拟真模拟评论"
"3c-keyboard-keychron-brand-3","3c-keyboard-keychron","Keychron Q1 Max 75% 三模机械键盘 品牌官网 618 活动款","3C 数码","机械键盘","品牌官网 · Keychron 品牌官方网站","3c-keyboard-keychron-brand-3-14","5","positive","履约服务","品牌官网发货信息清楚，预计 2-3 天送达。","近 33 天","基于商品字段生成的拟真模拟评论"
"3c-keyboard-keychron-brand-3","3c-keyboard-keychron","Keychron Q1 Max 75% 三模机械键盘 品牌官网 618 活动款","3C 数码","机械键盘","品牌官网 · Keychron 品牌官方网站","3c-keyboard-keychron-brand-3-15","3","negative","重量软件","铝壳重量不轻，不适合经常带着通勤。","近 2 天","基于商品字段生成的拟真模拟评论"
"3c-keyboard-keychron-brand-3","3c-keyboard-keychron","Keychron Q1 Max 75% 三模机械键盘 品牌官网 618 活动款","3C 数码","机械键盘","品牌官网 · Keychron 品牌官方网站","3c-keyboard-keychron-brand-3-16","4","positive","体验","发货速度快，包装也比较完整。","近 43 天","基于商品字段生成的拟真模拟评论"
"3c-keyboard-keychron-brand-3","3c-keyboard-keychron","Keychron Q1 Max 75% 三模机械键盘 品牌官网 618 活动款","3C 数码","机械键盘","品牌官网 · Keychron 品牌官方网站","3c-keyboard-keychron-brand-3-17","5","positive","价格","券后价格比线下便宜一些。","近 76 天","基于商品字段生成的拟真模拟评论"
"3c-keyboard-keychron-brand-3","3c-keyboard-keychron","Keychron Q1 Max 75% 三模机械键盘 品牌官网 618 活动款","3C 数码","机械键盘","品牌官网 · Keychron 品牌官方网站","3c-keyboard-keychron-brand-3-18","5","positive","手感做工","三模切换方便，外壳做工和稳定性都不错。","近 31 天","基于商品字段生成的拟真模拟评论"
"3c-keyboard-keychron-brand-3","3c-keyboard-keychron","Keychron Q1 Max 75% 三模机械键盘 品牌官网 618 活动款","3C 数码","机械键盘","品牌官网 · Keychron 品牌官方网站","3c-keyboard-keychron-brand-3-19","5","positive","履约服务","官方 7 天退换政策，下单前能比较明确地判断售后成本。","近 66 天","基于商品字段生成的拟真模拟评论"
"3c-keyboard-keychron-brand-3","3c-keyboard-keychron","Keychron Q1 Max 75% 三模机械键盘 品牌官网 618 活动款","3C 数码","机械键盘","品牌官网 · Keychron 品牌官方网站","3c-keyboard-keychron-brand-3-20","5","positive","体验","实物和页面描述基本一致，整体满意。","近 76 天","基于商品字段生成的拟真模拟评论"
"3c-keyboard-keychron-brand-3","3c-keyboard-keychron","Keychron Q1 Max 75% 三模机械键盘 品牌官网 618 活动款","3C 数码","机械键盘","品牌官网 · Keychron 品牌官方网站","3c-keyboard-keychron-brand-3-21","5","positive","价格","活动价入手比较划算，性价比可以。","近 31 天","基于商品字段生成的拟真模拟评论"
"3c-keyboard-keychron-brand-3","3c-keyboard-keychron","Keychron Q1 Max 75% 三模机械键盘 品牌官网 618 活动款","3C 数码","机械键盘","品牌官网 · Keychron 品牌官方网站","3c-keyboard-keychron-brand-3-22","5","positive","手感做工","按键手感扎实，Gasket 结构回弹比较均匀。","近 64 天","基于商品字段生成的拟真模拟评论"
"3c-keyboard-keychron-brand-3","3c-keyboard-keychron","Keychron Q1 Max 75% 三模机械键盘 品牌官网 618 活动款","3C 数码","机械键盘","品牌官网 · Keychron 品牌官方网站","3c-keyboard-keychron-brand-3-23","3","negative","售后规则","退换仍需按“官方 7 天退换政策”执行，拆封或使用前要先确认条件。","近 73 天","基于商品字段生成的拟真模拟评论"
"3c-keyboard-keychron-brand-3","3c-keyboard-keychron","Keychron Q1 Max 75% 三模机械键盘 品牌官网 618 活动款","3C 数码","机械键盘","品牌官网 · Keychron 品牌官方网站","3c-keyboard-keychron-brand-3-24","5","positive","履约服务","品牌官网发货信息清楚，预计 2-3 天送达。","近 3 天","基于商品字段生成的拟真模拟评论"
"3c-keyboard-keychron-amazon-5","3c-keyboard-keychron","Keychron Q1 Max 75% 三模机械键盘 亚马逊 618 活动款","3C 数码","机械键盘","亚马逊 · Keychron Amazon Global Store","3c-keyboard-keychron-amazon-5-1","5","positive","体验","实物和页面描述基本一致，整体满意。","近 24 天","基于商品字段生成的拟真模拟评论"
"3c-keyboard-keychron-amazon-5","3c-keyboard-keychron","Keychron Q1 Max 75% 三模机械键盘 亚马逊 618 活动款","3C 数码","机械键盘","亚马逊 · Keychron Amazon Global Store","3c-keyboard-keychron-amazon-5-2","5","positive","价格","活动价入手比较划算，性价比可以。","近 76 天","基于商品字段生成的拟真模拟评论"
"3c-keyboard-keychron-amazon-5","3c-keyboard-keychron","Keychron Q1 Max 75% 三模机械键盘 亚马逊 618 活动款","3C 数码","机械键盘","亚马逊 · Keychron Amazon Global Store","3c-keyboard-keychron-amazon-5-3","4","positive","手感做工","按键手感扎实，Gasket 结构回弹比较均匀。","近 12 天","基于商品字段生成的拟真模拟评论"
"3c-keyboard-keychron-amazon-5","3c-keyboard-keychron","Keychron Q1 Max 75% 三模机械键盘 亚马逊 618 活动款","3C 数码","机械键盘","亚马逊 · Keychron Amazon Global Store","3c-keyboard-keychron-amazon-5-4","5","positive","履约服务","亚马逊发货信息清楚，预计 7-12 天送达。","近 77 天","基于商品字段生成的拟真模拟评论"
"3c-keyboard-keychron-amazon-5","3c-keyboard-keychron","Keychron Q1 Max 75% 三模机械键盘 亚马逊 618 活动款","3C 数码","机械键盘","亚马逊 · Keychron Amazon Global Store","3c-keyboard-keychron-amazon-5-5","4","positive","体验","发货速度快，包装也比较完整。","近 22 天","基于商品字段生成的拟真模拟评论"
"3c-keyboard-keychron-amazon-5","3c-keyboard-keychron","Keychron Q1 Max 75% 三模机械键盘 亚马逊 618 活动款","3C 数码","机械键盘","亚马逊 · Keychron Amazon Global Store","3c-keyboard-keychron-amazon-5-6","4","positive","价格","券后价格比线下便宜一些。","近 24 天","基于商品字段生成的拟真模拟评论"
"3c-keyboard-keychron-amazon-5","3c-keyboard-keychron","Keychron Q1 Max 75% 三模机械键盘 亚马逊 618 活动款","3C 数码","机械键盘","亚马逊 · Keychron Amazon Global Store","3c-keyboard-keychron-amazon-5-7","4","positive","手感做工","三模切换方便，外壳做工和稳定性都不错。","近 18 天","基于商品字段生成的拟真模拟评论"
"3c-keyboard-keychron-amazon-5","3c-keyboard-keychron","Keychron Q1 Max 75% 三模机械键盘 亚马逊 618 活动款","3C 数码","机械键盘","亚马逊 · Keychron Amazon Global Store","3c-keyboard-keychron-amazon-5-8","5","positive","履约服务","跨境退货，费用按页面规则，下单前能比较明确地判断售后成本。","近 25 天","基于商品字段生成的拟真模拟评论"
"3c-keyboard-keychron-amazon-5","3c-keyboard-keychron","Keychron Q1 Max 75% 三模机械键盘 亚马逊 618 活动款","3C 数码","机械键盘","亚马逊 · Keychron Amazon Global Store","3c-keyboard-keychron-amazon-5-9","5","positive","体验","实物和页面描述基本一致，整体满意。","近 85 天","基于商品字段生成的拟真模拟评论"
"3c-keyboard-keychron-amazon-5","3c-keyboard-keychron","Keychron Q1 Max 75% 三模机械键盘 亚马逊 618 活动款","3C 数码","机械键盘","亚马逊 · Keychron Amazon Global Store","3c-keyboard-keychron-amazon-5-10","5","positive","价格","活动价入手比较划算，性价比可以。","近 35 天","基于商品字段生成的拟真模拟评论"
"3c-keyboard-keychron-amazon-5","3c-keyboard-keychron","Keychron Q1 Max 75% 三模机械键盘 亚马逊 618 活动款","3C 数码","机械键盘","亚马逊 · Keychron Amazon Global Store","3c-keyboard-keychron-amazon-5-11","5","positive","手感做工","按键手感扎实，Gasket 结构回弹比较均匀。","近 49 天","基于商品字段生成的拟真模拟评论"
"3c-keyboard-keychron-amazon-5","3c-keyboard-keychron","Keychron Q1 Max 75% 三模机械键盘 亚马逊 618 活动款","3C 数码","机械键盘","亚马逊 · Keychron Amazon Global Store","3c-keyboard-keychron-amazon-5-12","5","positive","履约服务","亚马逊发货信息清楚，预计 7-12 天送达。","近 67 天","基于商品字段生成的拟真模拟评论"
"3c-keyboard-keychron-amazon-5","3c-keyboard-keychron","Keychron Q1 Max 75% 三模机械键盘 亚马逊 618 活动款","3C 数码","机械键盘","亚马逊 · Keychron Amazon Global Store","3c-keyboard-keychron-amazon-5-13","2","negative","细节","部分细节和预期有差距，下单前要看清规格。","近 46 天","基于商品字段生成的拟真模拟评论"
"3c-keyboard-keychron-amazon-5","3c-keyboard-keychron","Keychron Q1 Max 75% 三模机械键盘 亚马逊 618 活动款","3C 数码","机械键盘","亚马逊 · Keychron Amazon Global Store","3c-keyboard-keychron-amazon-5-14","5","positive","体验","发货速度快，包装也比较完整。","近 12 天","基于商品字段生成的拟真模拟评论"
"3c-keyboard-keychron-amazon-5","3c-keyboard-keychron","Keychron Q1 Max 75% 三模机械键盘 亚马逊 618 活动款","3C 数码","机械键盘","亚马逊 · Keychron Amazon Global Store","3c-keyboard-keychron-amazon-5-15","3","negative","售后","退换流程需要按平台规则走，不算特别快。","近 82 天","基于商品字段生成的拟真模拟评论"
"3c-keyboard-keychron-amazon-5","3c-keyboard-keychron","Keychron Q1 Max 75% 三模机械键盘 亚马逊 618 活动款","3C 数码","机械键盘","亚马逊 · Keychron Amazon Global Store","3c-keyboard-keychron-amazon-5-16","3","negative","重量软件","铝壳重量不轻，不适合经常带着通勤。","近 8 天","基于商品字段生成的拟真模拟评论"
"3c-keyboard-keychron-amazon-5","3c-keyboard-keychron","Keychron Q1 Max 75% 三模机械键盘 亚马逊 618 活动款","3C 数码","机械键盘","亚马逊 · Keychron Amazon Global Store","3c-keyboard-keychron-amazon-5-17","3","negative","售后规则","退换仍需按“跨境退货，费用按页面规则”执行，拆封或使用前要先确认条件。","近 33 天","基于商品字段生成的拟真模拟评论"
"3c-keyboard-keychron-amazon-5","3c-keyboard-keychron","Keychron Q1 Max 75% 三模机械键盘 亚马逊 618 活动款","3C 数码","机械键盘","亚马逊 · Keychron Amazon Global Store","3c-keyboard-keychron-amazon-5-18","5","positive","价格","券后价格比线下便宜一些。","近 77 天","基于商品字段生成的拟真模拟评论"
"3c-keyboard-keychron-amazon-5","3c-keyboard-keychron","Keychron Q1 Max 75% 三模机械键盘 亚马逊 618 活动款","3C 数码","机械键盘","亚马逊 · Keychron Amazon Global Store","3c-keyboard-keychron-amazon-5-19","5","positive","手感做工","三模切换方便，外壳做工和稳定性都不错。","近 24 天","基于商品字段生成的拟真模拟评论"
"3c-keyboard-keychron-amazon-5","3c-keyboard-keychron","Keychron Q1 Max 75% 三模机械键盘 亚马逊 618 活动款","3C 数码","机械键盘","亚马逊 · Keychron Amazon Global Store","3c-keyboard-keychron-amazon-5-20","2","negative","细节","客服解释比较慢，急用要提前确认。","近 48 天","基于商品字段生成的拟真模拟评论"
"3c-keyboard-keychron-amazon-5","3c-keyboard-keychron","Keychron Q1 Max 75% 三模机械键盘 亚马逊 618 活动款","3C 数码","机械键盘","亚马逊 · Keychron Amazon Global Store","3c-keyboard-keychron-amazon-5-21","5","positive","履约服务","跨境退货，费用按页面规则，下单前能比较明确地判断售后成本。","近 44 天","基于商品字段生成的拟真模拟评论"
"3c-keyboard-keychron-amazon-5","3c-keyboard-keychron","Keychron Q1 Max 75% 三模机械键盘 亚马逊 618 活动款","3C 数码","机械键盘","亚马逊 · Keychron Amazon Global Store","3c-keyboard-keychron-amazon-5-22","5","positive","体验","实物和页面描述基本一致，整体满意。","近 2 天","基于商品字段生成的拟真模拟评论"
"3c-keyboard-keychron-amazon-5","3c-keyboard-keychron","Keychron Q1 Max 75% 三模机械键盘 亚马逊 618 活动款","3C 数码","机械键盘","亚马逊 · Keychron Amazon Global Store","3c-keyboard-keychron-amazon-5-23","5","positive","价格","活动价入手比较划算，性价比可以。","近 73 天","基于商品字段生成的拟真模拟评论"
"3c-keyboard-keychron-amazon-5","3c-keyboard-keychron","Keychron Q1 Max 75% 三模机械键盘 亚马逊 618 活动款","3C 数码","机械键盘","亚马逊 · Keychron Amazon Global Store","3c-keyboard-keychron-amazon-5-24","5","positive","手感做工","按键手感扎实，Gasket 结构回弹比较均匀。","近 82 天","基于商品字段生成的拟真模拟评论"
"3c-monitor-dell-taobao-2","3c-monitor-dell","Dell 戴尔 U2725QE 27 英寸 4K 显示器 天猫 618 活动款","3C 数码","显示器","天猫 · Dell 品牌天猫官方旗舰店","3c-monitor-dell-taobao-2-1","5","positive","体验","实物和页面描述基本一致，整体满意。","近 87 天","基于商品字段生成的拟真模拟评论"
"3c-monitor-dell-taobao-2","3c-monitor-dell","Dell 戴尔 U2725QE 27 英寸 4K 显示器 天猫 618 活动款","3C 数码","显示器","天猫 · Dell 品牌天猫官方旗舰店","3c-monitor-dell-taobao-2-2","5","positive","价格","活动价入手比较划算，性价比可以。","近 85 天","基于商品字段生成的拟真模拟评论"
"3c-monitor-dell-taobao-2","3c-monitor-dell","Dell 戴尔 U2725QE 27 英寸 4K 显示器 天猫 618 活动款","3C 数码","显示器","天猫 · Dell 品牌天猫官方旗舰店","3c-monitor-dell-taobao-2-3","5","positive","显示连接","4K 文字显示清晰，接口齐全，连接笔记本很方便。","近 65 天","基于商品字段生成的拟真模拟评论"
"3c-monitor-dell-taobao-2","3c-monitor-dell","Dell 戴尔 U2725QE 27 英寸 4K 显示器 天猫 618 活动款","3C 数码","显示器","天猫 · Dell 品牌天猫官方旗舰店","3c-monitor-dell-taobao-2-4","5","positive","履约服务","天猫发货信息清楚，预计 2 天送达。","近 63 天","基于商品字段生成的拟真模拟评论"
"3c-monitor-dell-taobao-2","3c-monitor-dell","Dell 戴尔 U2725QE 27 英寸 4K 显示器 天猫 618 活动款","3C 数码","显示器","天猫 · Dell 品牌天猫官方旗舰店","3c-monitor-dell-taobao-2-5","3","negative","细节","部分细节和预期有差距，下单前要看清规格。","近 33 天","基于商品字段生成的拟真模拟评论"
"3c-monitor-dell-taobao-2","3c-monitor-dell","Dell 戴尔 U2725QE 27 英寸 4K 显示器 天猫 618 活动款","3C 数码","显示器","天猫 · Dell 品牌天猫官方旗舰店","3c-monitor-dell-taobao-2-6","5","positive","体验","发货速度快，包装也比较完整。","近 63 天","基于商品字段生成的拟真模拟评论"
"3c-monitor-dell-taobao-2","3c-monitor-dell","Dell 戴尔 U2725QE 27 英寸 4K 显示器 天猫 618 活动款","3C 数码","显示器","天猫 · Dell 品牌天猫官方旗舰店","3c-monitor-dell-taobao-2-7","5","positive","价格","券后价格比线下便宜一些。","近 70 天","基于商品字段生成的拟真模拟评论"
"3c-monitor-dell-taobao-2","3c-monitor-dell","Dell 戴尔 U2725QE 27 英寸 4K 显示器 天猫 618 活动款","3C 数码","显示器","天猫 · Dell 品牌天猫官方旗舰店","3c-monitor-dell-taobao-2-8","5","positive","显示连接","色彩和可视角度稳定，多窗口办公效率提升明显。","近 26 天","基于商品字段生成的拟真模拟评论"
"3c-monitor-dell-taobao-2","3c-monitor-dell","Dell 戴尔 U2725QE 27 英寸 4K 显示器 天猫 618 活动款","3C 数码","显示器","天猫 · Dell 品牌天猫官方旗舰店","3c-monitor-dell-taobao-2-9","5","positive","履约服务","7 天无理由，退货运费险，下单前能比较明确地判断售后成本。","近 55 天","基于商品字段生成的拟真模拟评论"
"3c-monitor-dell-taobao-2","3c-monitor-dell","Dell 戴尔 U2725QE 27 英寸 4K 显示器 天猫 618 活动款","3C 数码","显示器","天猫 · Dell 品牌天猫官方旗舰店","3c-monitor-dell-taobao-2-10","5","positive","体验","实物和页面描述基本一致，整体满意。","近 82 天","基于商品字段生成的拟真模拟评论"
"3c-monitor-dell-taobao-2","3c-monitor-dell","Dell 戴尔 U2725QE 27 英寸 4K 显示器 天猫 618 活动款","3C 数码","显示器","天猫 · Dell 品牌天猫官方旗舰店","3c-monitor-dell-taobao-2-11","5","positive","价格","活动价入手比较划算，性价比可以。","近 10 天","基于商品字段生成的拟真模拟评论"
"3c-monitor-dell-taobao-2","3c-monitor-dell","Dell 戴尔 U2725QE 27 英寸 4K 显示器 天猫 618 活动款","3C 数码","显示器","天猫 · Dell 品牌天猫官方旗舰店","3c-monitor-dell-taobao-2-12","5","positive","显示连接","4K 文字显示清晰，接口齐全，连接笔记本很方便。","近 53 天","基于商品字段生成的拟真模拟评论"
"3c-monitor-dell-taobao-2","3c-monitor-dell","Dell 戴尔 U2725QE 27 英寸 4K 显示器 天猫 618 活动款","3C 数码","显示器","天猫 · Dell 品牌天猫官方旗舰店","3c-monitor-dell-taobao-2-13","4","positive","履约服务","天猫发货信息清楚，预计 2 天送达。","近 1 天","基于商品字段生成的拟真模拟评论"
"3c-monitor-dell-taobao-2","3c-monitor-dell","Dell 戴尔 U2725QE 27 英寸 4K 显示器 天猫 618 活动款","3C 数码","显示器","天猫 · Dell 品牌天猫官方旗舰店","3c-monitor-dell-taobao-2-14","5","positive","体验","发货速度快，包装也比较完整。","近 33 天","基于商品字段生成的拟真模拟评论"
"3c-monitor-dell-taobao-2","3c-monitor-dell","Dell 戴尔 U2725QE 27 英寸 4K 显示器 天猫 618 活动款","3C 数码","显示器","天猫 · Dell 品牌天猫官方旗舰店","3c-monitor-dell-taobao-2-15","5","positive","价格","券后价格比线下便宜一些。","近 48 天","基于商品字段生成的拟真模拟评论"
"3c-monitor-dell-taobao-2","3c-monitor-dell","Dell 戴尔 U2725QE 27 英寸 4K 显示器 天猫 618 活动款","3C 数码","显示器","天猫 · Dell 品牌天猫官方旗舰店","3c-monitor-dell-taobao-2-16","3","negative","售后","退换流程需要按平台规则走，不算特别快。","近 50 天","基于商品字段生成的拟真模拟评论"
"3c-monitor-dell-taobao-2","3c-monitor-dell","Dell 戴尔 U2725QE 27 英寸 4K 显示器 天猫 618 活动款","3C 数码","显示器","天猫 · Dell 品牌天猫官方旗舰店","3c-monitor-dell-taobao-2-17","4","positive","显示连接","色彩和可视角度稳定，多窗口办公效率提升明显。","近 59 天","基于商品字段生成的拟真模拟评论"
"3c-monitor-dell-taobao-2","3c-monitor-dell","Dell 戴尔 U2725QE 27 英寸 4K 显示器 天猫 618 活动款","3C 数码","显示器","天猫 · Dell 品牌天猫官方旗舰店","3c-monitor-dell-taobao-2-18","3","negative","占用空间","支架和 27 英寸屏幕比较占桌面，小桌面要先量尺寸。","近 81 天","基于商品字段生成的拟真模拟评论"
"3c-monitor-dell-taobao-2","3c-monitor-dell","Dell 戴尔 U2725QE 27 英寸 4K 显示器 天猫 618 活动款","3C 数码","显示器","天猫 · Dell 品牌天猫官方旗舰店","3c-monitor-dell-taobao-2-19","4","positive","履约服务","7 天无理由，退货运费险，下单前能比较明确地判断售后成本。","近 1 天","基于商品字段生成的拟真模拟评论"
"3c-monitor-dell-taobao-2","3c-monitor-dell","Dell 戴尔 U2725QE 27 英寸 4K 显示器 天猫 618 活动款","3C 数码","显示器","天猫 · Dell 品牌天猫官方旗舰店","3c-monitor-dell-taobao-2-20","5","positive","体验","实物和页面描述基本一致，整体满意。","近 76 天","基于商品字段生成的拟真模拟评论"
"3c-monitor-dell-taobao-2","3c-monitor-dell","Dell 戴尔 U2725QE 27 英寸 4K 显示器 天猫 618 活动款","3C 数码","显示器","天猫 · Dell 品牌天猫官方旗舰店","3c-monitor-dell-taobao-2-21","5","positive","价格","活动价入手比较划算，性价比可以。","近 41 天","基于商品字段生成的拟真模拟评论"
"3c-monitor-dell-taobao-2","3c-monitor-dell","Dell 戴尔 U2725QE 27 英寸 4K 显示器 天猫 618 活动款","3C 数码","显示器","天猫 · Dell 品牌天猫官方旗舰店","3c-monitor-dell-taobao-2-22","5","positive","显示连接","4K 文字显示清晰，接口齐全，连接笔记本很方便。","近 38 天","基于商品字段生成的拟真模拟评论"
"3c-monitor-dell-taobao-2","3c-monitor-dell","Dell 戴尔 U2725QE 27 英寸 4K 显示器 天猫 618 活动款","3C 数码","显示器","天猫 · Dell 品牌天猫官方旗舰店","3c-monitor-dell-taobao-2-23","3","negative","售后规则","退换仍需按“7 天无理由，退货运费险”执行，拆封或使用前要先确认条件。","近 64 天","基于商品字段生成的拟真模拟评论"
"3c-monitor-dell-taobao-2","3c-monitor-dell","Dell 戴尔 U2725QE 27 英寸 4K 显示器 天猫 618 活动款","3C 数码","显示器","天猫 · Dell 品牌天猫官方旗舰店","3c-monitor-dell-taobao-2-24","5","positive","履约服务","天猫发货信息清楚，预计 2 天送达。","近 7 天","基于商品字段生成的拟真模拟评论"
"3c-monitor-dell-pdd-4","3c-monitor-dell","Dell 戴尔 U2725QE 27 英寸 4K 显示器 拼多多 618 活动款","3C 数码","显示器","拼多多 · Dell 百亿补贴品牌好货店","3c-monitor-dell-pdd-4-1","5","positive","体验","实物和页面描述基本一致，整体满意。","近 40 天","基于商品字段生成的拟真模拟评论"
"3c-monitor-dell-pdd-4","3c-monitor-dell","Dell 戴尔 U2725QE 27 英寸 4K 显示器 拼多多 618 活动款","3C 数码","显示器","拼多多 · Dell 百亿补贴品牌好货店","3c-monitor-dell-pdd-4-2","5","positive","价格","活动价入手比较划算，性价比可以。","近 77 天","基于商品字段生成的拟真模拟评论"
"3c-monitor-dell-pdd-4","3c-monitor-dell","Dell 戴尔 U2725QE 27 英寸 4K 显示器 拼多多 618 活动款","3C 数码","显示器","拼多多 · Dell 百亿补贴品牌好货店","3c-monitor-dell-pdd-4-3","5","positive","显示连接","4K 文字显示清晰，接口齐全，连接笔记本很方便。","近 4 天","基于商品字段生成的拟真模拟评论"
"3c-monitor-dell-pdd-4","3c-monitor-dell","Dell 戴尔 U2725QE 27 英寸 4K 显示器 拼多多 618 活动款","3C 数码","显示器","拼多多 · Dell 百亿补贴品牌好货店","3c-monitor-dell-pdd-4-4","3","negative","细节","部分细节和预期有差距，下单前要看清规格。","近 37 天","基于商品字段生成的拟真模拟评论"
"3c-monitor-dell-pdd-4","3c-monitor-dell","Dell 戴尔 U2725QE 27 英寸 4K 显示器 拼多多 618 活动款","3C 数码","显示器","拼多多 · Dell 百亿补贴品牌好货店","3c-monitor-dell-pdd-4-5","4","positive","履约服务","拼多多发货信息清楚，预计 3-5 天送达。","近 47 天","基于商品字段生成的拟真模拟评论"
"3c-monitor-dell-pdd-4","3c-monitor-dell","Dell 戴尔 U2725QE 27 英寸 4K 显示器 拼多多 618 活动款","3C 数码","显示器","拼多多 · Dell 百亿补贴品牌好货店","3c-monitor-dell-pdd-4-6","3","negative","售后","退换流程需要按平台规则走，不算特别快。","近 6 天","基于商品字段生成的拟真模拟评论"
"3c-monitor-dell-pdd-4","3c-monitor-dell","Dell 戴尔 U2725QE 27 英寸 4K 显示器 拼多多 618 活动款","3C 数码","显示器","拼多多 · Dell 百亿补贴品牌好货店","3c-monitor-dell-pdd-4-7","5","positive","体验","发货速度快，包装也比较完整。","近 77 天","基于商品字段生成的拟真模拟评论"
"3c-monitor-dell-pdd-4","3c-monitor-dell","Dell 戴尔 U2725QE 27 英寸 4K 显示器 拼多多 618 活动款","3C 数码","显示器","拼多多 · Dell 百亿补贴品牌好货店","3c-monitor-dell-pdd-4-8","5","positive","价格","券后价格比线下便宜一些。","近 83 天","基于商品字段生成的拟真模拟评论"
"3c-monitor-dell-pdd-4","3c-monitor-dell","Dell 戴尔 U2725QE 27 英寸 4K 显示器 拼多多 618 活动款","3C 数码","显示器","拼多多 · Dell 百亿补贴品牌好货店","3c-monitor-dell-pdd-4-9","5","positive","显示连接","色彩和可视角度稳定，多窗口办公效率提升明显。","近 4 天","基于商品字段生成的拟真模拟评论"
"3c-monitor-dell-pdd-4","3c-monitor-dell","Dell 戴尔 U2725QE 27 英寸 4K 显示器 拼多多 618 活动款","3C 数码","显示器","拼多多 · Dell 百亿补贴品牌好货店","3c-monitor-dell-pdd-4-10","5","positive","履约服务","支持退换，需核对激活与拆封规则，下单前能比较明确地判断售后成本。","近 37 天","基于商品字段生成的拟真模拟评论"
"3c-monitor-dell-pdd-4","3c-monitor-dell","Dell 戴尔 U2725QE 27 英寸 4K 显示器 拼多多 618 活动款","3C 数码","显示器","拼多多 · Dell 百亿补贴品牌好货店","3c-monitor-dell-pdd-4-11","5","positive","体验","实物和页面描述基本一致，整体满意。","近 74 天","基于商品字段生成的拟真模拟评论"
"3c-monitor-dell-pdd-4","3c-monitor-dell","Dell 戴尔 U2725QE 27 英寸 4K 显示器 拼多多 618 活动款","3C 数码","显示器","拼多多 · Dell 百亿补贴品牌好货店","3c-monitor-dell-pdd-4-12","5","positive","价格","活动价入手比较划算，性价比可以。","近 46 天","基于商品字段生成的拟真模拟评论"
"3c-monitor-dell-pdd-4","3c-monitor-dell","Dell 戴尔 U2725QE 27 英寸 4K 显示器 拼多多 618 活动款","3C 数码","显示器","拼多多 · Dell 百亿补贴品牌好货店","3c-monitor-dell-pdd-4-13","5","positive","显示连接","4K 文字显示清晰，接口齐全，连接笔记本很方便。","近 20 天","基于商品字段生成的拟真模拟评论"
"3c-monitor-dell-pdd-4","3c-monitor-dell","Dell 戴尔 U2725QE 27 英寸 4K 显示器 拼多多 618 活动款","3C 数码","显示器","拼多多 · Dell 百亿补贴品牌好货店","3c-monitor-dell-pdd-4-14","5","positive","履约服务","拼多多发货信息清楚，预计 3-5 天送达。","近 68 天","基于商品字段生成的拟真模拟评论"
"3c-monitor-dell-pdd-4","3c-monitor-dell","Dell 戴尔 U2725QE 27 英寸 4K 显示器 拼多多 618 活动款","3C 数码","显示器","拼多多 · Dell 百亿补贴品牌好货店","3c-monitor-dell-pdd-4-15","3","negative","占用空间","支架和 27 英寸屏幕比较占桌面，小桌面要先量尺寸。","近 10 天","基于商品字段生成的拟真模拟评论"
"3c-monitor-dell-pdd-4","3c-monitor-dell","Dell 戴尔 U2725QE 27 英寸 4K 显示器 拼多多 618 活动款","3C 数码","显示器","拼多多 · Dell 百亿补贴品牌好货店","3c-monitor-dell-pdd-4-16","3","negative","售后规则","退换仍需按“支持退换，需核对激活与拆封规则”执行，拆封或使用前要先确认条件。","近 84 天","基于商品字段生成的拟真模拟评论"
"3c-monitor-dell-pdd-4","3c-monitor-dell","Dell 戴尔 U2725QE 27 英寸 4K 显示器 拼多多 618 活动款","3C 数码","显示器","拼多多 · Dell 百亿补贴品牌好货店","3c-monitor-dell-pdd-4-17","3","negative","细节","客服解释比较慢，急用要提前确认。","近 31 天","基于商品字段生成的拟真模拟评论"
"3c-monitor-dell-pdd-4","3c-monitor-dell","Dell 戴尔 U2725QE 27 英寸 4K 显示器 拼多多 618 活动款","3C 数码","显示器","拼多多 · Dell 百亿补贴品牌好货店","3c-monitor-dell-pdd-4-18","5","positive","体验","发货速度快，包装也比较完整。","近 34 天","基于商品字段生成的拟真模拟评论"
"3c-monitor-dell-pdd-4","3c-monitor-dell","Dell 戴尔 U2725QE 27 英寸 4K 显示器 拼多多 618 活动款","3C 数码","显示器","拼多多 · Dell 百亿补贴品牌好货店","3c-monitor-dell-pdd-4-19","3","negative","售后","赠品和主商品分开发货，等待时间更久。","近 24 天","基于商品字段生成的拟真模拟评论"
"3c-monitor-dell-pdd-4","3c-monitor-dell","Dell 戴尔 U2725QE 27 英寸 4K 显示器 拼多多 618 活动款","3C 数码","显示器","拼多多 · Dell 百亿补贴品牌好货店","3c-monitor-dell-pdd-4-20","5","positive","价格","券后价格比线下便宜一些。","近 18 天","基于商品字段生成的拟真模拟评论"
"3c-monitor-dell-pdd-4","3c-monitor-dell","Dell 戴尔 U2725QE 27 英寸 4K 显示器 拼多多 618 活动款","3C 数码","显示器","拼多多 · Dell 百亿补贴品牌好货店","3c-monitor-dell-pdd-4-21","5","positive","显示连接","色彩和可视角度稳定，多窗口办公效率提升明显。","近 84 天","基于商品字段生成的拟真模拟评论"
"3c-monitor-dell-pdd-4","3c-monitor-dell","Dell 戴尔 U2725QE 27 英寸 4K 显示器 拼多多 618 活动款","3C 数码","显示器","拼多多 · Dell 百亿补贴品牌好货店","3c-monitor-dell-pdd-4-22","5","positive","履约服务","支持退换，需核对激活与拆封规则，下单前能比较明确地判断售后成本。","近 70 天","基于商品字段生成的拟真模拟评论"
"3c-monitor-dell-pdd-4","3c-monitor-dell","Dell 戴尔 U2725QE 27 英寸 4K 显示器 拼多多 618 活动款","3C 数码","显示器","拼多多 · Dell 百亿补贴品牌好货店","3c-monitor-dell-pdd-4-23","2","negative","占用空间","高刷和高分辨率同时使用时，对线材和电脑接口有要求。","近 38 天","基于商品字段生成的拟真模拟评论"
"3c-monitor-dell-pdd-4","3c-monitor-dell","Dell 戴尔 U2725QE 27 英寸 4K 显示器 拼多多 618 活动款","3C 数码","显示器","拼多多 · Dell 百亿补贴品牌好货店","3c-monitor-dell-pdd-4-24","5","positive","体验","实物和页面描述基本一致，整体满意。","近 16 天","基于商品字段生成的拟真模拟评论"
"3c-monitor-dell-jd-1","3c-monitor-dell","Dell 戴尔 U2725QE 27 英寸 4K 显示器 京东 618 活动款","3C 数码","显示器","京东 · Dell 京东自营旗舰店","3c-monitor-dell-jd-1-1","5","positive","体验","实物和页面描述基本一致，整体满意。","近 22 天","基于商品字段生成的拟真模拟评论"
"3c-monitor-dell-jd-1","3c-monitor-dell","Dell 戴尔 U2725QE 27 英寸 4K 显示器 京东 618 活动款","3C 数码","显示器","京东 · Dell 京东自营旗舰店","3c-monitor-dell-jd-1-2","5","positive","价格","活动价入手比较划算，性价比可以。","近 42 天","基于商品字段生成的拟真模拟评论"
"3c-monitor-dell-jd-1","3c-monitor-dell","Dell 戴尔 U2725QE 27 英寸 4K 显示器 京东 618 活动款","3C 数码","显示器","京东 · Dell 京东自营旗舰店","3c-monitor-dell-jd-1-3","5","positive","显示连接","4K 文字显示清晰，接口齐全，连接笔记本很方便。","近 14 天","基于商品字段生成的拟真模拟评论"
"3c-monitor-dell-jd-1","3c-monitor-dell","Dell 戴尔 U2725QE 27 英寸 4K 显示器 京东 618 活动款","3C 数码","显示器","京东 · Dell 京东自营旗舰店","3c-monitor-dell-jd-1-4","5","positive","履约服务","京东发货信息清楚，次日送达。","近 25 天","基于商品字段生成的拟真模拟评论"
"3c-monitor-dell-jd-1","3c-monitor-dell","Dell 戴尔 U2725QE 27 英寸 4K 显示器 京东 618 活动款","3C 数码","显示器","京东 · Dell 京东自营旗舰店","3c-monitor-dell-jd-1-5","4","positive","体验","发货速度快，包装也比较完整。","近 78 天","基于商品字段生成的拟真模拟评论"
"3c-monitor-dell-jd-1","3c-monitor-dell","Dell 戴尔 U2725QE 27 英寸 4K 显示器 京东 618 活动款","3C 数码","显示器","京东 · Dell 京东自营旗舰店","3c-monitor-dell-jd-1-6","2","negative","细节","部分细节和预期有差距，下单前要看清规格。","近 72 天","基于商品字段生成的拟真模拟评论"
"3c-monitor-dell-jd-1","3c-monitor-dell","Dell 戴尔 U2725QE 27 英寸 4K 显示器 京东 618 活动款","3C 数码","显示器","京东 · Dell 京东自营旗舰店","3c-monitor-dell-jd-1-7","4","positive","价格","券后价格比线下便宜一些。","近 45 天","基于商品字段生成的拟真模拟评论"
"3c-monitor-dell-jd-1","3c-monitor-dell","Dell 戴尔 U2725QE 27 英寸 4K 显示器 京东 618 活动款","3C 数码","显示器","京东 · Dell 京东自营旗舰店","3c-monitor-dell-jd-1-8","4","positive","显示连接","色彩和可视角度稳定，多窗口办公效率提升明显。","近 77 天","基于商品字段生成的拟真模拟评论"
"3c-monitor-dell-jd-1","3c-monitor-dell","Dell 戴尔 U2725QE 27 英寸 4K 显示器 京东 618 活动款","3C 数码","显示器","京东 · Dell 京东自营旗舰店","3c-monitor-dell-jd-1-9","2","negative","售后","退换流程需要按平台规则走，不算特别快。","近 66 天","基于商品字段生成的拟真模拟评论"
"3c-monitor-dell-jd-1","3c-monitor-dell","Dell 戴尔 U2725QE 27 英寸 4K 显示器 京东 618 活动款","3C 数码","显示器","京东 · Dell 京东自营旗舰店","3c-monitor-dell-jd-1-10","5","positive","履约服务","7 天无理由，支持上门取件，下单前能比较明确地判断售后成本。","近 38 天","基于商品字段生成的拟真模拟评论"
"3c-monitor-dell-jd-1","3c-monitor-dell","Dell 戴尔 U2725QE 27 英寸 4K 显示器 京东 618 活动款","3C 数码","显示器","京东 · Dell 京东自营旗舰店","3c-monitor-dell-jd-1-11","3","negative","占用空间","支架和 27 英寸屏幕比较占桌面，小桌面要先量尺寸。","近 34 天","基于商品字段生成的拟真模拟评论"
"3c-monitor-dell-jd-1","3c-monitor-dell","Dell 戴尔 U2725QE 27 英寸 4K 显示器 京东 618 活动款","3C 数码","显示器","京东 · Dell 京东自营旗舰店","3c-monitor-dell-jd-1-12","5","positive","体验","实物和页面描述基本一致，整体满意。","近 14 天","基于商品字段生成的拟真模拟评论"
"3c-monitor-dell-jd-1","3c-monitor-dell","Dell 戴尔 U2725QE 27 英寸 4K 显示器 京东 618 活动款","3C 数码","显示器","京东 · Dell 京东自营旗舰店","3c-monitor-dell-jd-1-13","5","positive","价格","活动价入手比较划算，性价比可以。","近 56 天","基于商品字段生成的拟真模拟评论"
"3c-monitor-dell-jd-1","3c-monitor-dell","Dell 戴尔 U2725QE 27 英寸 4K 显示器 京东 618 活动款","3C 数码","显示器","京东 · Dell 京东自营旗舰店","3c-monitor-dell-jd-1-14","5","positive","显示连接","4K 文字显示清晰，接口齐全，连接笔记本很方便。","近 54 天","基于商品字段生成的拟真模拟评论"
"3c-monitor-dell-jd-1","3c-monitor-dell","Dell 戴尔 U2725QE 27 英寸 4K 显示器 京东 618 活动款","3C 数码","显示器","京东 · Dell 京东自营旗舰店","3c-monitor-dell-jd-1-15","3","negative","售后规则","退换仍需按“7 天无理由，支持上门取件”执行，拆封或使用前要先确认条件。","近 82 天","基于商品字段生成的拟真模拟评论"
"3c-monitor-dell-jd-1","3c-monitor-dell","Dell 戴尔 U2725QE 27 英寸 4K 显示器 京东 618 活动款","3C 数码","显示器","京东 · Dell 京东自营旗舰店","3c-monitor-dell-jd-1-16","4","positive","履约服务","京东发货信息清楚，次日送达。","近 63 天","基于商品字段生成的拟真模拟评论"
"3c-monitor-dell-jd-1","3c-monitor-dell","Dell 戴尔 U2725QE 27 英寸 4K 显示器 京东 618 活动款","3C 数码","显示器","京东 · Dell 京东自营旗舰店","3c-monitor-dell-jd-1-17","5","positive","体验","发货速度快，包装也比较完整。","近 30 天","基于商品字段生成的拟真模拟评论"
"3c-monitor-dell-jd-1","3c-monitor-dell","Dell 戴尔 U2725QE 27 英寸 4K 显示器 京东 618 活动款","3C 数码","显示器","京东 · Dell 京东自营旗舰店","3c-monitor-dell-jd-1-18","5","positive","价格","券后价格比线下便宜一些。","近 66 天","基于商品字段生成的拟真模拟评论"
"3c-monitor-dell-jd-1","3c-monitor-dell","Dell 戴尔 U2725QE 27 英寸 4K 显示器 京东 618 活动款","3C 数码","显示器","京东 · Dell 京东自营旗舰店","3c-monitor-dell-jd-1-19","5","positive","显示连接","色彩和可视角度稳定，多窗口办公效率提升明显。","近 50 天","基于商品字段生成的拟真模拟评论"
"3c-monitor-dell-jd-1","3c-monitor-dell","Dell 戴尔 U2725QE 27 英寸 4K 显示器 京东 618 活动款","3C 数码","显示器","京东 · Dell 京东自营旗舰店","3c-monitor-dell-jd-1-20","5","positive","履约服务","7 天无理由，支持上门取件，下单前能比较明确地判断售后成本。","近 45 天","基于商品字段生成的拟真模拟评论"
"3c-monitor-dell-jd-1","3c-monitor-dell","Dell 戴尔 U2725QE 27 英寸 4K 显示器 京东 618 活动款","3C 数码","显示器","京东 · Dell 京东自营旗舰店","3c-monitor-dell-jd-1-21","5","positive","体验","实物和页面描述基本一致，整体满意。","近 52 天","基于商品字段生成的拟真模拟评论"
"3c-monitor-dell-jd-1","3c-monitor-dell","Dell 戴尔 U2725QE 27 英寸 4K 显示器 京东 618 活动款","3C 数码","显示器","京东 · Dell 京东自营旗舰店","3c-monitor-dell-jd-1-22","4","positive","价格","活动价入手比较划算，性价比可以。","近 66 天","基于商品字段生成的拟真模拟评论"
"3c-monitor-dell-jd-1","3c-monitor-dell","Dell 戴尔 U2725QE 27 英寸 4K 显示器 京东 618 活动款","3C 数码","显示器","京东 · Dell 京东自营旗舰店","3c-monitor-dell-jd-1-23","5","positive","显示连接","4K 文字显示清晰，接口齐全，连接笔记本很方便。","近 15 天","基于商品字段生成的拟真模拟评论"
"3c-monitor-dell-jd-1","3c-monitor-dell","Dell 戴尔 U2725QE 27 英寸 4K 显示器 京东 618 活动款","3C 数码","显示器","京东 · Dell 京东自营旗舰店","3c-monitor-dell-jd-1-24","5","positive","履约服务","京东发货信息清楚，次日送达。","近 52 天","基于商品字段生成的拟真模拟评论"
"3c-monitor-dell-brand-3","3c-monitor-dell","Dell 戴尔 U2725QE 27 英寸 4K 显示器 品牌官网 618 活动款","3C 数码","显示器","品牌官网 · Dell 品牌官方网站","3c-monitor-dell-brand-3-1","5","positive","体验","实物和页面描述基本一致，整体满意。","近 74 天","基于商品字段生成的拟真模拟评论"
"3c-monitor-dell-brand-3","3c-monitor-dell","Dell 戴尔 U2725QE 27 英寸 4K 显示器 品牌官网 618 活动款","3C 数码","显示器","品牌官网 · Dell 品牌官方网站","3c-monitor-dell-brand-3-2","4","positive","价格","活动价入手比较划算，性价比可以。","近 24 天","基于商品字段生成的拟真模拟评论"
"3c-monitor-dell-brand-3","3c-monitor-dell","Dell 戴尔 U2725QE 27 英寸 4K 显示器 品牌官网 618 活动款","3C 数码","显示器","品牌官网 · Dell 品牌官方网站","3c-monitor-dell-brand-3-3","4","positive","显示连接","4K 文字显示清晰，接口齐全，连接笔记本很方便。","近 42 天","基于商品字段生成的拟真模拟评论"
"3c-monitor-dell-brand-3","3c-monitor-dell","Dell 戴尔 U2725QE 27 英寸 4K 显示器 品牌官网 618 活动款","3C 数码","显示器","品牌官网 · Dell 品牌官方网站","3c-monitor-dell-brand-3-4","2","negative","细节","部分细节和预期有差距，下单前要看清规格。","近 64 天","基于商品字段生成的拟真模拟评论"
"3c-monitor-dell-brand-3","3c-monitor-dell","Dell 戴尔 U2725QE 27 英寸 4K 显示器 品牌官网 618 活动款","3C 数码","显示器","品牌官网 · Dell 品牌官方网站","3c-monitor-dell-brand-3-5","4","positive","履约服务","品牌官网发货信息清楚，预计 2-3 天送达。","近 72 天","基于商品字段生成的拟真模拟评论"
"3c-monitor-dell-brand-3","3c-monitor-dell","Dell 戴尔 U2725QE 27 英寸 4K 显示器 品牌官网 618 活动款","3C 数码","显示器","品牌官网 · Dell 品牌官方网站","3c-monitor-dell-brand-3-6","5","positive","体验","发货速度快，包装也比较完整。","近 76 天","基于商品字段生成的拟真模拟评论"
"3c-monitor-dell-brand-3","3c-monitor-dell","Dell 戴尔 U2725QE 27 英寸 4K 显示器 品牌官网 618 活动款","3C 数码","显示器","品牌官网 · Dell 品牌官方网站","3c-monitor-dell-brand-3-7","5","positive","价格","券后价格比线下便宜一些。","近 28 天","基于商品字段生成的拟真模拟评论"
"3c-monitor-dell-brand-3","3c-monitor-dell","Dell 戴尔 U2725QE 27 英寸 4K 显示器 品牌官网 618 活动款","3C 数码","显示器","品牌官网 · Dell 品牌官方网站","3c-monitor-dell-brand-3-8","5","positive","显示连接","色彩和可视角度稳定，多窗口办公效率提升明显。","近 51 天","基于商品字段生成的拟真模拟评论"
"3c-monitor-dell-brand-3","3c-monitor-dell","Dell 戴尔 U2725QE 27 英寸 4K 显示器 品牌官网 618 活动款","3C 数码","显示器","品牌官网 · Dell 品牌官方网站","3c-monitor-dell-brand-3-9","4","positive","履约服务","官方 7 天退换政策，下单前能比较明确地判断售后成本。","近 43 天","基于商品字段生成的拟真模拟评论"
"3c-monitor-dell-brand-3","3c-monitor-dell","Dell 戴尔 U2725QE 27 英寸 4K 显示器 品牌官网 618 活动款","3C 数码","显示器","品牌官网 · Dell 品牌官方网站","3c-monitor-dell-brand-3-10","5","positive","体验","实物和页面描述基本一致，整体满意。","近 43 天","基于商品字段生成的拟真模拟评论"
"3c-monitor-dell-brand-3","3c-monitor-dell","Dell 戴尔 U2725QE 27 英寸 4K 显示器 品牌官网 618 活动款","3C 数码","显示器","品牌官网 · Dell 品牌官方网站","3c-monitor-dell-brand-3-11","5","positive","价格","活动价入手比较划算，性价比可以。","近 34 天","基于商品字段生成的拟真模拟评论"
"3c-monitor-dell-brand-3","3c-monitor-dell","Dell 戴尔 U2725QE 27 英寸 4K 显示器 品牌官网 618 活动款","3C 数码","显示器","品牌官网 · Dell 品牌官方网站","3c-monitor-dell-brand-3-12","5","positive","显示连接","4K 文字显示清晰，接口齐全，连接笔记本很方便。","近 40 天","基于商品字段生成的拟真模拟评论"
"3c-monitor-dell-brand-3","3c-monitor-dell","Dell 戴尔 U2725QE 27 英寸 4K 显示器 品牌官网 618 活动款","3C 数码","显示器","品牌官网 · Dell 品牌官方网站","3c-monitor-dell-brand-3-13","3","negative","售后","退换流程需要按平台规则走，不算特别快。","近 52 天","基于商品字段生成的拟真模拟评论"
"3c-monitor-dell-brand-3","3c-monitor-dell","Dell 戴尔 U2725QE 27 英寸 4K 显示器 品牌官网 618 活动款","3C 数码","显示器","品牌官网 · Dell 品牌官方网站","3c-monitor-dell-brand-3-14","4","positive","履约服务","品牌官网发货信息清楚，预计 2-3 天送达。","近 76 天","基于商品字段生成的拟真模拟评论"
"3c-monitor-dell-brand-3","3c-monitor-dell","Dell 戴尔 U2725QE 27 英寸 4K 显示器 品牌官网 618 活动款","3C 数码","显示器","品牌官网 · Dell 品牌官方网站","3c-monitor-dell-brand-3-15","5","positive","体验","发货速度快，包装也比较完整。","近 7 天","基于商品字段生成的拟真模拟评论"
"3c-monitor-dell-brand-3","3c-monitor-dell","Dell 戴尔 U2725QE 27 英寸 4K 显示器 品牌官网 618 活动款","3C 数码","显示器","品牌官网 · Dell 品牌官方网站","3c-monitor-dell-brand-3-16","5","positive","价格","券后价格比线下便宜一些。","近 24 天","基于商品字段生成的拟真模拟评论"
"3c-monitor-dell-brand-3","3c-monitor-dell","Dell 戴尔 U2725QE 27 英寸 4K 显示器 品牌官网 618 活动款","3C 数码","显示器","品牌官网 · Dell 品牌官方网站","3c-monitor-dell-brand-3-17","5","positive","显示连接","色彩和可视角度稳定，多窗口办公效率提升明显。","近 38 天","基于商品字段生成的拟真模拟评论"
"3c-monitor-dell-brand-3","3c-monitor-dell","Dell 戴尔 U2725QE 27 英寸 4K 显示器 品牌官网 618 活动款","3C 数码","显示器","品牌官网 · Dell 品牌官方网站","3c-monitor-dell-brand-3-18","5","positive","履约服务","官方 7 天退换政策，下单前能比较明确地判断售后成本。","近 55 天","基于商品字段生成的拟真模拟评论"
"3c-monitor-dell-brand-3","3c-monitor-dell","Dell 戴尔 U2725QE 27 英寸 4K 显示器 品牌官网 618 活动款","3C 数码","显示器","品牌官网 · Dell 品牌官方网站","3c-monitor-dell-brand-3-19","2","negative","占用空间","支架和 27 英寸屏幕比较占桌面，小桌面要先量尺寸。","近 69 天","基于商品字段生成的拟真模拟评论"
"3c-monitor-dell-brand-3","3c-monitor-dell","Dell 戴尔 U2725QE 27 英寸 4K 显示器 品牌官网 618 活动款","3C 数码","显示器","品牌官网 · Dell 品牌官方网站","3c-monitor-dell-brand-3-20","5","positive","体验","实物和页面描述基本一致，整体满意。","近 14 天","基于商品字段生成的拟真模拟评论"
"3c-monitor-dell-brand-3","3c-monitor-dell","Dell 戴尔 U2725QE 27 英寸 4K 显示器 品牌官网 618 活动款","3C 数码","显示器","品牌官网 · Dell 品牌官方网站","3c-monitor-dell-brand-3-21","5","positive","价格","活动价入手比较划算，性价比可以。","近 50 天","基于商品字段生成的拟真模拟评论"
"3c-monitor-dell-brand-3","3c-monitor-dell","Dell 戴尔 U2725QE 27 英寸 4K 显示器 品牌官网 618 活动款","3C 数码","显示器","品牌官网 · Dell 品牌官方网站","3c-monitor-dell-brand-3-22","3","negative","售后规则","退换仍需按“官方 7 天退换政策”执行，拆封或使用前要先确认条件。","近 46 天","基于商品字段生成的拟真模拟评论"
"3c-monitor-dell-brand-3","3c-monitor-dell","Dell 戴尔 U2725QE 27 英寸 4K 显示器 品牌官网 618 活动款","3C 数码","显示器","品牌官网 · Dell 品牌官方网站","3c-monitor-dell-brand-3-23","4","positive","显示连接","4K 文字显示清晰，接口齐全，连接笔记本很方便。","近 40 天","基于商品字段生成的拟真模拟评论"
"3c-monitor-dell-brand-3","3c-monitor-dell","Dell 戴尔 U2725QE 27 英寸 4K 显示器 品牌官网 618 活动款","3C 数码","显示器","品牌官网 · Dell 品牌官方网站","3c-monitor-dell-brand-3-24","5","positive","履约服务","品牌官网发货信息清楚，预计 2-3 天送达。","近 55 天","基于商品字段生成的拟真模拟评论"
"3c-monitor-dell-amazon-5","3c-monitor-dell","Dell 戴尔 U2725QE 27 英寸 4K 显示器 亚马逊 618 活动款","3C 数码","显示器","亚马逊 · Dell Amazon Global Store","3c-monitor-dell-amazon-5-1","3","negative","细节","部分细节和预期有差距，下单前要看清规格。","近 77 天","基于商品字段生成的拟真模拟评论"
"3c-monitor-dell-amazon-5","3c-monitor-dell","Dell 戴尔 U2725QE 27 英寸 4K 显示器 亚马逊 618 活动款","3C 数码","显示器","亚马逊 · Dell Amazon Global Store","3c-monitor-dell-amazon-5-2","5","positive","体验","实物和页面描述基本一致，整体满意。","近 22 天","基于商品字段生成的拟真模拟评论"
"3c-monitor-dell-amazon-5","3c-monitor-dell","Dell 戴尔 U2725QE 27 英寸 4K 显示器 亚马逊 618 活动款","3C 数码","显示器","亚马逊 · Dell Amazon Global Store","3c-monitor-dell-amazon-5-3","4","positive","价格","活动价入手比较划算，性价比可以。","近 21 天","基于商品字段生成的拟真模拟评论"
"3c-monitor-dell-amazon-5","3c-monitor-dell","Dell 戴尔 U2725QE 27 英寸 4K 显示器 亚马逊 618 活动款","3C 数码","显示器","亚马逊 · Dell Amazon Global Store","3c-monitor-dell-amazon-5-4","5","positive","显示连接","4K 文字显示清晰，接口齐全，连接笔记本很方便。","近 68 天","基于商品字段生成的拟真模拟评论"
"3c-monitor-dell-amazon-5","3c-monitor-dell","Dell 戴尔 U2725QE 27 英寸 4K 显示器 亚马逊 618 活动款","3C 数码","显示器","亚马逊 · Dell Amazon Global Store","3c-monitor-dell-amazon-5-5","4","positive","履约服务","亚马逊发货信息清楚，预计 7-12 天送达。","近 13 天","基于商品字段生成的拟真模拟评论"
"3c-monitor-dell-amazon-5","3c-monitor-dell","Dell 戴尔 U2725QE 27 英寸 4K 显示器 亚马逊 618 活动款","3C 数码","显示器","亚马逊 · Dell Amazon Global Store","3c-monitor-dell-amazon-5-6","5","positive","体验","发货速度快，包装也比较完整。","近 32 天","基于商品字段生成的拟真模拟评论"
"3c-monitor-dell-amazon-5","3c-monitor-dell","Dell 戴尔 U2725QE 27 英寸 4K 显示器 亚马逊 618 活动款","3C 数码","显示器","亚马逊 · Dell Amazon Global Store","3c-monitor-dell-amazon-5-7","5","positive","价格","券后价格比线下便宜一些。","近 17 天","基于商品字段生成的拟真模拟评论"
"3c-monitor-dell-amazon-5","3c-monitor-dell","Dell 戴尔 U2725QE 27 英寸 4K 显示器 亚马逊 618 活动款","3C 数码","显示器","亚马逊 · Dell Amazon Global Store","3c-monitor-dell-amazon-5-8","5","positive","显示连接","色彩和可视角度稳定，多窗口办公效率提升明显。","近 13 天","基于商品字段生成的拟真模拟评论"
"3c-monitor-dell-amazon-5","3c-monitor-dell","Dell 戴尔 U2725QE 27 英寸 4K 显示器 亚马逊 618 活动款","3C 数码","显示器","亚马逊 · Dell Amazon Global Store","3c-monitor-dell-amazon-5-9","5","positive","履约服务","跨境退货，费用按页面规则，下单前能比较明确地判断售后成本。","近 47 天","基于商品字段生成的拟真模拟评论"
"3c-monitor-dell-amazon-5","3c-monitor-dell","Dell 戴尔 U2725QE 27 英寸 4K 显示器 亚马逊 618 活动款","3C 数码","显示器","亚马逊 · Dell Amazon Global Store","3c-monitor-dell-amazon-5-10","4","positive","体验","实物和页面描述基本一致，整体满意。","近 74 天","基于商品字段生成的拟真模拟评论"
"3c-monitor-dell-amazon-5","3c-monitor-dell","Dell 戴尔 U2725QE 27 英寸 4K 显示器 亚马逊 618 活动款","3C 数码","显示器","亚马逊 · Dell Amazon Global Store","3c-monitor-dell-amazon-5-11","3","negative","售后","退换流程需要按平台规则走，不算特别快。","近 38 天","基于商品字段生成的拟真模拟评论"
"3c-monitor-dell-amazon-5","3c-monitor-dell","Dell 戴尔 U2725QE 27 英寸 4K 显示器 亚马逊 618 活动款","3C 数码","显示器","亚马逊 · Dell Amazon Global Store","3c-monitor-dell-amazon-5-12","4","positive","价格","活动价入手比较划算，性价比可以。","近 68 天","基于商品字段生成的拟真模拟评论"
"3c-monitor-dell-amazon-5","3c-monitor-dell","Dell 戴尔 U2725QE 27 英寸 4K 显示器 亚马逊 618 活动款","3C 数码","显示器","亚马逊 · Dell Amazon Global Store","3c-monitor-dell-amazon-5-13","5","positive","显示连接","4K 文字显示清晰，接口齐全，连接笔记本很方便。","近 24 天","基于商品字段生成的拟真模拟评论"
"3c-monitor-dell-amazon-5","3c-monitor-dell","Dell 戴尔 U2725QE 27 英寸 4K 显示器 亚马逊 618 活动款","3C 数码","显示器","亚马逊 · Dell Amazon Global Store","3c-monitor-dell-amazon-5-14","4","positive","履约服务","亚马逊发货信息清楚，预计 7-12 天送达。","近 24 天","基于商品字段生成的拟真模拟评论"
"3c-monitor-dell-amazon-5","3c-monitor-dell","Dell 戴尔 U2725QE 27 英寸 4K 显示器 亚马逊 618 活动款","3C 数码","显示器","亚马逊 · Dell Amazon Global Store","3c-monitor-dell-amazon-5-15","3","negative","占用空间","支架和 27 英寸屏幕比较占桌面，小桌面要先量尺寸。","近 64 天","基于商品字段生成的拟真模拟评论"
"3c-monitor-dell-amazon-5","3c-monitor-dell","Dell 戴尔 U2725QE 27 英寸 4K 显示器 亚马逊 618 活动款","3C 数码","显示器","亚马逊 · Dell Amazon Global Store","3c-monitor-dell-amazon-5-16","4","positive","体验","发货速度快，包装也比较完整。","近 74 天","基于商品字段生成的拟真模拟评论"
"3c-monitor-dell-amazon-5","3c-monitor-dell","Dell 戴尔 U2725QE 27 英寸 4K 显示器 亚马逊 618 活动款","3C 数码","显示器","亚马逊 · Dell Amazon Global Store","3c-monitor-dell-amazon-5-17","5","positive","价格","券后价格比线下便宜一些。","近 86 天","基于商品字段生成的拟真模拟评论"
"3c-monitor-dell-amazon-5","3c-monitor-dell","Dell 戴尔 U2725QE 27 英寸 4K 显示器 亚马逊 618 活动款","3C 数码","显示器","亚马逊 · Dell Amazon Global Store","3c-monitor-dell-amazon-5-18","5","positive","显示连接","色彩和可视角度稳定，多窗口办公效率提升明显。","近 74 天","基于商品字段生成的拟真模拟评论"
"3c-monitor-dell-amazon-5","3c-monitor-dell","Dell 戴尔 U2725QE 27 英寸 4K 显示器 亚马逊 618 活动款","3C 数码","显示器","亚马逊 · Dell Amazon Global Store","3c-monitor-dell-amazon-5-19","2","negative","售后规则","退换仍需按“跨境退货，费用按页面规则”执行，拆封或使用前要先确认条件。","近 30 天","基于商品字段生成的拟真模拟评论"
"3c-monitor-dell-amazon-5","3c-monitor-dell","Dell 戴尔 U2725QE 27 英寸 4K 显示器 亚马逊 618 活动款","3C 数码","显示器","亚马逊 · Dell Amazon Global Store","3c-monitor-dell-amazon-5-20","5","positive","履约服务","跨境退货，费用按页面规则，下单前能比较明确地判断售后成本。","近 73 天","基于商品字段生成的拟真模拟评论"
"3c-monitor-dell-amazon-5","3c-monitor-dell","Dell 戴尔 U2725QE 27 英寸 4K 显示器 亚马逊 618 活动款","3C 数码","显示器","亚马逊 · Dell Amazon Global Store","3c-monitor-dell-amazon-5-21","5","positive","体验","实物和页面描述基本一致，整体满意。","近 61 天","基于商品字段生成的拟真模拟评论"
"3c-monitor-dell-amazon-5","3c-monitor-dell","Dell 戴尔 U2725QE 27 英寸 4K 显示器 亚马逊 618 活动款","3C 数码","显示器","亚马逊 · Dell Amazon Global Store","3c-monitor-dell-amazon-5-22","5","positive","价格","活动价入手比较划算，性价比可以。","近 21 天","基于商品字段生成的拟真模拟评论"
"3c-monitor-dell-amazon-5","3c-monitor-dell","Dell 戴尔 U2725QE 27 英寸 4K 显示器 亚马逊 618 活动款","3C 数码","显示器","亚马逊 · Dell Amazon Global Store","3c-monitor-dell-amazon-5-23","4","positive","显示连接","4K 文字显示清晰，接口齐全，连接笔记本很方便。","近 87 天","基于商品字段生成的拟真模拟评论"
"3c-monitor-dell-amazon-5","3c-monitor-dell","Dell 戴尔 U2725QE 27 英寸 4K 显示器 亚马逊 618 活动款","3C 数码","显示器","亚马逊 · Dell Amazon Global Store","3c-monitor-dell-amazon-5-24","2","negative","细节","客服解释比较慢，急用要提前确认。","近 52 天","基于商品字段生成的拟真模拟评论"
"fashion-dress-vip-3","fashion-dress","法式碎花方领收腰连衣裙 唯品会 618 活动款","服装","连衣裙","唯品会 · Lune Atelier 唯品会品牌特卖","fashion-dress-vip-3-1","5","positive","体验","实物和页面描述基本一致，整体满意。","近 52 天","基于商品字段生成的拟真模拟评论"
"fashion-dress-vip-3","fashion-dress","法式碎花方领收腰连衣裙 唯品会 618 活动款","服装","连衣裙","唯品会 · Lune Atelier 唯品会品牌特卖","fashion-dress-vip-3-2","5","positive","价格","活动价入手比较划算，性价比可以。","近 31 天","基于商品字段生成的拟真模拟评论"
"fashion-dress-vip-3","fashion-dress","法式碎花方领收腰连衣裙 唯品会 618 活动款","服装","连衣裙","唯品会 · Lune Atelier 唯品会品牌特卖","fashion-dress-vip-3-3","4","positive","版型材质","版型和详情页描述基本一致，面料上身质感也不错。","近 9 天","基于商品字段生成的拟真模拟评论"
"fashion-dress-vip-3","fashion-dress","法式碎花方领收腰连衣裙 唯品会 618 活动款","服装","连衣裙","唯品会 · Lune Atelier 唯品会品牌特卖","fashion-dress-vip-3-4","5","positive","履约服务","唯品会发货信息清楚，预计 2 天送达。","近 46 天","基于商品字段生成的拟真模拟评论"
"fashion-dress-vip-3","fashion-dress","法式碎花方领收腰连衣裙 唯品会 618 活动款","服装","连衣裙","唯品会 · Lune Atelier 唯品会品牌特卖","fashion-dress-vip-3-5","5","positive","体验","发货速度快，包装也比较完整。","近 60 天","基于商品字段生成的拟真模拟评论"
"fashion-dress-vip-3","fashion-dress","法式碎花方领收腰连衣裙 唯品会 618 活动款","服装","连衣裙","唯品会 · Lune Atelier 唯品会品牌特卖","fashion-dress-vip-3-6","3","negative","细节","部分细节和预期有差距，下单前要看清规格。","近 1 天","基于商品字段生成的拟真模拟评论"
"fashion-dress-vip-3","fashion-dress","法式碎花方领收腰连衣裙 唯品会 618 活动款","服装","连衣裙","唯品会 · Lune Atelier 唯品会品牌特卖","fashion-dress-vip-3-7","4","positive","价格","券后价格比线下便宜一些。","近 13 天","基于商品字段生成的拟真模拟评论"
"fashion-dress-vip-3","fashion-dress","法式碎花方领收腰连衣裙 唯品会 618 活动款","服装","连衣裙","唯品会 · Lune Atelier 唯品会品牌特卖","fashion-dress-vip-3-8","3","negative","售后","退换流程需要按平台规则走，不算特别快。","近 4 天","基于商品字段生成的拟真模拟评论"
"fashion-dress-vip-3","fashion-dress","法式碎花方领收腰连衣裙 唯品会 618 活动款","服装","连衣裙","唯品会 · Lune Atelier 唯品会品牌特卖","fashion-dress-vip-3-9","2","negative","尺码色差","尺码受身材和穿着习惯影响，建议先核对尺寸表。","近 17 天","基于商品字段生成的拟真模拟评论"
"fashion-dress-vip-3","fashion-dress","法式碎花方领收腰连衣裙 唯品会 618 活动款","服装","连衣裙","唯品会 · Lune Atelier 唯品会品牌特卖","fashion-dress-vip-3-10","5","positive","版型材质","颜色比较耐看，日常通勤搭配起来不费力。","近 62 天","基于商品字段生成的拟真模拟评论"
"fashion-dress-vip-3","fashion-dress","法式碎花方领收腰连衣裙 唯品会 618 活动款","服装","连衣裙","唯品会 · Lune Atelier 唯品会品牌特卖","fashion-dress-vip-3-11","5","positive","履约服务","7 天无理由，支持退货运费险，下单前能比较明确地判断售后成本。","近 24 天","基于商品字段生成的拟真模拟评论"
"fashion-dress-vip-3","fashion-dress","法式碎花方领收腰连衣裙 唯品会 618 活动款","服装","连衣裙","唯品会 · Lune Atelier 唯品会品牌特卖","fashion-dress-vip-3-12","4","positive","体验","实物和页面描述基本一致，整体满意。","近 55 天","基于商品字段生成的拟真模拟评论"
"fashion-dress-vip-3","fashion-dress","法式碎花方领收腰连衣裙 唯品会 618 活动款","服装","连衣裙","唯品会 · Lune Atelier 唯品会品牌特卖","fashion-dress-vip-3-13","5","positive","价格","活动价入手比较划算，性价比可以。","近 51 天","基于商品字段生成的拟真模拟评论"
"fashion-dress-vip-3","fashion-dress","法式碎花方领收腰连衣裙 唯品会 618 活动款","服装","连衣裙","唯品会 · Lune Atelier 唯品会品牌特卖","fashion-dress-vip-3-14","5","positive","版型材质","版型和详情页描述基本一致，面料上身质感也不错。","近 2 天","基于商品字段生成的拟真模拟评论"
"fashion-dress-vip-3","fashion-dress","法式碎花方领收腰连衣裙 唯品会 618 活动款","服装","连衣裙","唯品会 · Lune Atelier 唯品会品牌特卖","fashion-dress-vip-3-15","5","positive","履约服务","唯品会发货信息清楚，预计 2 天送达。","近 28 天","基于商品字段生成的拟真模拟评论"
"fashion-dress-vip-3","fashion-dress","法式碎花方领收腰连衣裙 唯品会 618 活动款","服装","连衣裙","唯品会 · Lune Atelier 唯品会品牌特卖","fashion-dress-vip-3-16","5","positive","体验","发货速度快，包装也比较完整。","近 56 天","基于商品字段生成的拟真模拟评论"
"fashion-dress-vip-3","fashion-dress","法式碎花方领收腰连衣裙 唯品会 618 活动款","服装","连衣裙","唯品会 · Lune Atelier 唯品会品牌特卖","fashion-dress-vip-3-17","5","positive","价格","券后价格比线下便宜一些。","近 60 天","基于商品字段生成的拟真模拟评论"
"fashion-dress-vip-3","fashion-dress","法式碎花方领收腰连衣裙 唯品会 618 活动款","服装","连衣裙","唯品会 · Lune Atelier 唯品会品牌特卖","fashion-dress-vip-3-18","4","positive","版型材质","颜色比较耐看，日常通勤搭配起来不费力。","近 57 天","基于商品字段生成的拟真模拟评论"
"fashion-dress-vip-3","fashion-dress","法式碎花方领收腰连衣裙 唯品会 618 活动款","服装","连衣裙","唯品会 · Lune Atelier 唯品会品牌特卖","fashion-dress-vip-3-19","3","negative","售后规则","退换仍需按“7 天无理由，支持退货运费险”执行，拆封或使用前要先确认条件。","近 62 天","基于商品字段生成的拟真模拟评论"
"fashion-dress-vip-3","fashion-dress","法式碎花方领收腰连衣裙 唯品会 618 活动款","服装","连衣裙","唯品会 · Lune Atelier 唯品会品牌特卖","fashion-dress-vip-3-20","5","positive","履约服务","7 天无理由，支持退货运费险，下单前能比较明确地判断售后成本。","近 72 天","基于商品字段生成的拟真模拟评论"
"fashion-dress-vip-3","fashion-dress","法式碎花方领收腰连衣裙 唯品会 618 活动款","服装","连衣裙","唯品会 · Lune Atelier 唯品会品牌特卖","fashion-dress-vip-3-21","4","positive","体验","实物和页面描述基本一致，整体满意。","近 43 天","基于商品字段生成的拟真模拟评论"
"fashion-dress-vip-3","fashion-dress","法式碎花方领收腰连衣裙 唯品会 618 活动款","服装","连衣裙","唯品会 · Lune Atelier 唯品会品牌特卖","fashion-dress-vip-3-22","4","positive","价格","活动价入手比较划算，性价比可以。","近 66 天","基于商品字段生成的拟真模拟评论"
"fashion-dress-vip-3","fashion-dress","法式碎花方领收腰连衣裙 唯品会 618 活动款","服装","连衣裙","唯品会 · Lune Atelier 唯品会品牌特卖","fashion-dress-vip-3-23","5","positive","版型材质","版型和详情页描述基本一致，面料上身质感也不错。","近 18 天","基于商品字段生成的拟真模拟评论"
"fashion-dress-vip-3","fashion-dress","法式碎花方领收腰连衣裙 唯品会 618 活动款","服装","连衣裙","唯品会 · Lune Atelier 唯品会品牌特卖","fashion-dress-vip-3-24","5","positive","履约服务","唯品会发货信息清楚，预计 2 天送达。","近 66 天","基于商品字段生成的拟真模拟评论"
"fashion-dress-taobao-1","fashion-dress","法式碎花方领收腰连衣裙 淘宝 618 活动款","服装","连衣裙","淘宝 · Lune Atelier 品牌授权专卖店","fashion-dress-taobao-1-1","5","positive","体验","实物和页面描述基本一致，整体满意。","近 68 天","基于商品字段生成的拟真模拟评论"
"fashion-dress-taobao-1","fashion-dress","法式碎花方领收腰连衣裙 淘宝 618 活动款","服装","连衣裙","淘宝 · Lune Atelier 品牌授权专卖店","fashion-dress-taobao-1-2","3","negative","细节","部分细节和预期有差距，下单前要看清规格。","近 53 天","基于商品字段生成的拟真模拟评论"
"fashion-dress-taobao-1","fashion-dress","法式碎花方领收腰连衣裙 淘宝 618 活动款","服装","连衣裙","淘宝 · Lune Atelier 品牌授权专卖店","fashion-dress-taobao-1-3","4","positive","价格","活动价入手比较划算，性价比可以。","近 31 天","基于商品字段生成的拟真模拟评论"
"fashion-dress-taobao-1","fashion-dress","法式碎花方领收腰连衣裙 淘宝 618 活动款","服装","连衣裙","淘宝 · Lune Atelier 品牌授权专卖店","fashion-dress-taobao-1-4","5","positive","版型材质","版型和详情页描述基本一致，面料上身质感也不错。","近 12 天","基于商品字段生成的拟真模拟评论"
"fashion-dress-taobao-1","fashion-dress","法式碎花方领收腰连衣裙 淘宝 618 活动款","服装","连衣裙","淘宝 · Lune Atelier 品牌授权专卖店","fashion-dress-taobao-1-5","5","positive","履约服务","淘宝发货信息清楚，预计 2-4 天送达。","近 54 天","基于商品字段生成的拟真模拟评论"
"fashion-dress-taobao-1","fashion-dress","法式碎花方领收腰连衣裙 淘宝 618 活动款","服装","连衣裙","淘宝 · Lune Atelier 品牌授权专卖店","fashion-dress-taobao-1-6","5","positive","体验","发货速度快，包装也比较完整。","近 77 天","基于商品字段生成的拟真模拟评论"
"fashion-dress-taobao-1","fashion-dress","法式碎花方领收腰连衣裙 淘宝 618 活动款","服装","连衣裙","淘宝 · Lune Atelier 品牌授权专卖店","fashion-dress-taobao-1-7","5","positive","价格","券后价格比线下便宜一些。","近 32 天","基于商品字段生成的拟真模拟评论"
"fashion-dress-taobao-1","fashion-dress","法式碎花方领收腰连衣裙 淘宝 618 活动款","服装","连衣裙","淘宝 · Lune Atelier 品牌授权专卖店","fashion-dress-taobao-1-8","4","positive","版型材质","颜色比较耐看，日常通勤搭配起来不费力。","近 73 天","基于商品字段生成的拟真模拟评论"
"fashion-dress-taobao-1","fashion-dress","法式碎花方领收腰连衣裙 淘宝 618 活动款","服装","连衣裙","淘宝 · Lune Atelier 品牌授权专卖店","fashion-dress-taobao-1-9","4","positive","履约服务","7 天无理由，需保持吊牌，下单前能比较明确地判断售后成本。","近 34 天","基于商品字段生成的拟真模拟评论"
"fashion-dress-taobao-1","fashion-dress","法式碎花方领收腰连衣裙 淘宝 618 活动款","服装","连衣裙","淘宝 · Lune Atelier 品牌授权专卖店","fashion-dress-taobao-1-10","5","positive","体验","实物和页面描述基本一致，整体满意。","近 78 天","基于商品字段生成的拟真模拟评论"
"fashion-dress-taobao-1","fashion-dress","法式碎花方领收腰连衣裙 淘宝 618 活动款","服装","连衣裙","淘宝 · Lune Atelier 品牌授权专卖店","fashion-dress-taobao-1-11","3","negative","售后","退换流程需要按平台规则走，不算特别快。","近 49 天","基于商品字段生成的拟真模拟评论"
"fashion-dress-taobao-1","fashion-dress","法式碎花方领收腰连衣裙 淘宝 618 活动款","服装","连衣裙","淘宝 · Lune Atelier 品牌授权专卖店","fashion-dress-taobao-1-12","4","positive","价格","活动价入手比较划算，性价比可以。","近 16 天","基于商品字段生成的拟真模拟评论"
"fashion-dress-taobao-1","fashion-dress","法式碎花方领收腰连衣裙 淘宝 618 活动款","服装","连衣裙","淘宝 · Lune Atelier 品牌授权专卖店","fashion-dress-taobao-1-13","3","negative","尺码色差","尺码受身材和穿着习惯影响，建议先核对尺寸表。","近 51 天","基于商品字段生成的拟真模拟评论"
"fashion-dress-taobao-1","fashion-dress","法式碎花方领收腰连衣裙 淘宝 618 活动款","服装","连衣裙","淘宝 · Lune Atelier 品牌授权专卖店","fashion-dress-taobao-1-14","4","positive","版型材质","版型和详情页描述基本一致，面料上身质感也不错。","近 51 天","基于商品字段生成的拟真模拟评论"
"fashion-dress-taobao-1","fashion-dress","法式碎花方领收腰连衣裙 淘宝 618 活动款","服装","连衣裙","淘宝 · Lune Atelier 品牌授权专卖店","fashion-dress-taobao-1-15","5","positive","履约服务","淘宝发货信息清楚，预计 2-4 天送达。","近 47 天","基于商品字段生成的拟真模拟评论"
"fashion-dress-taobao-1","fashion-dress","法式碎花方领收腰连衣裙 淘宝 618 活动款","服装","连衣裙","淘宝 · Lune Atelier 品牌授权专卖店","fashion-dress-taobao-1-16","5","positive","体验","发货速度快，包装也比较完整。","近 17 天","基于商品字段生成的拟真模拟评论"
"fashion-dress-taobao-1","fashion-dress","法式碎花方领收腰连衣裙 淘宝 618 活动款","服装","连衣裙","淘宝 · Lune Atelier 品牌授权专卖店","fashion-dress-taobao-1-17","4","positive","价格","券后价格比线下便宜一些。","近 86 天","基于商品字段生成的拟真模拟评论"
"fashion-dress-taobao-1","fashion-dress","法式碎花方领收腰连衣裙 淘宝 618 活动款","服装","连衣裙","淘宝 · Lune Atelier 品牌授权专卖店","fashion-dress-taobao-1-18","5","positive","版型材质","颜色比较耐看，日常通勤搭配起来不费力。","近 9 天","基于商品字段生成的拟真模拟评论"
"fashion-dress-taobao-1","fashion-dress","法式碎花方领收腰连衣裙 淘宝 618 活动款","服装","连衣裙","淘宝 · Lune Atelier 品牌授权专卖店","fashion-dress-taobao-1-19","4","positive","履约服务","7 天无理由，需保持吊牌，下单前能比较明确地判断售后成本。","近 30 天","基于商品字段生成的拟真模拟评论"
"fashion-dress-taobao-1","fashion-dress","法式碎花方领收腰连衣裙 淘宝 618 活动款","服装","连衣裙","淘宝 · Lune Atelier 品牌授权专卖店","fashion-dress-taobao-1-20","5","positive","体验","实物和页面描述基本一致，整体满意。","近 19 天","基于商品字段生成的拟真模拟评论"
"fashion-dress-taobao-1","fashion-dress","法式碎花方领收腰连衣裙 淘宝 618 活动款","服装","连衣裙","淘宝 · Lune Atelier 品牌授权专卖店","fashion-dress-taobao-1-21","4","positive","价格","活动价入手比较划算，性价比可以。","近 80 天","基于商品字段生成的拟真模拟评论"
"fashion-dress-taobao-1","fashion-dress","法式碎花方领收腰连衣裙 淘宝 618 活动款","服装","连衣裙","淘宝 · Lune Atelier 品牌授权专卖店","fashion-dress-taobao-1-22","5","positive","版型材质","版型和详情页描述基本一致，面料上身质感也不错。","近 38 天","基于商品字段生成的拟真模拟评论"
"fashion-dress-taobao-1","fashion-dress","法式碎花方领收腰连衣裙 淘宝 618 活动款","服装","连衣裙","淘宝 · Lune Atelier 品牌授权专卖店","fashion-dress-taobao-1-23","5","positive","履约服务","淘宝发货信息清楚，预计 2-4 天送达。","近 39 天","基于商品字段生成的拟真模拟评论"
"fashion-dress-taobao-1","fashion-dress","法式碎花方领收腰连衣裙 淘宝 618 活动款","服装","连衣裙","淘宝 · Lune Atelier 品牌授权专卖店","fashion-dress-taobao-1-24","3","negative","售后规则","退换仍需按“7 天无理由，需保持吊牌”执行，拆封或使用前要先确认条件。","近 35 天","基于商品字段生成的拟真模拟评论"
"fashion-dress-taobao-2","fashion-dress","法式碎花方领收腰连衣裙 天猫 618 活动款","服装","连衣裙","天猫 · Lune Atelier 品牌天猫官方旗舰店","fashion-dress-taobao-2-1","5","positive","体验","实物和页面描述基本一致，整体满意。","近 86 天","基于商品字段生成的拟真模拟评论"
"fashion-dress-taobao-2","fashion-dress","法式碎花方领收腰连衣裙 天猫 618 活动款","服装","连衣裙","天猫 · Lune Atelier 品牌天猫官方旗舰店","fashion-dress-taobao-2-2","4","positive","价格","活动价入手比较划算，性价比可以。","近 61 天","基于商品字段生成的拟真模拟评论"
"fashion-dress-taobao-2","fashion-dress","法式碎花方领收腰连衣裙 天猫 618 活动款","服装","连衣裙","天猫 · Lune Atelier 品牌天猫官方旗舰店","fashion-dress-taobao-2-3","5","positive","版型材质","版型和详情页描述基本一致，面料上身质感也不错。","近 51 天","基于商品字段生成的拟真模拟评论"
"fashion-dress-taobao-2","fashion-dress","法式碎花方领收腰连衣裙 天猫 618 活动款","服装","连衣裙","天猫 · Lune Atelier 品牌天猫官方旗舰店","fashion-dress-taobao-2-4","5","positive","履约服务","天猫发货信息清楚，预计 2 天送达。","近 2 天","基于商品字段生成的拟真模拟评论"
"fashion-dress-taobao-2","fashion-dress","法式碎花方领收腰连衣裙 天猫 618 活动款","服装","连衣裙","天猫 · Lune Atelier 品牌天猫官方旗舰店","fashion-dress-taobao-2-5","4","positive","体验","发货速度快，包装也比较完整。","近 39 天","基于商品字段生成的拟真模拟评论"
"fashion-dress-taobao-2","fashion-dress","法式碎花方领收腰连衣裙 天猫 618 活动款","服装","连衣裙","天猫 · Lune Atelier 品牌天猫官方旗舰店","fashion-dress-taobao-2-6","2","negative","细节","部分细节和预期有差距，下单前要看清规格。","近 44 天","基于商品字段生成的拟真模拟评论"
"fashion-dress-taobao-2","fashion-dress","法式碎花方领收腰连衣裙 天猫 618 活动款","服装","连衣裙","天猫 · Lune Atelier 品牌天猫官方旗舰店","fashion-dress-taobao-2-7","3","negative","售后","退换流程需要按平台规则走，不算特别快。","近 13 天","基于商品字段生成的拟真模拟评论"
"fashion-dress-taobao-2","fashion-dress","法式碎花方领收腰连衣裙 天猫 618 活动款","服装","连衣裙","天猫 · Lune Atelier 品牌天猫官方旗舰店","fashion-dress-taobao-2-8","5","positive","价格","券后价格比线下便宜一些。","近 65 天","基于商品字段生成的拟真模拟评论"
"fashion-dress-taobao-2","fashion-dress","法式碎花方领收腰连衣裙 天猫 618 活动款","服装","连衣裙","天猫 · Lune Atelier 品牌天猫官方旗舰店","fashion-dress-taobao-2-9","4","positive","版型材质","颜色比较耐看，日常通勤搭配起来不费力。","近 30 天","基于商品字段生成的拟真模拟评论"
"fashion-dress-taobao-2","fashion-dress","法式碎花方领收腰连衣裙 天猫 618 活动款","服装","连衣裙","天猫 · Lune Atelier 品牌天猫官方旗舰店","fashion-dress-taobao-2-10","5","positive","履约服务","7 天无理由，退货运费险，下单前能比较明确地判断售后成本。","近 19 天","基于商品字段生成的拟真模拟评论"
"fashion-dress-taobao-2","fashion-dress","法式碎花方领收腰连衣裙 天猫 618 活动款","服装","连衣裙","天猫 · Lune Atelier 品牌天猫官方旗舰店","fashion-dress-taobao-2-11","5","positive","体验","实物和页面描述基本一致，整体满意。","近 8 天","基于商品字段生成的拟真模拟评论"
"fashion-dress-taobao-2","fashion-dress","法式碎花方领收腰连衣裙 天猫 618 活动款","服装","连衣裙","天猫 · Lune Atelier 品牌天猫官方旗舰店","fashion-dress-taobao-2-12","4","positive","价格","活动价入手比较划算，性价比可以。","近 88 天","基于商品字段生成的拟真模拟评论"
"fashion-dress-taobao-2","fashion-dress","法式碎花方领收腰连衣裙 天猫 618 活动款","服装","连衣裙","天猫 · Lune Atelier 品牌天猫官方旗舰店","fashion-dress-taobao-2-13","5","positive","版型材质","版型和详情页描述基本一致，面料上身质感也不错。","近 65 天","基于商品字段生成的拟真模拟评论"
"fashion-dress-taobao-2","fashion-dress","法式碎花方领收腰连衣裙 天猫 618 活动款","服装","连衣裙","天猫 · Lune Atelier 品牌天猫官方旗舰店","fashion-dress-taobao-2-14","4","positive","履约服务","天猫发货信息清楚，预计 2 天送达。","近 84 天","基于商品字段生成的拟真模拟评论"
"fashion-dress-taobao-2","fashion-dress","法式碎花方领收腰连衣裙 天猫 618 活动款","服装","连衣裙","天猫 · Lune Atelier 品牌天猫官方旗舰店","fashion-dress-taobao-2-15","3","negative","尺码色差","尺码受身材和穿着习惯影响，建议先核对尺寸表。","近 34 天","基于商品字段生成的拟真模拟评论"
"fashion-dress-taobao-2","fashion-dress","法式碎花方领收腰连衣裙 天猫 618 活动款","服装","连衣裙","天猫 · Lune Atelier 品牌天猫官方旗舰店","fashion-dress-taobao-2-16","4","positive","体验","发货速度快，包装也比较完整。","近 6 天","基于商品字段生成的拟真模拟评论"
"fashion-dress-taobao-2","fashion-dress","法式碎花方领收腰连衣裙 天猫 618 活动款","服装","连衣裙","天猫 · Lune Atelier 品牌天猫官方旗舰店","fashion-dress-taobao-2-17","4","positive","价格","券后价格比线下便宜一些。","近 26 天","基于商品字段生成的拟真模拟评论"
"fashion-dress-taobao-2","fashion-dress","法式碎花方领收腰连衣裙 天猫 618 活动款","服装","连衣裙","天猫 · Lune Atelier 品牌天猫官方旗舰店","fashion-dress-taobao-2-18","3","negative","售后规则","退换仍需按“7 天无理由，退货运费险”执行，拆封或使用前要先确认条件。","近 65 天","基于商品字段生成的拟真模拟评论"
"fashion-dress-taobao-2","fashion-dress","法式碎花方领收腰连衣裙 天猫 618 活动款","服装","连衣裙","天猫 · Lune Atelier 品牌天猫官方旗舰店","fashion-dress-taobao-2-19","4","positive","版型材质","颜色比较耐看，日常通勤搭配起来不费力。","近 37 天","基于商品字段生成的拟真模拟评论"
"fashion-dress-taobao-2","fashion-dress","法式碎花方领收腰连衣裙 天猫 618 活动款","服装","连衣裙","天猫 · Lune Atelier 品牌天猫官方旗舰店","fashion-dress-taobao-2-20","5","positive","履约服务","7 天无理由，退货运费险，下单前能比较明确地判断售后成本。","近 12 天","基于商品字段生成的拟真模拟评论"
"fashion-dress-taobao-2","fashion-dress","法式碎花方领收腰连衣裙 天猫 618 活动款","服装","连衣裙","天猫 · Lune Atelier 品牌天猫官方旗舰店","fashion-dress-taobao-2-21","5","positive","体验","实物和页面描述基本一致，整体满意。","近 31 天","基于商品字段生成的拟真模拟评论"
"fashion-dress-taobao-2","fashion-dress","法式碎花方领收腰连衣裙 天猫 618 活动款","服装","连衣裙","天猫 · Lune Atelier 品牌天猫官方旗舰店","fashion-dress-taobao-2-22","4","positive","价格","活动价入手比较划算，性价比可以。","近 22 天","基于商品字段生成的拟真模拟评论"
"fashion-dress-taobao-2","fashion-dress","法式碎花方领收腰连衣裙 天猫 618 活动款","服装","连衣裙","天猫 · Lune Atelier 品牌天猫官方旗舰店","fashion-dress-taobao-2-23","5","positive","版型材质","版型和详情页描述基本一致，面料上身质感也不错。","近 29 天","基于商品字段生成的拟真模拟评论"
"fashion-dress-taobao-2","fashion-dress","法式碎花方领收腰连衣裙 天猫 618 活动款","服装","连衣裙","天猫 · Lune Atelier 品牌天猫官方旗舰店","fashion-dress-taobao-2-24","5","positive","履约服务","天猫发货信息清楚，预计 2 天送达。","近 27 天","基于商品字段生成的拟真模拟评论"
"fashion-dress-douyin-5","fashion-dress","法式碎花方领收腰连衣裙 抖音商城 618 活动款","服装","连衣裙","抖音商城 · Lune Atelier 品牌直播旗舰店","fashion-dress-douyin-5-1","5","positive","体验","实物和页面描述基本一致，整体满意。","近 10 天","基于商品字段生成的拟真模拟评论"
"fashion-dress-douyin-5","fashion-dress","法式碎花方领收腰连衣裙 抖音商城 618 活动款","服装","连衣裙","抖音商城 · Lune Atelier 品牌直播旗舰店","fashion-dress-douyin-5-2","4","positive","价格","活动价入手比较划算，性价比可以。","近 11 天","基于商品字段生成的拟真模拟评论"
"fashion-dress-douyin-5","fashion-dress","法式碎花方领收腰连衣裙 抖音商城 618 活动款","服装","连衣裙","抖音商城 · Lune Atelier 品牌直播旗舰店","fashion-dress-douyin-5-3","5","positive","版型材质","版型和详情页描述基本一致，面料上身质感也不错。","近 32 天","基于商品字段生成的拟真模拟评论"
"fashion-dress-douyin-5","fashion-dress","法式碎花方领收腰连衣裙 抖音商城 618 活动款","服装","连衣裙","抖音商城 · Lune Atelier 品牌直播旗舰店","fashion-dress-douyin-5-4","3","negative","细节","部分细节和预期有差距，下单前要看清规格。","近 87 天","基于商品字段生成的拟真模拟评论"
"fashion-dress-douyin-5","fashion-dress","法式碎花方领收腰连衣裙 抖音商城 618 活动款","服装","连衣裙","抖音商城 · Lune Atelier 品牌直播旗舰店","fashion-dress-douyin-5-5","4","positive","履约服务","抖音商城发货信息清楚，预计 2-4 天送达。","近 69 天","基于商品字段生成的拟真模拟评论"
"fashion-dress-douyin-5","fashion-dress","法式碎花方领收腰连衣裙 抖音商城 618 活动款","服装","连衣裙","抖音商城 · Lune Atelier 品牌直播旗舰店","fashion-dress-douyin-5-6","5","positive","体验","发货速度快，包装也比较完整。","近 5 天","基于商品字段生成的拟真模拟评论"
"fashion-dress-douyin-5","fashion-dress","法式碎花方领收腰连衣裙 抖音商城 618 活动款","服装","连衣裙","抖音商城 · Lune Atelier 品牌直播旗舰店","fashion-dress-douyin-5-7","5","positive","价格","券后价格比线下便宜一些。","近 37 天","基于商品字段生成的拟真模拟评论"
"fashion-dress-douyin-5","fashion-dress","法式碎花方领收腰连衣裙 抖音商城 618 活动款","服装","连衣裙","抖音商城 · Lune Atelier 品牌直播旗舰店","fashion-dress-douyin-5-8","5","positive","版型材质","颜色比较耐看，日常通勤搭配起来不费力。","近 85 天","基于商品字段生成的拟真模拟评论"
"fashion-dress-douyin-5","fashion-dress","法式碎花方领收腰连衣裙 抖音商城 618 活动款","服装","连衣裙","抖音商城 · Lune Atelier 品牌直播旗舰店","fashion-dress-douyin-5-9","5","positive","履约服务","7 天无理由，直播赠品需一并退回，下单前能比较明确地判断售后成本。","近 57 天","基于商品字段生成的拟真模拟评论"
"fashion-dress-douyin-5","fashion-dress","法式碎花方领收腰连衣裙 抖音商城 618 活动款","服装","连衣裙","抖音商城 · Lune Atelier 品牌直播旗舰店","fashion-dress-douyin-5-10","4","positive","体验","实物和页面描述基本一致，整体满意。","近 75 天","基于商品字段生成的拟真模拟评论"
"fashion-dress-douyin-5","fashion-dress","法式碎花方领收腰连衣裙 抖音商城 618 活动款","服装","连衣裙","抖音商城 · Lune Atelier 品牌直播旗舰店","fashion-dress-douyin-5-11","5","positive","价格","活动价入手比较划算，性价比可以。","近 12 天","基于商品字段生成的拟真模拟评论"
"fashion-dress-douyin-5","fashion-dress","法式碎花方领收腰连衣裙 抖音商城 618 活动款","服装","连衣裙","抖音商城 · Lune Atelier 品牌直播旗舰店","fashion-dress-douyin-5-12","4","positive","版型材质","版型和详情页描述基本一致，面料上身质感也不错。","近 37 天","基于商品字段生成的拟真模拟评论"
"fashion-dress-douyin-5","fashion-dress","法式碎花方领收腰连衣裙 抖音商城 618 活动款","服装","连衣裙","抖音商城 · Lune Atelier 品牌直播旗舰店","fashion-dress-douyin-5-13","3","negative","售后","退换流程需要按平台规则走，不算特别快。","近 61 天","基于商品字段生成的拟真模拟评论"
"fashion-dress-douyin-5","fashion-dress","法式碎花方领收腰连衣裙 抖音商城 618 活动款","服装","连衣裙","抖音商城 · Lune Atelier 品牌直播旗舰店","fashion-dress-douyin-5-14","5","positive","履约服务","抖音商城发货信息清楚，预计 2-4 天送达。","近 83 天","基于商品字段生成的拟真模拟评论"
"fashion-dress-douyin-5","fashion-dress","法式碎花方领收腰连衣裙 抖音商城 618 活动款","服装","连衣裙","抖音商城 · Lune Atelier 品牌直播旗舰店","fashion-dress-douyin-5-15","5","positive","体验","发货速度快，包装也比较完整。","近 88 天","基于商品字段生成的拟真模拟评论"
"fashion-dress-douyin-5","fashion-dress","法式碎花方领收腰连衣裙 抖音商城 618 活动款","服装","连衣裙","抖音商城 · Lune Atelier 品牌直播旗舰店","fashion-dress-douyin-5-16","4","positive","价格","券后价格比线下便宜一些。","近 19 天","基于商品字段生成的拟真模拟评论"
"fashion-dress-douyin-5","fashion-dress","法式碎花方领收腰连衣裙 抖音商城 618 活动款","服装","连衣裙","抖音商城 · Lune Atelier 品牌直播旗舰店","fashion-dress-douyin-5-17","5","positive","版型材质","颜色比较耐看，日常通勤搭配起来不费力。","近 6 天","基于商品字段生成的拟真模拟评论"
"fashion-dress-douyin-5","fashion-dress","法式碎花方领收腰连衣裙 抖音商城 618 活动款","服装","连衣裙","抖音商城 · Lune Atelier 品牌直播旗舰店","fashion-dress-douyin-5-18","5","positive","履约服务","7 天无理由，直播赠品需一并退回，下单前能比较明确地判断售后成本。","近 38 天","基于商品字段生成的拟真模拟评论"
"fashion-dress-douyin-5","fashion-dress","法式碎花方领收腰连衣裙 抖音商城 618 活动款","服装","连衣裙","抖音商城 · Lune Atelier 品牌直播旗舰店","fashion-dress-douyin-5-19","5","positive","体验","实物和页面描述基本一致，整体满意。","近 61 天","基于商品字段生成的拟真模拟评论"
"fashion-dress-douyin-5","fashion-dress","法式碎花方领收腰连衣裙 抖音商城 618 活动款","服装","连衣裙","抖音商城 · Lune Atelier 品牌直播旗舰店","fashion-dress-douyin-5-20","5","positive","价格","活动价入手比较划算，性价比可以。","近 87 天","基于商品字段生成的拟真模拟评论"
"fashion-dress-douyin-5","fashion-dress","法式碎花方领收腰连衣裙 抖音商城 618 活动款","服装","连衣裙","抖音商城 · Lune Atelier 品牌直播旗舰店","fashion-dress-douyin-5-21","3","negative","尺码色差","尺码受身材和穿着习惯影响，建议先核对尺寸表。","近 5 天","基于商品字段生成的拟真模拟评论"
"fashion-dress-douyin-5","fashion-dress","法式碎花方领收腰连衣裙 抖音商城 618 活动款","服装","连衣裙","抖音商城 · Lune Atelier 品牌直播旗舰店","fashion-dress-douyin-5-22","2","negative","售后规则","退换仍需按“7 天无理由，直播赠品需一并退回”执行，拆封或使用前要先确认条件。","近 75 天","基于商品字段生成的拟真模拟评论"
"fashion-dress-douyin-5","fashion-dress","法式碎花方领收腰连衣裙 抖音商城 618 活动款","服装","连衣裙","抖音商城 · Lune Atelier 品牌直播旗舰店","fashion-dress-douyin-5-23","5","positive","版型材质","版型和详情页描述基本一致，面料上身质感也不错。","近 66 天","基于商品字段生成的拟真模拟评论"
"fashion-dress-douyin-5","fashion-dress","法式碎花方领收腰连衣裙 抖音商城 618 活动款","服装","连衣裙","抖音商城 · Lune Atelier 品牌直播旗舰店","fashion-dress-douyin-5-24","5","positive","履约服务","抖音商城发货信息清楚，预计 2-4 天送达。","近 61 天","基于商品字段生成的拟真模拟评论"
"fashion-dress-xiaohongshu-4","fashion-dress","法式碎花方领收腰连衣裙 小红书商城 618 活动款","服装","连衣裙","小红书商城 · Lune Atelier 小红书精选品牌店","fashion-dress-xiaohongshu-4-1","5","positive","体验","实物和页面描述基本一致，整体满意。","近 37 天","基于商品字段生成的拟真模拟评论"
"fashion-dress-xiaohongshu-4","fashion-dress","法式碎花方领收腰连衣裙 小红书商城 618 活动款","服装","连衣裙","小红书商城 · Lune Atelier 小红书精选品牌店","fashion-dress-xiaohongshu-4-2","5","positive","价格","活动价入手比较划算，性价比可以。","近 11 天","基于商品字段生成的拟真模拟评论"
"fashion-dress-xiaohongshu-4","fashion-dress","法式碎花方领收腰连衣裙 小红书商城 618 活动款","服装","连衣裙","小红书商城 · Lune Atelier 小红书精选品牌店","fashion-dress-xiaohongshu-4-3","5","positive","版型材质","版型和详情页描述基本一致，面料上身质感也不错。","近 82 天","基于商品字段生成的拟真模拟评论"
"fashion-dress-xiaohongshu-4","fashion-dress","法式碎花方领收腰连衣裙 小红书商城 618 活动款","服装","连衣裙","小红书商城 · Lune Atelier 小红书精选品牌店","fashion-dress-xiaohongshu-4-4","5","positive","履约服务","小红书商城发货信息清楚，预计 3 天送达。","近 18 天","基于商品字段生成的拟真模拟评论"
"fashion-dress-xiaohongshu-4","fashion-dress","法式碎花方领收腰连衣裙 小红书商城 618 活动款","服装","连衣裙","小红书商城 · Lune Atelier 小红书精选品牌店","fashion-dress-xiaohongshu-4-5","5","positive","体验","发货速度快，包装也比较完整。","近 77 天","基于商品字段生成的拟真模拟评论"
"fashion-dress-xiaohongshu-4","fashion-dress","法式碎花方领收腰连衣裙 小红书商城 618 活动款","服装","连衣裙","小红书商城 · Lune Atelier 小红书精选品牌店","fashion-dress-xiaohongshu-4-6","3","negative","细节","部分细节和预期有差距，下单前要看清规格。","近 18 天","基于商品字段生成的拟真模拟评论"
"fashion-dress-xiaohongshu-4","fashion-dress","法式碎花方领收腰连衣裙 小红书商城 618 活动款","服装","连衣裙","小红书商城 · Lune Atelier 小红书精选品牌店","fashion-dress-xiaohongshu-4-7","4","positive","价格","券后价格比线下便宜一些。","近 12 天","基于商品字段生成的拟真模拟评论"
"fashion-dress-xiaohongshu-4","fashion-dress","法式碎花方领收腰连衣裙 小红书商城 618 活动款","服装","连衣裙","小红书商城 · Lune Atelier 小红书精选品牌店","fashion-dress-xiaohongshu-4-8","5","positive","版型材质","颜色比较耐看，日常通勤搭配起来不费力。","近 50 天","基于商品字段生成的拟真模拟评论"
"fashion-dress-xiaohongshu-4","fashion-dress","法式碎花方领收腰连衣裙 小红书商城 618 活动款","服装","连衣裙","小红书商城 · Lune Atelier 小红书精选品牌店","fashion-dress-xiaohongshu-4-9","5","positive","履约服务","未拆封支持 7 天退货，下单前能比较明确地判断售后成本。","近 3 天","基于商品字段生成的拟真模拟评论"
"fashion-dress-xiaohongshu-4","fashion-dress","法式碎花方领收腰连衣裙 小红书商城 618 活动款","服装","连衣裙","小红书商城 · Lune Atelier 小红书精选品牌店","fashion-dress-xiaohongshu-4-10","5","positive","体验","实物和页面描述基本一致，整体满意。","近 38 天","基于商品字段生成的拟真模拟评论"
"fashion-dress-xiaohongshu-4","fashion-dress","法式碎花方领收腰连衣裙 小红书商城 618 活动款","服装","连衣裙","小红书商城 · Lune Atelier 小红书精选品牌店","fashion-dress-xiaohongshu-4-11","3","negative","售后","退换流程需要按平台规则走，不算特别快。","近 80 天","基于商品字段生成的拟真模拟评论"
"fashion-dress-xiaohongshu-4","fashion-dress","法式碎花方领收腰连衣裙 小红书商城 618 活动款","服装","连衣裙","小红书商城 · Lune Atelier 小红书精选品牌店","fashion-dress-xiaohongshu-4-12","5","positive","价格","活动价入手比较划算，性价比可以。","近 66 天","基于商品字段生成的拟真模拟评论"
"fashion-dress-xiaohongshu-4","fashion-dress","法式碎花方领收腰连衣裙 小红书商城 618 活动款","服装","连衣裙","小红书商城 · Lune Atelier 小红书精选品牌店","fashion-dress-xiaohongshu-4-13","3","negative","尺码色差","尺码受身材和穿着习惯影响，建议先核对尺寸表。","近 50 天","基于商品字段生成的拟真模拟评论"
"fashion-dress-xiaohongshu-4","fashion-dress","法式碎花方领收腰连衣裙 小红书商城 618 活动款","服装","连衣裙","小红书商城 · Lune Atelier 小红书精选品牌店","fashion-dress-xiaohongshu-4-14","5","positive","版型材质","版型和详情页描述基本一致，面料上身质感也不错。","近 16 天","基于商品字段生成的拟真模拟评论"
"fashion-dress-xiaohongshu-4","fashion-dress","法式碎花方领收腰连衣裙 小红书商城 618 活动款","服装","连衣裙","小红书商城 · Lune Atelier 小红书精选品牌店","fashion-dress-xiaohongshu-4-15","3","negative","售后规则","退换仍需按“未拆封支持 7 天退货”执行，拆封或使用前要先确认条件。","近 58 天","基于商品字段生成的拟真模拟评论"
"fashion-dress-xiaohongshu-4","fashion-dress","法式碎花方领收腰连衣裙 小红书商城 618 活动款","服装","连衣裙","小红书商城 · Lune Atelier 小红书精选品牌店","fashion-dress-xiaohongshu-4-16","5","positive","履约服务","小红书商城发货信息清楚，预计 3 天送达。","近 69 天","基于商品字段生成的拟真模拟评论"
"fashion-dress-xiaohongshu-4","fashion-dress","法式碎花方领收腰连衣裙 小红书商城 618 活动款","服装","连衣裙","小红书商城 · Lune Atelier 小红书精选品牌店","fashion-dress-xiaohongshu-4-17","2","negative","细节","客服解释比较慢，急用要提前确认。","近 54 天","基于商品字段生成的拟真模拟评论"
"fashion-dress-xiaohongshu-4","fashion-dress","法式碎花方领收腰连衣裙 小红书商城 618 活动款","服装","连衣裙","小红书商城 · Lune Atelier 小红书精选品牌店","fashion-dress-xiaohongshu-4-18","4","positive","体验","发货速度快，包装也比较完整。","近 82 天","基于商品字段生成的拟真模拟评论"
"fashion-dress-xiaohongshu-4","fashion-dress","法式碎花方领收腰连衣裙 小红书商城 618 活动款","服装","连衣裙","小红书商城 · Lune Atelier 小红书精选品牌店","fashion-dress-xiaohongshu-4-19","5","positive","价格","券后价格比线下便宜一些。","近 21 天","基于商品字段生成的拟真模拟评论"
"fashion-dress-xiaohongshu-4","fashion-dress","法式碎花方领收腰连衣裙 小红书商城 618 活动款","服装","连衣裙","小红书商城 · Lune Atelier 小红书精选品牌店","fashion-dress-xiaohongshu-4-20","3","negative","售后","赠品和主商品分开发货，等待时间更久。","近 35 天","基于商品字段生成的拟真模拟评论"
"fashion-dress-xiaohongshu-4","fashion-dress","法式碎花方领收腰连衣裙 小红书商城 618 活动款","服装","连衣裙","小红书商城 · Lune Atelier 小红书精选品牌店","fashion-dress-xiaohongshu-4-21","4","positive","版型材质","颜色比较耐看，日常通勤搭配起来不费力。","近 81 天","基于商品字段生成的拟真模拟评论"
"fashion-dress-xiaohongshu-4","fashion-dress","法式碎花方领收腰连衣裙 小红书商城 618 活动款","服装","连衣裙","小红书商城 · Lune Atelier 小红书精选品牌店","fashion-dress-xiaohongshu-4-22","3","negative","尺码色差","不同光线下颜色会有差异，面料也需要按洗护说明处理。","近 19 天","基于商品字段生成的拟真模拟评论"
"fashion-dress-xiaohongshu-4","fashion-dress","法式碎花方领收腰连衣裙 小红书商城 618 活动款","服装","连衣裙","小红书商城 · Lune Atelier 小红书精选品牌店","fashion-dress-xiaohongshu-4-23","5","positive","履约服务","未拆封支持 7 天退货，下单前能比较明确地判断售后成本。","近 8 天","基于商品字段生成的拟真模拟评论"
"fashion-dress-xiaohongshu-4","fashion-dress","法式碎花方领收腰连衣裙 小红书商城 618 活动款","服装","连衣裙","小红书商城 · Lune Atelier 小红书精选品牌店","fashion-dress-xiaohongshu-4-24","5","positive","体验","实物和页面描述基本一致，整体满意。","近 27 天","基于商品字段生成的拟真模拟评论"
"fashion-jeans-taobao-2","fashion-jeans","高腰直筒复古水洗牛仔裤 天猫 618 活动款","服装","牛仔裤","天猫 · Denim Lab 品牌天猫官方旗舰店","fashion-jeans-taobao-2-1","4","positive","体验","实物和页面描述基本一致，整体满意。","近 12 天","基于商品字段生成的拟真模拟评论"
"fashion-jeans-taobao-2","fashion-jeans","高腰直筒复古水洗牛仔裤 天猫 618 活动款","服装","牛仔裤","天猫 · Denim Lab 品牌天猫官方旗舰店","fashion-jeans-taobao-2-2","5","positive","价格","活动价入手比较划算，性价比可以。","近 39 天","基于商品字段生成的拟真模拟评论"
"fashion-jeans-taobao-2","fashion-jeans","高腰直筒复古水洗牛仔裤 天猫 618 活动款","服装","牛仔裤","天猫 · Denim Lab 品牌天猫官方旗舰店","fashion-jeans-taobao-2-3","5","positive","版型材质","版型和详情页描述基本一致，面料上身质感也不错。","近 55 天","基于商品字段生成的拟真模拟评论"
"fashion-jeans-taobao-2","fashion-jeans","高腰直筒复古水洗牛仔裤 天猫 618 活动款","服装","牛仔裤","天猫 · Denim Lab 品牌天猫官方旗舰店","fashion-jeans-taobao-2-4","4","positive","履约服务","天猫发货信息清楚，预计 2 天送达。","近 65 天","基于商品字段生成的拟真模拟评论"
"fashion-jeans-taobao-2","fashion-jeans","高腰直筒复古水洗牛仔裤 天猫 618 活动款","服装","牛仔裤","天猫 · Denim Lab 品牌天猫官方旗舰店","fashion-jeans-taobao-2-5","5","positive","体验","发货速度快，包装也比较完整。","近 14 天","基于商品字段生成的拟真模拟评论"
"fashion-jeans-taobao-2","fashion-jeans","高腰直筒复古水洗牛仔裤 天猫 618 活动款","服装","牛仔裤","天猫 · Denim Lab 品牌天猫官方旗舰店","fashion-jeans-taobao-2-6","5","positive","价格","券后价格比线下便宜一些。","近 81 天","基于商品字段生成的拟真模拟评论"
"fashion-jeans-taobao-2","fashion-jeans","高腰直筒复古水洗牛仔裤 天猫 618 活动款","服装","牛仔裤","天猫 · Denim Lab 品牌天猫官方旗舰店","fashion-jeans-taobao-2-7","5","positive","版型材质","颜色比较耐看，日常通勤搭配起来不费力。","近 39 天","基于商品字段生成的拟真模拟评论"
"fashion-jeans-taobao-2","fashion-jeans","高腰直筒复古水洗牛仔裤 天猫 618 活动款","服装","牛仔裤","天猫 · Denim Lab 品牌天猫官方旗舰店","fashion-jeans-taobao-2-8","5","positive","履约服务","7 天无理由，退货运费险，下单前能比较明确地判断售后成本。","近 35 天","基于商品字段生成的拟真模拟评论"
"fashion-jeans-taobao-2","fashion-jeans","高腰直筒复古水洗牛仔裤 天猫 618 活动款","服装","牛仔裤","天猫 · Denim Lab 品牌天猫官方旗舰店","fashion-jeans-taobao-2-9","4","positive","体验","实物和页面描述基本一致，整体满意。","近 61 天","基于商品字段生成的拟真模拟评论"
"fashion-jeans-taobao-2","fashion-jeans","高腰直筒复古水洗牛仔裤 天猫 618 活动款","服装","牛仔裤","天猫 · Denim Lab 品牌天猫官方旗舰店","fashion-jeans-taobao-2-10","5","positive","价格","活动价入手比较划算，性价比可以。","近 9 天","基于商品字段生成的拟真模拟评论"
"fashion-jeans-taobao-2","fashion-jeans","高腰直筒复古水洗牛仔裤 天猫 618 活动款","服装","牛仔裤","天猫 · Denim Lab 品牌天猫官方旗舰店","fashion-jeans-taobao-2-11","5","positive","版型材质","版型和详情页描述基本一致，面料上身质感也不错。","近 59 天","基于商品字段生成的拟真模拟评论"
"fashion-jeans-taobao-2","fashion-jeans","高腰直筒复古水洗牛仔裤 天猫 618 活动款","服装","牛仔裤","天猫 · Denim Lab 品牌天猫官方旗舰店","fashion-jeans-taobao-2-12","4","positive","履约服务","天猫发货信息清楚，预计 2 天送达。","近 7 天","基于商品字段生成的拟真模拟评论"
"fashion-jeans-taobao-2","fashion-jeans","高腰直筒复古水洗牛仔裤 天猫 618 活动款","服装","牛仔裤","天猫 · Denim Lab 品牌天猫官方旗舰店","fashion-jeans-taobao-2-13","4","positive","体验","发货速度快，包装也比较完整。","近 33 天","基于商品字段生成的拟真模拟评论"
"fashion-jeans-taobao-2","fashion-jeans","高腰直筒复古水洗牛仔裤 天猫 618 活动款","服装","牛仔裤","天猫 · Denim Lab 品牌天猫官方旗舰店","fashion-jeans-taobao-2-14","4","positive","价格","券后价格比线下便宜一些。","近 35 天","基于商品字段生成的拟真模拟评论"
"fashion-jeans-taobao-2","fashion-jeans","高腰直筒复古水洗牛仔裤 天猫 618 活动款","服装","牛仔裤","天猫 · Denim Lab 品牌天猫官方旗舰店","fashion-jeans-taobao-2-15","2","negative","细节","部分细节和预期有差距，下单前要看清规格。","近 30 天","基于商品字段生成的拟真模拟评论"
"fashion-jeans-taobao-2","fashion-jeans","高腰直筒复古水洗牛仔裤 天猫 618 活动款","服装","牛仔裤","天猫 · Denim Lab 品牌天猫官方旗舰店","fashion-jeans-taobao-2-16","5","positive","版型材质","颜色比较耐看，日常通勤搭配起来不费力。","近 22 天","基于商品字段生成的拟真模拟评论"
"fashion-jeans-taobao-2","fashion-jeans","高腰直筒复古水洗牛仔裤 天猫 618 活动款","服装","牛仔裤","天猫 · Denim Lab 品牌天猫官方旗舰店","fashion-jeans-taobao-2-17","2","negative","售后","退换流程需要按平台规则走，不算特别快。","近 10 天","基于商品字段生成的拟真模拟评论"
"fashion-jeans-taobao-2","fashion-jeans","高腰直筒复古水洗牛仔裤 天猫 618 活动款","服装","牛仔裤","天猫 · Denim Lab 品牌天猫官方旗舰店","fashion-jeans-taobao-2-18","5","positive","履约服务","7 天无理由，退货运费险，下单前能比较明确地判断售后成本。","近 44 天","基于商品字段生成的拟真模拟评论"
"fashion-jeans-taobao-2","fashion-jeans","高腰直筒复古水洗牛仔裤 天猫 618 活动款","服装","牛仔裤","天猫 · Denim Lab 品牌天猫官方旗舰店","fashion-jeans-taobao-2-19","5","positive","体验","实物和页面描述基本一致，整体满意。","近 19 天","基于商品字段生成的拟真模拟评论"
"fashion-jeans-taobao-2","fashion-jeans","高腰直筒复古水洗牛仔裤 天猫 618 活动款","服装","牛仔裤","天猫 · Denim Lab 品牌天猫官方旗舰店","fashion-jeans-taobao-2-20","4","positive","价格","活动价入手比较划算，性价比可以。","近 79 天","基于商品字段生成的拟真模拟评论"
"fashion-jeans-taobao-2","fashion-jeans","高腰直筒复古水洗牛仔裤 天猫 618 活动款","服装","牛仔裤","天猫 · Denim Lab 品牌天猫官方旗舰店","fashion-jeans-taobao-2-21","2","negative","尺码色差","尺码受身材和穿着习惯影响，建议先核对尺寸表。","近 72 天","基于商品字段生成的拟真模拟评论"
"fashion-jeans-taobao-2","fashion-jeans","高腰直筒复古水洗牛仔裤 天猫 618 活动款","服装","牛仔裤","天猫 · Denim Lab 品牌天猫官方旗舰店","fashion-jeans-taobao-2-22","5","positive","版型材质","版型和详情页描述基本一致，面料上身质感也不错。","近 40 天","基于商品字段生成的拟真模拟评论"
"fashion-jeans-taobao-2","fashion-jeans","高腰直筒复古水洗牛仔裤 天猫 618 活动款","服装","牛仔裤","天猫 · Denim Lab 品牌天猫官方旗舰店","fashion-jeans-taobao-2-23","5","positive","履约服务","天猫发货信息清楚，预计 2 天送达。","近 75 天","基于商品字段生成的拟真模拟评论"
"fashion-jeans-taobao-2","fashion-jeans","高腰直筒复古水洗牛仔裤 天猫 618 活动款","服装","牛仔裤","天猫 · Denim Lab 品牌天猫官方旗舰店","fashion-jeans-taobao-2-24","3","negative","售后规则","退换仍需按“7 天无理由，退货运费险”执行，拆封或使用前要先确认条件。","近 85 天","基于商品字段生成的拟真模拟评论"
"fashion-jeans-vip-3","fashion-jeans","高腰直筒复古水洗牛仔裤 唯品会 618 活动款","服装","牛仔裤","唯品会 · Denim Lab 唯品会品牌特卖","fashion-jeans-vip-3-1","4","positive","体验","实物和页面描述基本一致，整体满意。","近 27 天","基于商品字段生成的拟真模拟评论"
"fashion-jeans-vip-3","fashion-jeans","高腰直筒复古水洗牛仔裤 唯品会 618 活动款","服装","牛仔裤","唯品会 · Denim Lab 唯品会品牌特卖","fashion-jeans-vip-3-2","5","positive","价格","活动价入手比较划算，性价比可以。","近 11 天","基于商品字段生成的拟真模拟评论"
"fashion-jeans-vip-3","fashion-jeans","高腰直筒复古水洗牛仔裤 唯品会 618 活动款","服装","牛仔裤","唯品会 · Denim Lab 唯品会品牌特卖","fashion-jeans-vip-3-3","5","positive","版型材质","版型和详情页描述基本一致，面料上身质感也不错。","近 72 天","基于商品字段生成的拟真模拟评论"
"fashion-jeans-vip-3","fashion-jeans","高腰直筒复古水洗牛仔裤 唯品会 618 活动款","服装","牛仔裤","唯品会 · Denim Lab 唯品会品牌特卖","fashion-jeans-vip-3-4","4","positive","履约服务","唯品会发货信息清楚，预计 2 天送达。","近 44 天","基于商品字段生成的拟真模拟评论"
"fashion-jeans-vip-3","fashion-jeans","高腰直筒复古水洗牛仔裤 唯品会 618 活动款","服装","牛仔裤","唯品会 · Denim Lab 唯品会品牌特卖","fashion-jeans-vip-3-5","4","positive","体验","发货速度快，包装也比较完整。","近 24 天","基于商品字段生成的拟真模拟评论"
"fashion-jeans-vip-3","fashion-jeans","高腰直筒复古水洗牛仔裤 唯品会 618 活动款","服装","牛仔裤","唯品会 · Denim Lab 唯品会品牌特卖","fashion-jeans-vip-3-6","5","positive","价格","券后价格比线下便宜一些。","近 46 天","基于商品字段生成的拟真模拟评论"
"fashion-jeans-vip-3","fashion-jeans","高腰直筒复古水洗牛仔裤 唯品会 618 活动款","服装","牛仔裤","唯品会 · Denim Lab 唯品会品牌特卖","fashion-jeans-vip-3-7","5","positive","版型材质","颜色比较耐看，日常通勤搭配起来不费力。","近 33 天","基于商品字段生成的拟真模拟评论"
"fashion-jeans-vip-3","fashion-jeans","高腰直筒复古水洗牛仔裤 唯品会 618 活动款","服装","牛仔裤","唯品会 · Denim Lab 唯品会品牌特卖","fashion-jeans-vip-3-8","4","positive","履约服务","7 天无理由，支持退货运费险，下单前能比较明确地判断售后成本。","近 83 天","基于商品字段生成的拟真模拟评论"
"fashion-jeans-vip-3","fashion-jeans","高腰直筒复古水洗牛仔裤 唯品会 618 活动款","服装","牛仔裤","唯品会 · Denim Lab 唯品会品牌特卖","fashion-jeans-vip-3-9","5","positive","体验","实物和页面描述基本一致，整体满意。","近 88 天","基于商品字段生成的拟真模拟评论"
"fashion-jeans-vip-3","fashion-jeans","高腰直筒复古水洗牛仔裤 唯品会 618 活动款","服装","牛仔裤","唯品会 · Denim Lab 唯品会品牌特卖","fashion-jeans-vip-3-10","5","positive","价格","活动价入手比较划算，性价比可以。","近 71 天","基于商品字段生成的拟真模拟评论"
"fashion-jeans-vip-3","fashion-jeans","高腰直筒复古水洗牛仔裤 唯品会 618 活动款","服装","牛仔裤","唯品会 · Denim Lab 唯品会品牌特卖","fashion-jeans-vip-3-11","5","positive","版型材质","版型和详情页描述基本一致，面料上身质感也不错。","近 10 天","基于商品字段生成的拟真模拟评论"
"fashion-jeans-vip-3","fashion-jeans","高腰直筒复古水洗牛仔裤 唯品会 618 活动款","服装","牛仔裤","唯品会 · Denim Lab 唯品会品牌特卖","fashion-jeans-vip-3-12","4","positive","履约服务","唯品会发货信息清楚，预计 2 天送达。","近 3 天","基于商品字段生成的拟真模拟评论"
"fashion-jeans-vip-3","fashion-jeans","高腰直筒复古水洗牛仔裤 唯品会 618 活动款","服装","牛仔裤","唯品会 · Denim Lab 唯品会品牌特卖","fashion-jeans-vip-3-13","5","positive","体验","发货速度快，包装也比较完整。","近 64 天","基于商品字段生成的拟真模拟评论"
"fashion-jeans-vip-3","fashion-jeans","高腰直筒复古水洗牛仔裤 唯品会 618 活动款","服装","牛仔裤","唯品会 · Denim Lab 唯品会品牌特卖","fashion-jeans-vip-3-14","3","negative","细节","部分细节和预期有差距，下单前要看清规格。","近 87 天","基于商品字段生成的拟真模拟评论"
"fashion-jeans-vip-3","fashion-jeans","高腰直筒复古水洗牛仔裤 唯品会 618 活动款","服装","牛仔裤","唯品会 · Denim Lab 唯品会品牌特卖","fashion-jeans-vip-3-15","4","positive","价格","券后价格比线下便宜一些。","近 2 天","基于商品字段生成的拟真模拟评论"
"fashion-jeans-vip-3","fashion-jeans","高腰直筒复古水洗牛仔裤 唯品会 618 活动款","服装","牛仔裤","唯品会 · Denim Lab 唯品会品牌特卖","fashion-jeans-vip-3-16","5","positive","版型材质","颜色比较耐看，日常通勤搭配起来不费力。","近 18 天","基于商品字段生成的拟真模拟评论"
"fashion-jeans-vip-3","fashion-jeans","高腰直筒复古水洗牛仔裤 唯品会 618 活动款","服装","牛仔裤","唯品会 · Denim Lab 唯品会品牌特卖","fashion-jeans-vip-3-17","3","negative","售后","退换流程需要按平台规则走，不算特别快。","近 49 天","基于商品字段生成的拟真模拟评论"
"fashion-jeans-vip-3","fashion-jeans","高腰直筒复古水洗牛仔裤 唯品会 618 活动款","服装","牛仔裤","唯品会 · Denim Lab 唯品会品牌特卖","fashion-jeans-vip-3-18","2","negative","尺码色差","尺码受身材和穿着习惯影响，建议先核对尺寸表。","近 28 天","基于商品字段生成的拟真模拟评论"
"fashion-jeans-vip-3","fashion-jeans","高腰直筒复古水洗牛仔裤 唯品会 618 活动款","服装","牛仔裤","唯品会 · Denim Lab 唯品会品牌特卖","fashion-jeans-vip-3-19","4","positive","履约服务","7 天无理由，支持退货运费险，下单前能比较明确地判断售后成本。","近 84 天","基于商品字段生成的拟真模拟评论"
"fashion-jeans-vip-3","fashion-jeans","高腰直筒复古水洗牛仔裤 唯品会 618 活动款","服装","牛仔裤","唯品会 · Denim Lab 唯品会品牌特卖","fashion-jeans-vip-3-20","5","positive","体验","实物和页面描述基本一致，整体满意。","近 46 天","基于商品字段生成的拟真模拟评论"
"fashion-jeans-vip-3","fashion-jeans","高腰直筒复古水洗牛仔裤 唯品会 618 活动款","服装","牛仔裤","唯品会 · Denim Lab 唯品会品牌特卖","fashion-jeans-vip-3-21","5","positive","价格","活动价入手比较划算，性价比可以。","近 20 天","基于商品字段生成的拟真模拟评论"
"fashion-jeans-vip-3","fashion-jeans","高腰直筒复古水洗牛仔裤 唯品会 618 活动款","服装","牛仔裤","唯品会 · Denim Lab 唯品会品牌特卖","fashion-jeans-vip-3-22","5","positive","版型材质","版型和详情页描述基本一致，面料上身质感也不错。","近 8 天","基于商品字段生成的拟真模拟评论"
"fashion-jeans-vip-3","fashion-jeans","高腰直筒复古水洗牛仔裤 唯品会 618 活动款","服装","牛仔裤","唯品会 · Denim Lab 唯品会品牌特卖","fashion-jeans-vip-3-23","2","negative","售后规则","退换仍需按“7 天无理由，支持退货运费险”执行，拆封或使用前要先确认条件。","近 29 天","基于商品字段生成的拟真模拟评论"
"fashion-jeans-vip-3","fashion-jeans","高腰直筒复古水洗牛仔裤 唯品会 618 活动款","服装","牛仔裤","唯品会 · Denim Lab 唯品会品牌特卖","fashion-jeans-vip-3-24","5","positive","履约服务","唯品会发货信息清楚，预计 2 天送达。","近 80 天","基于商品字段生成的拟真模拟评论"
"fashion-jeans-douyin-5","fashion-jeans","高腰直筒复古水洗牛仔裤 抖音商城 618 活动款","服装","牛仔裤","抖音商城 · Denim Lab 品牌直播旗舰店","fashion-jeans-douyin-5-1","5","positive","体验","实物和页面描述基本一致，整体满意。","近 40 天","基于商品字段生成的拟真模拟评论"
"fashion-jeans-douyin-5","fashion-jeans","高腰直筒复古水洗牛仔裤 抖音商城 618 活动款","服装","牛仔裤","抖音商城 · Denim Lab 品牌直播旗舰店","fashion-jeans-douyin-5-2","5","positive","价格","活动价入手比较划算，性价比可以。","近 48 天","基于商品字段生成的拟真模拟评论"
"fashion-jeans-douyin-5","fashion-jeans","高腰直筒复古水洗牛仔裤 抖音商城 618 活动款","服装","牛仔裤","抖音商城 · Denim Lab 品牌直播旗舰店","fashion-jeans-douyin-5-3","5","positive","版型材质","版型和详情页描述基本一致，面料上身质感也不错。","近 55 天","基于商品字段生成的拟真模拟评论"
"fashion-jeans-douyin-5","fashion-jeans","高腰直筒复古水洗牛仔裤 抖音商城 618 活动款","服装","牛仔裤","抖音商城 · Denim Lab 品牌直播旗舰店","fashion-jeans-douyin-5-4","5","positive","履约服务","抖音商城发货信息清楚，预计 2-4 天送达。","近 7 天","基于商品字段生成的拟真模拟评论"
"fashion-jeans-douyin-5","fashion-jeans","高腰直筒复古水洗牛仔裤 抖音商城 618 活动款","服装","牛仔裤","抖音商城 · Denim Lab 品牌直播旗舰店","fashion-jeans-douyin-5-5","5","positive","体验","发货速度快，包装也比较完整。","近 5 天","基于商品字段生成的拟真模拟评论"
"fashion-jeans-douyin-5","fashion-jeans","高腰直筒复古水洗牛仔裤 抖音商城 618 活动款","服装","牛仔裤","抖音商城 · Denim Lab 品牌直播旗舰店","fashion-jeans-douyin-5-6","2","negative","细节","部分细节和预期有差距，下单前要看清规格。","近 50 天","基于商品字段生成的拟真模拟评论"
"fashion-jeans-douyin-5","fashion-jeans","高腰直筒复古水洗牛仔裤 抖音商城 618 活动款","服装","牛仔裤","抖音商城 · Denim Lab 品牌直播旗舰店","fashion-jeans-douyin-5-7","5","positive","价格","券后价格比线下便宜一些。","近 51 天","基于商品字段生成的拟真模拟评论"
"fashion-jeans-douyin-5","fashion-jeans","高腰直筒复古水洗牛仔裤 抖音商城 618 活动款","服装","牛仔裤","抖音商城 · Denim Lab 品牌直播旗舰店","fashion-jeans-douyin-5-8","5","positive","版型材质","颜色比较耐看，日常通勤搭配起来不费力。","近 85 天","基于商品字段生成的拟真模拟评论"
"fashion-jeans-douyin-5","fashion-jeans","高腰直筒复古水洗牛仔裤 抖音商城 618 活动款","服装","牛仔裤","抖音商城 · Denim Lab 品牌直播旗舰店","fashion-jeans-douyin-5-9","5","positive","履约服务","7 天无理由，直播赠品需一并退回，下单前能比较明确地判断售后成本。","近 12 天","基于商品字段生成的拟真模拟评论"
"fashion-jeans-douyin-5","fashion-jeans","高腰直筒复古水洗牛仔裤 抖音商城 618 活动款","服装","牛仔裤","抖音商城 · Denim Lab 品牌直播旗舰店","fashion-jeans-douyin-5-10","3","negative","售后","退换流程需要按平台规则走，不算特别快。","近 30 天","基于商品字段生成的拟真模拟评论"
"fashion-jeans-douyin-5","fashion-jeans","高腰直筒复古水洗牛仔裤 抖音商城 618 活动款","服装","牛仔裤","抖音商城 · Denim Lab 品牌直播旗舰店","fashion-jeans-douyin-5-11","5","positive","体验","实物和页面描述基本一致，整体满意。","近 61 天","基于商品字段生成的拟真模拟评论"
"fashion-jeans-douyin-5","fashion-jeans","高腰直筒复古水洗牛仔裤 抖音商城 618 活动款","服装","牛仔裤","抖音商城 · Denim Lab 品牌直播旗舰店","fashion-jeans-douyin-5-12","4","positive","价格","活动价入手比较划算，性价比可以。","近 11 天","基于商品字段生成的拟真模拟评论"
"fashion-jeans-douyin-5","fashion-jeans","高腰直筒复古水洗牛仔裤 抖音商城 618 活动款","服装","牛仔裤","抖音商城 · Denim Lab 品牌直播旗舰店","fashion-jeans-douyin-5-13","5","positive","版型材质","版型和详情页描述基本一致，面料上身质感也不错。","近 36 天","基于商品字段生成的拟真模拟评论"
"fashion-jeans-douyin-5","fashion-jeans","高腰直筒复古水洗牛仔裤 抖音商城 618 活动款","服装","牛仔裤","抖音商城 · Denim Lab 品牌直播旗舰店","fashion-jeans-douyin-5-14","4","positive","履约服务","抖音商城发货信息清楚，预计 2-4 天送达。","近 70 天","基于商品字段生成的拟真模拟评论"
"fashion-jeans-douyin-5","fashion-jeans","高腰直筒复古水洗牛仔裤 抖音商城 618 活动款","服装","牛仔裤","抖音商城 · Denim Lab 品牌直播旗舰店","fashion-jeans-douyin-5-15","4","positive","体验","发货速度快，包装也比较完整。","近 21 天","基于商品字段生成的拟真模拟评论"
"fashion-jeans-douyin-5","fashion-jeans","高腰直筒复古水洗牛仔裤 抖音商城 618 活动款","服装","牛仔裤","抖音商城 · Denim Lab 品牌直播旗舰店","fashion-jeans-douyin-5-16","2","negative","尺码色差","尺码受身材和穿着习惯影响，建议先核对尺寸表。","近 19 天","基于商品字段生成的拟真模拟评论"
"fashion-jeans-douyin-5","fashion-jeans","高腰直筒复古水洗牛仔裤 抖音商城 618 活动款","服装","牛仔裤","抖音商城 · Denim Lab 品牌直播旗舰店","fashion-jeans-douyin-5-17","4","positive","价格","券后价格比线下便宜一些。","近 41 天","基于商品字段生成的拟真模拟评论"
"fashion-jeans-douyin-5","fashion-jeans","高腰直筒复古水洗牛仔裤 抖音商城 618 活动款","服装","牛仔裤","抖音商城 · Denim Lab 品牌直播旗舰店","fashion-jeans-douyin-5-18","5","positive","版型材质","颜色比较耐看，日常通勤搭配起来不费力。","近 39 天","基于商品字段生成的拟真模拟评论"
"fashion-jeans-douyin-5","fashion-jeans","高腰直筒复古水洗牛仔裤 抖音商城 618 活动款","服装","牛仔裤","抖音商城 · Denim Lab 品牌直播旗舰店","fashion-jeans-douyin-5-19","5","positive","履约服务","7 天无理由，直播赠品需一并退回，下单前能比较明确地判断售后成本。","近 42 天","基于商品字段生成的拟真模拟评论"
"fashion-jeans-douyin-5","fashion-jeans","高腰直筒复古水洗牛仔裤 抖音商城 618 活动款","服装","牛仔裤","抖音商城 · Denim Lab 品牌直播旗舰店","fashion-jeans-douyin-5-20","5","positive","体验","实物和页面描述基本一致，整体满意。","近 70 天","基于商品字段生成的拟真模拟评论"
"fashion-jeans-douyin-5","fashion-jeans","高腰直筒复古水洗牛仔裤 抖音商城 618 活动款","服装","牛仔裤","抖音商城 · Denim Lab 品牌直播旗舰店","fashion-jeans-douyin-5-21","5","positive","价格","活动价入手比较划算，性价比可以。","近 81 天","基于商品字段生成的拟真模拟评论"
"fashion-jeans-douyin-5","fashion-jeans","高腰直筒复古水洗牛仔裤 抖音商城 618 活动款","服装","牛仔裤","抖音商城 · Denim Lab 品牌直播旗舰店","fashion-jeans-douyin-5-22","5","positive","版型材质","版型和详情页描述基本一致，面料上身质感也不错。","近 28 天","基于商品字段生成的拟真模拟评论"
"fashion-jeans-douyin-5","fashion-jeans","高腰直筒复古水洗牛仔裤 抖音商城 618 活动款","服装","牛仔裤","抖音商城 · Denim Lab 品牌直播旗舰店","fashion-jeans-douyin-5-23","5","positive","履约服务","抖音商城发货信息清楚，预计 2-4 天送达。","近 81 天","基于商品字段生成的拟真模拟评论"
"fashion-jeans-douyin-5","fashion-jeans","高腰直筒复古水洗牛仔裤 抖音商城 618 活动款","服装","牛仔裤","抖音商城 · Denim Lab 品牌直播旗舰店","fashion-jeans-douyin-5-24","3","negative","售后规则","退换仍需按“7 天无理由，直播赠品需一并退回”执行，拆封或使用前要先确认条件。","近 71 天","基于商品字段生成的拟真模拟评论"
"fashion-jeans-xiaohongshu-4","fashion-jeans","高腰直筒复古水洗牛仔裤 小红书商城 618 活动款","服装","牛仔裤","小红书商城 · Denim Lab 小红书精选品牌店","fashion-jeans-xiaohongshu-4-1","2","negative","细节","部分细节和预期有差距，下单前要看清规格。","近 60 天","基于商品字段生成的拟真模拟评论"
"fashion-jeans-xiaohongshu-4","fashion-jeans","高腰直筒复古水洗牛仔裤 小红书商城 618 活动款","服装","牛仔裤","小红书商城 · Denim Lab 小红书精选品牌店","fashion-jeans-xiaohongshu-4-2","4","positive","体验","实物和页面描述基本一致，整体满意。","近 88 天","基于商品字段生成的拟真模拟评论"
"fashion-jeans-xiaohongshu-4","fashion-jeans","高腰直筒复古水洗牛仔裤 小红书商城 618 活动款","服装","牛仔裤","小红书商城 · Denim Lab 小红书精选品牌店","fashion-jeans-xiaohongshu-4-3","5","positive","价格","活动价入手比较划算，性价比可以。","近 77 天","基于商品字段生成的拟真模拟评论"
"fashion-jeans-xiaohongshu-4","fashion-jeans","高腰直筒复古水洗牛仔裤 小红书商城 618 活动款","服装","牛仔裤","小红书商城 · Denim Lab 小红书精选品牌店","fashion-jeans-xiaohongshu-4-4","3","negative","售后","退换流程需要按平台规则走，不算特别快。","近 71 天","基于商品字段生成的拟真模拟评论"
"fashion-jeans-xiaohongshu-4","fashion-jeans","高腰直筒复古水洗牛仔裤 小红书商城 618 活动款","服装","牛仔裤","小红书商城 · Denim Lab 小红书精选品牌店","fashion-jeans-xiaohongshu-4-5","4","positive","版型材质","版型和详情页描述基本一致，面料上身质感也不错。","近 35 天","基于商品字段生成的拟真模拟评论"
"fashion-jeans-xiaohongshu-4","fashion-jeans","高腰直筒复古水洗牛仔裤 小红书商城 618 活动款","服装","牛仔裤","小红书商城 · Denim Lab 小红书精选品牌店","fashion-jeans-xiaohongshu-4-6","3","negative","尺码色差","尺码受身材和穿着习惯影响，建议先核对尺寸表。","近 68 天","基于商品字段生成的拟真模拟评论"
"fashion-jeans-xiaohongshu-4","fashion-jeans","高腰直筒复古水洗牛仔裤 小红书商城 618 活动款","服装","牛仔裤","小红书商城 · Denim Lab 小红书精选品牌店","fashion-jeans-xiaohongshu-4-7","5","positive","履约服务","小红书商城发货信息清楚，预计 3 天送达。","近 54 天","基于商品字段生成的拟真模拟评论"
"fashion-jeans-xiaohongshu-4","fashion-jeans","高腰直筒复古水洗牛仔裤 小红书商城 618 活动款","服装","牛仔裤","小红书商城 · Denim Lab 小红书精选品牌店","fashion-jeans-xiaohongshu-4-8","4","positive","体验","发货速度快，包装也比较完整。","近 38 天","基于商品字段生成的拟真模拟评论"
"fashion-jeans-xiaohongshu-4","fashion-jeans","高腰直筒复古水洗牛仔裤 小红书商城 618 活动款","服装","牛仔裤","小红书商城 · Denim Lab 小红书精选品牌店","fashion-jeans-xiaohongshu-4-9","5","positive","价格","券后价格比线下便宜一些。","近 18 天","基于商品字段生成的拟真模拟评论"
"fashion-jeans-xiaohongshu-4","fashion-jeans","高腰直筒复古水洗牛仔裤 小红书商城 618 活动款","服装","牛仔裤","小红书商城 · Denim Lab 小红书精选品牌店","fashion-jeans-xiaohongshu-4-10","5","positive","版型材质","颜色比较耐看，日常通勤搭配起来不费力。","近 88 天","基于商品字段生成的拟真模拟评论"
"fashion-jeans-xiaohongshu-4","fashion-jeans","高腰直筒复古水洗牛仔裤 小红书商城 618 活动款","服装","牛仔裤","小红书商城 · Denim Lab 小红书精选品牌店","fashion-jeans-xiaohongshu-4-11","4","positive","履约服务","未拆封支持 7 天退货，下单前能比较明确地判断售后成本。","近 77 天","基于商品字段生成的拟真模拟评论"
"fashion-jeans-xiaohongshu-4","fashion-jeans","高腰直筒复古水洗牛仔裤 小红书商城 618 活动款","服装","牛仔裤","小红书商城 · Denim Lab 小红书精选品牌店","fashion-jeans-xiaohongshu-4-12","4","positive","体验","实物和页面描述基本一致，整体满意。","近 19 天","基于商品字段生成的拟真模拟评论"
"fashion-jeans-xiaohongshu-4","fashion-jeans","高腰直筒复古水洗牛仔裤 小红书商城 618 活动款","服装","牛仔裤","小红书商城 · Denim Lab 小红书精选品牌店","fashion-jeans-xiaohongshu-4-13","5","positive","价格","活动价入手比较划算，性价比可以。","近 22 天","基于商品字段生成的拟真模拟评论"
"fashion-jeans-xiaohongshu-4","fashion-jeans","高腰直筒复古水洗牛仔裤 小红书商城 618 活动款","服装","牛仔裤","小红书商城 · Denim Lab 小红书精选品牌店","fashion-jeans-xiaohongshu-4-14","4","positive","版型材质","版型和详情页描述基本一致，面料上身质感也不错。","近 82 天","基于商品字段生成的拟真模拟评论"
"fashion-jeans-xiaohongshu-4","fashion-jeans","高腰直筒复古水洗牛仔裤 小红书商城 618 活动款","服装","牛仔裤","小红书商城 · Denim Lab 小红书精选品牌店","fashion-jeans-xiaohongshu-4-15","4","positive","履约服务","小红书商城发货信息清楚，预计 3 天送达。","近 67 天","基于商品字段生成的拟真模拟评论"
"fashion-jeans-xiaohongshu-4","fashion-jeans","高腰直筒复古水洗牛仔裤 小红书商城 618 活动款","服装","牛仔裤","小红书商城 · Denim Lab 小红书精选品牌店","fashion-jeans-xiaohongshu-4-16","3","negative","售后规则","退换仍需按“未拆封支持 7 天退货”执行，拆封或使用前要先确认条件。","近 86 天","基于商品字段生成的拟真模拟评论"
"fashion-jeans-xiaohongshu-4","fashion-jeans","高腰直筒复古水洗牛仔裤 小红书商城 618 活动款","服装","牛仔裤","小红书商城 · Denim Lab 小红书精选品牌店","fashion-jeans-xiaohongshu-4-17","2","negative","细节","客服解释比较慢，急用要提前确认。","近 5 天","基于商品字段生成的拟真模拟评论"
"fashion-jeans-xiaohongshu-4","fashion-jeans","高腰直筒复古水洗牛仔裤 小红书商城 618 活动款","服装","牛仔裤","小红书商城 · Denim Lab 小红书精选品牌店","fashion-jeans-xiaohongshu-4-18","5","positive","体验","发货速度快，包装也比较完整。","近 63 天","基于商品字段生成的拟真模拟评论"
"fashion-jeans-xiaohongshu-4","fashion-jeans","高腰直筒复古水洗牛仔裤 小红书商城 618 活动款","服装","牛仔裤","小红书商城 · Denim Lab 小红书精选品牌店","fashion-jeans-xiaohongshu-4-19","5","positive","价格","券后价格比线下便宜一些。","近 68 天","基于商品字段生成的拟真模拟评论"
"fashion-jeans-xiaohongshu-4","fashion-jeans","高腰直筒复古水洗牛仔裤 小红书商城 618 活动款","服装","牛仔裤","小红书商城 · Denim Lab 小红书精选品牌店","fashion-jeans-xiaohongshu-4-20","2","negative","售后","赠品和主商品分开发货，等待时间更久。","近 29 天","基于商品字段生成的拟真模拟评论"
"fashion-jeans-xiaohongshu-4","fashion-jeans","高腰直筒复古水洗牛仔裤 小红书商城 618 活动款","服装","牛仔裤","小红书商城 · Denim Lab 小红书精选品牌店","fashion-jeans-xiaohongshu-4-21","5","positive","版型材质","颜色比较耐看，日常通勤搭配起来不费力。","近 70 天","基于商品字段生成的拟真模拟评论"
"fashion-jeans-xiaohongshu-4","fashion-jeans","高腰直筒复古水洗牛仔裤 小红书商城 618 活动款","服装","牛仔裤","小红书商城 · Denim Lab 小红书精选品牌店","fashion-jeans-xiaohongshu-4-22","5","positive","履约服务","未拆封支持 7 天退货，下单前能比较明确地判断售后成本。","近 57 天","基于商品字段生成的拟真模拟评论"
"fashion-jeans-xiaohongshu-4","fashion-jeans","高腰直筒复古水洗牛仔裤 小红书商城 618 活动款","服装","牛仔裤","小红书商城 · Denim Lab 小红书精选品牌店","fashion-jeans-xiaohongshu-4-23","3","negative","尺码色差","不同光线下颜色会有差异，面料也需要按洗护说明处理。","近 66 天","基于商品字段生成的拟真模拟评论"
"fashion-jeans-xiaohongshu-4","fashion-jeans","高腰直筒复古水洗牛仔裤 小红书商城 618 活动款","服装","牛仔裤","小红书商城 · Denim Lab 小红书精选品牌店","fashion-jeans-xiaohongshu-4-24","4","positive","体验","实物和页面描述基本一致，整体满意。","近 63 天","基于商品字段生成的拟真模拟评论"
"fashion-jeans-taobao-1","fashion-jeans","高腰直筒复古水洗牛仔裤 淘宝 618 活动款","服装","牛仔裤","淘宝 · Denim Lab 品牌授权专卖店","fashion-jeans-taobao-1-1","5","positive","体验","实物和页面描述基本一致，整体满意。","近 29 天","基于商品字段生成的拟真模拟评论"
"fashion-jeans-taobao-1","fashion-jeans","高腰直筒复古水洗牛仔裤 淘宝 618 活动款","服装","牛仔裤","淘宝 · Denim Lab 品牌授权专卖店","fashion-jeans-taobao-1-2","5","positive","价格","活动价入手比较划算，性价比可以。","近 82 天","基于商品字段生成的拟真模拟评论"
"fashion-jeans-taobao-1","fashion-jeans","高腰直筒复古水洗牛仔裤 淘宝 618 活动款","服装","牛仔裤","淘宝 · Denim Lab 品牌授权专卖店","fashion-jeans-taobao-1-3","5","positive","版型材质","版型和详情页描述基本一致，面料上身质感也不错。","近 64 天","基于商品字段生成的拟真模拟评论"
"fashion-jeans-taobao-1","fashion-jeans","高腰直筒复古水洗牛仔裤 淘宝 618 活动款","服装","牛仔裤","淘宝 · Denim Lab 品牌授权专卖店","fashion-jeans-taobao-1-4","5","positive","履约服务","淘宝发货信息清楚，预计 2-4 天送达。","近 14 天","基于商品字段生成的拟真模拟评论"
"fashion-jeans-taobao-1","fashion-jeans","高腰直筒复古水洗牛仔裤 淘宝 618 活动款","服装","牛仔裤","淘宝 · Denim Lab 品牌授权专卖店","fashion-jeans-taobao-1-5","3","negative","细节","部分细节和预期有差距，下单前要看清规格。","近 11 天","基于商品字段生成的拟真模拟评论"
"fashion-jeans-taobao-1","fashion-jeans","高腰直筒复古水洗牛仔裤 淘宝 618 活动款","服装","牛仔裤","淘宝 · Denim Lab 品牌授权专卖店","fashion-jeans-taobao-1-6","4","positive","体验","发货速度快，包装也比较完整。","近 23 天","基于商品字段生成的拟真模拟评论"
"fashion-jeans-taobao-1","fashion-jeans","高腰直筒复古水洗牛仔裤 淘宝 618 活动款","服装","牛仔裤","淘宝 · Denim Lab 品牌授权专卖店","fashion-jeans-taobao-1-7","3","negative","售后","退换流程需要按平台规则走，不算特别快。","近 59 天","基于商品字段生成的拟真模拟评论"
"fashion-jeans-taobao-1","fashion-jeans","高腰直筒复古水洗牛仔裤 淘宝 618 活动款","服装","牛仔裤","淘宝 · Denim Lab 品牌授权专卖店","fashion-jeans-taobao-1-8","5","positive","价格","券后价格比线下便宜一些。","近 54 天","基于商品字段生成的拟真模拟评论"
"fashion-jeans-taobao-1","fashion-jeans","高腰直筒复古水洗牛仔裤 淘宝 618 活动款","服装","牛仔裤","淘宝 · Denim Lab 品牌授权专卖店","fashion-jeans-taobao-1-9","5","positive","版型材质","颜色比较耐看，日常通勤搭配起来不费力。","近 78 天","基于商品字段生成的拟真模拟评论"
"fashion-jeans-taobao-1","fashion-jeans","高腰直筒复古水洗牛仔裤 淘宝 618 活动款","服装","牛仔裤","淘宝 · Denim Lab 品牌授权专卖店","fashion-jeans-taobao-1-10","5","positive","履约服务","7 天无理由，需保持吊牌，下单前能比较明确地判断售后成本。","近 18 天","基于商品字段生成的拟真模拟评论"
"fashion-jeans-taobao-1","fashion-jeans","高腰直筒复古水洗牛仔裤 淘宝 618 活动款","服装","牛仔裤","淘宝 · Denim Lab 品牌授权专卖店","fashion-jeans-taobao-1-11","5","positive","体验","实物和页面描述基本一致，整体满意。","近 33 天","基于商品字段生成的拟真模拟评论"
"fashion-jeans-taobao-1","fashion-jeans","高腰直筒复古水洗牛仔裤 淘宝 618 活动款","服装","牛仔裤","淘宝 · Denim Lab 品牌授权专卖店","fashion-jeans-taobao-1-12","5","positive","价格","活动价入手比较划算，性价比可以。","近 46 天","基于商品字段生成的拟真模拟评论"
"fashion-jeans-taobao-1","fashion-jeans","高腰直筒复古水洗牛仔裤 淘宝 618 活动款","服装","牛仔裤","淘宝 · Denim Lab 品牌授权专卖店","fashion-jeans-taobao-1-13","5","positive","版型材质","版型和详情页描述基本一致，面料上身质感也不错。","近 26 天","基于商品字段生成的拟真模拟评论"
"fashion-jeans-taobao-1","fashion-jeans","高腰直筒复古水洗牛仔裤 淘宝 618 活动款","服装","牛仔裤","淘宝 · Denim Lab 品牌授权专卖店","fashion-jeans-taobao-1-14","5","positive","履约服务","淘宝发货信息清楚，预计 2-4 天送达。","近 77 天","基于商品字段生成的拟真模拟评论"
"fashion-jeans-taobao-1","fashion-jeans","高腰直筒复古水洗牛仔裤 淘宝 618 活动款","服装","牛仔裤","淘宝 · Denim Lab 品牌授权专卖店","fashion-jeans-taobao-1-15","2","negative","尺码色差","尺码受身材和穿着习惯影响，建议先核对尺寸表。","近 18 天","基于商品字段生成的拟真模拟评论"
"fashion-jeans-taobao-1","fashion-jeans","高腰直筒复古水洗牛仔裤 淘宝 618 活动款","服装","牛仔裤","淘宝 · Denim Lab 品牌授权专卖店","fashion-jeans-taobao-1-16","5","positive","体验","发货速度快，包装也比较完整。","近 39 天","基于商品字段生成的拟真模拟评论"
"fashion-jeans-taobao-1","fashion-jeans","高腰直筒复古水洗牛仔裤 淘宝 618 活动款","服装","牛仔裤","淘宝 · Denim Lab 品牌授权专卖店","fashion-jeans-taobao-1-17","5","positive","价格","券后价格比线下便宜一些。","近 88 天","基于商品字段生成的拟真模拟评论"
"fashion-jeans-taobao-1","fashion-jeans","高腰直筒复古水洗牛仔裤 淘宝 618 活动款","服装","牛仔裤","淘宝 · Denim Lab 品牌授权专卖店","fashion-jeans-taobao-1-18","5","positive","版型材质","颜色比较耐看，日常通勤搭配起来不费力。","近 62 天","基于商品字段生成的拟真模拟评论"
"fashion-jeans-taobao-1","fashion-jeans","高腰直筒复古水洗牛仔裤 淘宝 618 活动款","服装","牛仔裤","淘宝 · Denim Lab 品牌授权专卖店","fashion-jeans-taobao-1-19","3","negative","售后规则","退换仍需按“7 天无理由，需保持吊牌”执行，拆封或使用前要先确认条件。","近 67 天","基于商品字段生成的拟真模拟评论"
"fashion-jeans-taobao-1","fashion-jeans","高腰直筒复古水洗牛仔裤 淘宝 618 活动款","服装","牛仔裤","淘宝 · Denim Lab 品牌授权专卖店","fashion-jeans-taobao-1-20","5","positive","履约服务","7 天无理由，需保持吊牌，下单前能比较明确地判断售后成本。","近 65 天","基于商品字段生成的拟真模拟评论"
"fashion-jeans-taobao-1","fashion-jeans","高腰直筒复古水洗牛仔裤 淘宝 618 活动款","服装","牛仔裤","淘宝 · Denim Lab 品牌授权专卖店","fashion-jeans-taobao-1-21","4","positive","体验","实物和页面描述基本一致，整体满意。","近 58 天","基于商品字段生成的拟真模拟评论"
"fashion-jeans-taobao-1","fashion-jeans","高腰直筒复古水洗牛仔裤 淘宝 618 活动款","服装","牛仔裤","淘宝 · Denim Lab 品牌授权专卖店","fashion-jeans-taobao-1-22","5","positive","价格","活动价入手比较划算，性价比可以。","近 3 天","基于商品字段生成的拟真模拟评论"
"fashion-jeans-taobao-1","fashion-jeans","高腰直筒复古水洗牛仔裤 淘宝 618 活动款","服装","牛仔裤","淘宝 · Denim Lab 品牌授权专卖店","fashion-jeans-taobao-1-23","4","positive","版型材质","版型和详情页描述基本一致，面料上身质感也不错。","近 29 天","基于商品字段生成的拟真模拟评论"
"fashion-jeans-taobao-1","fashion-jeans","高腰直筒复古水洗牛仔裤 淘宝 618 活动款","服装","牛仔裤","淘宝 · Denim Lab 品牌授权专卖店","fashion-jeans-taobao-1-24","5","positive","履约服务","淘宝发货信息清楚，预计 2-4 天送达。","近 10 天","基于商品字段生成的拟真模拟评论"
"fashion-suncoat-vip-3","fashion-suncoat","轻薄冰感 UPF100+ 防晒衣 唯品会 618 活动款","服装","防晒衣","唯品会 · Beneunder 蕉下 唯品会品牌特卖","fashion-suncoat-vip-3-1","2","negative","细节","部分细节和预期有差距，下单前要看清规格。","近 46 天","基于商品字段生成的拟真模拟评论"
"fashion-suncoat-vip-3","fashion-suncoat","轻薄冰感 UPF100+ 防晒衣 唯品会 618 活动款","服装","防晒衣","唯品会 · Beneunder 蕉下 唯品会品牌特卖","fashion-suncoat-vip-3-2","2","negative","售后","退换流程需要按平台规则走，不算特别快。","近 76 天","基于商品字段生成的拟真模拟评论"
"fashion-suncoat-vip-3","fashion-suncoat","轻薄冰感 UPF100+ 防晒衣 唯品会 618 活动款","服装","防晒衣","唯品会 · Beneunder 蕉下 唯品会品牌特卖","fashion-suncoat-vip-3-3","2","negative","尺码色差","尺码受身材和穿着习惯影响，建议先核对尺寸表。","近 50 天","基于商品字段生成的拟真模拟评论"
"fashion-suncoat-vip-3","fashion-suncoat","轻薄冰感 UPF100+ 防晒衣 唯品会 618 活动款","服装","防晒衣","唯品会 · Beneunder 蕉下 唯品会品牌特卖","fashion-suncoat-vip-3-4","5","positive","体验","实物和页面描述基本一致，整体满意。","近 5 天","基于商品字段生成的拟真模拟评论"
"fashion-suncoat-vip-3","fashion-suncoat","轻薄冰感 UPF100+ 防晒衣 唯品会 618 活动款","服装","防晒衣","唯品会 · Beneunder 蕉下 唯品会品牌特卖","fashion-suncoat-vip-3-5","5","positive","价格","活动价入手比较划算，性价比可以。","近 78 天","基于商品字段生成的拟真模拟评论"
"fashion-suncoat-vip-3","fashion-suncoat","轻薄冰感 UPF100+ 防晒衣 唯品会 618 活动款","服装","防晒衣","唯品会 · Beneunder 蕉下 唯品会品牌特卖","fashion-suncoat-vip-3-6","2","negative","售后规则","退换仍需按“7 天无理由，支持退货运费险”执行，拆封或使用前要先确认条件。","近 59 天","基于商品字段生成的拟真模拟评论"
"fashion-suncoat-vip-3","fashion-suncoat","轻薄冰感 UPF100+ 防晒衣 唯品会 618 活动款","服装","防晒衣","唯品会 · Beneunder 蕉下 唯品会品牌特卖","fashion-suncoat-vip-3-7","5","positive","版型材质","版型和详情页描述基本一致，面料上身质感也不错。","近 47 天","基于商品字段生成的拟真模拟评论"
"fashion-suncoat-vip-3","fashion-suncoat","轻薄冰感 UPF100+ 防晒衣 唯品会 618 活动款","服装","防晒衣","唯品会 · Beneunder 蕉下 唯品会品牌特卖","fashion-suncoat-vip-3-8","5","positive","履约服务","唯品会发货信息清楚，预计 2 天送达。","近 55 天","基于商品字段生成的拟真模拟评论"
"fashion-suncoat-vip-3","fashion-suncoat","轻薄冰感 UPF100+ 防晒衣 唯品会 618 活动款","服装","防晒衣","唯品会 · Beneunder 蕉下 唯品会品牌特卖","fashion-suncoat-vip-3-9","5","positive","体验","发货速度快，包装也比较完整。","近 46 天","基于商品字段生成的拟真模拟评论"
"fashion-suncoat-vip-3","fashion-suncoat","轻薄冰感 UPF100+ 防晒衣 唯品会 618 活动款","服装","防晒衣","唯品会 · Beneunder 蕉下 唯品会品牌特卖","fashion-suncoat-vip-3-10","5","positive","价格","券后价格比线下便宜一些。","近 36 天","基于商品字段生成的拟真模拟评论"
"fashion-suncoat-vip-3","fashion-suncoat","轻薄冰感 UPF100+ 防晒衣 唯品会 618 活动款","服装","防晒衣","唯品会 · Beneunder 蕉下 唯品会品牌特卖","fashion-suncoat-vip-3-11","5","positive","版型材质","颜色比较耐看，日常通勤搭配起来不费力。","近 34 天","基于商品字段生成的拟真模拟评论"
"fashion-suncoat-vip-3","fashion-suncoat","轻薄冰感 UPF100+ 防晒衣 唯品会 618 活动款","服装","防晒衣","唯品会 · Beneunder 蕉下 唯品会品牌特卖","fashion-suncoat-vip-3-12","5","positive","履约服务","7 天无理由，支持退货运费险，下单前能比较明确地判断售后成本。","近 39 天","基于商品字段生成的拟真模拟评论"
"fashion-suncoat-vip-3","fashion-suncoat","轻薄冰感 UPF100+ 防晒衣 唯品会 618 活动款","服装","防晒衣","唯品会 · Beneunder 蕉下 唯品会品牌特卖","fashion-suncoat-vip-3-13","4","positive","体验","实物和页面描述基本一致，整体满意。","近 34 天","基于商品字段生成的拟真模拟评论"
"fashion-suncoat-vip-3","fashion-suncoat","轻薄冰感 UPF100+ 防晒衣 唯品会 618 活动款","服装","防晒衣","唯品会 · Beneunder 蕉下 唯品会品牌特卖","fashion-suncoat-vip-3-14","5","positive","价格","活动价入手比较划算，性价比可以。","近 30 天","基于商品字段生成的拟真模拟评论"
"fashion-suncoat-vip-3","fashion-suncoat","轻薄冰感 UPF100+ 防晒衣 唯品会 618 活动款","服装","防晒衣","唯品会 · Beneunder 蕉下 唯品会品牌特卖","fashion-suncoat-vip-3-15","5","positive","版型材质","版型和详情页描述基本一致，面料上身质感也不错。","近 65 天","基于商品字段生成的拟真模拟评论"
"fashion-suncoat-vip-3","fashion-suncoat","轻薄冰感 UPF100+ 防晒衣 唯品会 618 活动款","服装","防晒衣","唯品会 · Beneunder 蕉下 唯品会品牌特卖","fashion-suncoat-vip-3-16","4","positive","履约服务","唯品会发货信息清楚，预计 2 天送达。","近 44 天","基于商品字段生成的拟真模拟评论"
"fashion-suncoat-vip-3","fashion-suncoat","轻薄冰感 UPF100+ 防晒衣 唯品会 618 活动款","服装","防晒衣","唯品会 · Beneunder 蕉下 唯品会品牌特卖","fashion-suncoat-vip-3-17","5","positive","体验","发货速度快，包装也比较完整。","近 45 天","基于商品字段生成的拟真模拟评论"
"fashion-suncoat-vip-3","fashion-suncoat","轻薄冰感 UPF100+ 防晒衣 唯品会 618 活动款","服装","防晒衣","唯品会 · Beneunder 蕉下 唯品会品牌特卖","fashion-suncoat-vip-3-18","5","positive","价格","券后价格比线下便宜一些。","近 37 天","基于商品字段生成的拟真模拟评论"
"fashion-suncoat-vip-3","fashion-suncoat","轻薄冰感 UPF100+ 防晒衣 唯品会 618 活动款","服装","防晒衣","唯品会 · Beneunder 蕉下 唯品会品牌特卖","fashion-suncoat-vip-3-19","5","positive","版型材质","颜色比较耐看，日常通勤搭配起来不费力。","近 57 天","基于商品字段生成的拟真模拟评论"
"fashion-suncoat-vip-3","fashion-suncoat","轻薄冰感 UPF100+ 防晒衣 唯品会 618 活动款","服装","防晒衣","唯品会 · Beneunder 蕉下 唯品会品牌特卖","fashion-suncoat-vip-3-20","4","positive","履约服务","7 天无理由，支持退货运费险，下单前能比较明确地判断售后成本。","近 53 天","基于商品字段生成的拟真模拟评论"
"fashion-suncoat-vip-3","fashion-suncoat","轻薄冰感 UPF100+ 防晒衣 唯品会 618 活动款","服装","防晒衣","唯品会 · Beneunder 蕉下 唯品会品牌特卖","fashion-suncoat-vip-3-21","5","positive","体验","实物和页面描述基本一致，整体满意。","近 44 天","基于商品字段生成的拟真模拟评论"
"fashion-suncoat-vip-3","fashion-suncoat","轻薄冰感 UPF100+ 防晒衣 唯品会 618 活动款","服装","防晒衣","唯品会 · Beneunder 蕉下 唯品会品牌特卖","fashion-suncoat-vip-3-22","5","positive","价格","活动价入手比较划算，性价比可以。","近 38 天","基于商品字段生成的拟真模拟评论"
"fashion-suncoat-vip-3","fashion-suncoat","轻薄冰感 UPF100+ 防晒衣 唯品会 618 活动款","服装","防晒衣","唯品会 · Beneunder 蕉下 唯品会品牌特卖","fashion-suncoat-vip-3-23","4","positive","版型材质","版型和详情页描述基本一致，面料上身质感也不错。","近 70 天","基于商品字段生成的拟真模拟评论"
"fashion-suncoat-vip-3","fashion-suncoat","轻薄冰感 UPF100+ 防晒衣 唯品会 618 活动款","服装","防晒衣","唯品会 · Beneunder 蕉下 唯品会品牌特卖","fashion-suncoat-vip-3-24","5","positive","履约服务","唯品会发货信息清楚，预计 2 天送达。","近 4 天","基于商品字段生成的拟真模拟评论"
"fashion-suncoat-douyin-5","fashion-suncoat","轻薄冰感 UPF100+ 防晒衣 抖音商城 618 活动款","服装","防晒衣","抖音商城 · Beneunder 蕉下 品牌直播旗舰店","fashion-suncoat-douyin-5-1","5","positive","体验","实物和页面描述基本一致，整体满意。","近 42 天","基于商品字段生成的拟真模拟评论"
"fashion-suncoat-douyin-5","fashion-suncoat","轻薄冰感 UPF100+ 防晒衣 抖音商城 618 活动款","服装","防晒衣","抖音商城 · Beneunder 蕉下 品牌直播旗舰店","fashion-suncoat-douyin-5-2","5","positive","价格","活动价入手比较划算，性价比可以。","近 57 天","基于商品字段生成的拟真模拟评论"
"fashion-suncoat-douyin-5","fashion-suncoat","轻薄冰感 UPF100+ 防晒衣 抖音商城 618 活动款","服装","防晒衣","抖音商城 · Beneunder 蕉下 品牌直播旗舰店","fashion-suncoat-douyin-5-3","5","positive","版型材质","版型和详情页描述基本一致，面料上身质感也不错。","近 10 天","基于商品字段生成的拟真模拟评论"
"fashion-suncoat-douyin-5","fashion-suncoat","轻薄冰感 UPF100+ 防晒衣 抖音商城 618 活动款","服装","防晒衣","抖音商城 · Beneunder 蕉下 品牌直播旗舰店","fashion-suncoat-douyin-5-4","5","positive","履约服务","抖音商城发货信息清楚，预计 2-4 天送达。","近 27 天","基于商品字段生成的拟真模拟评论"
"fashion-suncoat-douyin-5","fashion-suncoat","轻薄冰感 UPF100+ 防晒衣 抖音商城 618 活动款","服装","防晒衣","抖音商城 · Beneunder 蕉下 品牌直播旗舰店","fashion-suncoat-douyin-5-5","4","positive","体验","发货速度快，包装也比较完整。","近 11 天","基于商品字段生成的拟真模拟评论"
"fashion-suncoat-douyin-5","fashion-suncoat","轻薄冰感 UPF100+ 防晒衣 抖音商城 618 活动款","服装","防晒衣","抖音商城 · Beneunder 蕉下 品牌直播旗舰店","fashion-suncoat-douyin-5-6","5","positive","价格","券后价格比线下便宜一些。","近 40 天","基于商品字段生成的拟真模拟评论"
"fashion-suncoat-douyin-5","fashion-suncoat","轻薄冰感 UPF100+ 防晒衣 抖音商城 618 活动款","服装","防晒衣","抖音商城 · Beneunder 蕉下 品牌直播旗舰店","fashion-suncoat-douyin-5-7","5","positive","版型材质","颜色比较耐看，日常通勤搭配起来不费力。","近 67 天","基于商品字段生成的拟真模拟评论"
"fashion-suncoat-douyin-5","fashion-suncoat","轻薄冰感 UPF100+ 防晒衣 抖音商城 618 活动款","服装","防晒衣","抖音商城 · Beneunder 蕉下 品牌直播旗舰店","fashion-suncoat-douyin-5-8","3","negative","细节","部分细节和预期有差距，下单前要看清规格。","近 66 天","基于商品字段生成的拟真模拟评论"
"fashion-suncoat-douyin-5","fashion-suncoat","轻薄冰感 UPF100+ 防晒衣 抖音商城 618 活动款","服装","防晒衣","抖音商城 · Beneunder 蕉下 品牌直播旗舰店","fashion-suncoat-douyin-5-9","5","positive","履约服务","7 天无理由，直播赠品需一并退回，下单前能比较明确地判断售后成本。","近 54 天","基于商品字段生成的拟真模拟评论"
"fashion-suncoat-douyin-5","fashion-suncoat","轻薄冰感 UPF100+ 防晒衣 抖音商城 618 活动款","服装","防晒衣","抖音商城 · Beneunder 蕉下 品牌直播旗舰店","fashion-suncoat-douyin-5-10","5","positive","体验","实物和页面描述基本一致，整体满意。","近 10 天","基于商品字段生成的拟真模拟评论"
"fashion-suncoat-douyin-5","fashion-suncoat","轻薄冰感 UPF100+ 防晒衣 抖音商城 618 活动款","服装","防晒衣","抖音商城 · Beneunder 蕉下 品牌直播旗舰店","fashion-suncoat-douyin-5-11","5","positive","价格","活动价入手比较划算，性价比可以。","近 34 天","基于商品字段生成的拟真模拟评论"
"fashion-suncoat-douyin-5","fashion-suncoat","轻薄冰感 UPF100+ 防晒衣 抖音商城 618 活动款","服装","防晒衣","抖音商城 · Beneunder 蕉下 品牌直播旗舰店","fashion-suncoat-douyin-5-12","2","negative","售后","退换流程需要按平台规则走，不算特别快。","近 29 天","基于商品字段生成的拟真模拟评论"
"fashion-suncoat-douyin-5","fashion-suncoat","轻薄冰感 UPF100+ 防晒衣 抖音商城 618 活动款","服装","防晒衣","抖音商城 · Beneunder 蕉下 品牌直播旗舰店","fashion-suncoat-douyin-5-13","2","negative","尺码色差","尺码受身材和穿着习惯影响，建议先核对尺寸表。","近 9 天","基于商品字段生成的拟真模拟评论"
"fashion-suncoat-douyin-5","fashion-suncoat","轻薄冰感 UPF100+ 防晒衣 抖音商城 618 活动款","服装","防晒衣","抖音商城 · Beneunder 蕉下 品牌直播旗舰店","fashion-suncoat-douyin-5-14","4","positive","版型材质","版型和详情页描述基本一致，面料上身质感也不错。","近 34 天","基于商品字段生成的拟真模拟评论"
"fashion-suncoat-douyin-5","fashion-suncoat","轻薄冰感 UPF100+ 防晒衣 抖音商城 618 活动款","服装","防晒衣","抖音商城 · Beneunder 蕉下 品牌直播旗舰店","fashion-suncoat-douyin-5-15","4","positive","履约服务","抖音商城发货信息清楚，预计 2-4 天送达。","近 37 天","基于商品字段生成的拟真模拟评论"
"fashion-suncoat-douyin-5","fashion-suncoat","轻薄冰感 UPF100+ 防晒衣 抖音商城 618 活动款","服装","防晒衣","抖音商城 · Beneunder 蕉下 品牌直播旗舰店","fashion-suncoat-douyin-5-16","5","positive","体验","发货速度快，包装也比较完整。","近 86 天","基于商品字段生成的拟真模拟评论"
"fashion-suncoat-douyin-5","fashion-suncoat","轻薄冰感 UPF100+ 防晒衣 抖音商城 618 活动款","服装","防晒衣","抖音商城 · Beneunder 蕉下 品牌直播旗舰店","fashion-suncoat-douyin-5-17","3","negative","售后规则","退换仍需按“7 天无理由，直播赠品需一并退回”执行，拆封或使用前要先确认条件。","近 5 天","基于商品字段生成的拟真模拟评论"
"fashion-suncoat-douyin-5","fashion-suncoat","轻薄冰感 UPF100+ 防晒衣 抖音商城 618 活动款","服装","防晒衣","抖音商城 · Beneunder 蕉下 品牌直播旗舰店","fashion-suncoat-douyin-5-18","5","positive","价格","券后价格比线下便宜一些。","近 79 天","基于商品字段生成的拟真模拟评论"
"fashion-suncoat-douyin-5","fashion-suncoat","轻薄冰感 UPF100+ 防晒衣 抖音商城 618 活动款","服装","防晒衣","抖音商城 · Beneunder 蕉下 品牌直播旗舰店","fashion-suncoat-douyin-5-19","5","positive","版型材质","颜色比较耐看，日常通勤搭配起来不费力。","近 74 天","基于商品字段生成的拟真模拟评论"
"fashion-suncoat-douyin-5","fashion-suncoat","轻薄冰感 UPF100+ 防晒衣 抖音商城 618 活动款","服装","防晒衣","抖音商城 · Beneunder 蕉下 品牌直播旗舰店","fashion-suncoat-douyin-5-20","5","positive","履约服务","7 天无理由，直播赠品需一并退回，下单前能比较明确地判断售后成本。","近 44 天","基于商品字段生成的拟真模拟评论"
"fashion-suncoat-douyin-5","fashion-suncoat","轻薄冰感 UPF100+ 防晒衣 抖音商城 618 活动款","服装","防晒衣","抖音商城 · Beneunder 蕉下 品牌直播旗舰店","fashion-suncoat-douyin-5-21","4","positive","体验","实物和页面描述基本一致，整体满意。","近 80 天","基于商品字段生成的拟真模拟评论"
"fashion-suncoat-douyin-5","fashion-suncoat","轻薄冰感 UPF100+ 防晒衣 抖音商城 618 活动款","服装","防晒衣","抖音商城 · Beneunder 蕉下 品牌直播旗舰店","fashion-suncoat-douyin-5-22","4","positive","价格","活动价入手比较划算，性价比可以。","近 53 天","基于商品字段生成的拟真模拟评论"
"fashion-suncoat-douyin-5","fashion-suncoat","轻薄冰感 UPF100+ 防晒衣 抖音商城 618 活动款","服装","防晒衣","抖音商城 · Beneunder 蕉下 品牌直播旗舰店","fashion-suncoat-douyin-5-23","5","positive","版型材质","版型和详情页描述基本一致，面料上身质感也不错。","近 40 天","基于商品字段生成的拟真模拟评论"
"fashion-suncoat-douyin-5","fashion-suncoat","轻薄冰感 UPF100+ 防晒衣 抖音商城 618 活动款","服装","防晒衣","抖音商城 · Beneunder 蕉下 品牌直播旗舰店","fashion-suncoat-douyin-5-24","5","positive","履约服务","抖音商城发货信息清楚，预计 2-4 天送达。","近 2 天","基于商品字段生成的拟真模拟评论"
"fashion-suncoat-taobao-1","fashion-suncoat","轻薄冰感 UPF100+ 防晒衣 淘宝 618 活动款","服装","防晒衣","淘宝 · Beneunder 蕉下 品牌授权专卖店","fashion-suncoat-taobao-1-1","5","positive","体验","实物和页面描述基本一致，整体满意。","近 42 天","基于商品字段生成的拟真模拟评论"
"fashion-suncoat-taobao-1","fashion-suncoat","轻薄冰感 UPF100+ 防晒衣 淘宝 618 活动款","服装","防晒衣","淘宝 · Beneunder 蕉下 品牌授权专卖店","fashion-suncoat-taobao-1-2","5","positive","价格","活动价入手比较划算，性价比可以。","近 48 天","基于商品字段生成的拟真模拟评论"
"fashion-suncoat-taobao-1","fashion-suncoat","轻薄冰感 UPF100+ 防晒衣 淘宝 618 活动款","服装","防晒衣","淘宝 · Beneunder 蕉下 品牌授权专卖店","fashion-suncoat-taobao-1-3","3","negative","细节","部分细节和预期有差距，下单前要看清规格。","近 43 天","基于商品字段生成的拟真模拟评论"
"fashion-suncoat-taobao-1","fashion-suncoat","轻薄冰感 UPF100+ 防晒衣 淘宝 618 活动款","服装","防晒衣","淘宝 · Beneunder 蕉下 品牌授权专卖店","fashion-suncoat-taobao-1-4","4","positive","版型材质","版型和详情页描述基本一致，面料上身质感也不错。","近 44 天","基于商品字段生成的拟真模拟评论"
"fashion-suncoat-taobao-1","fashion-suncoat","轻薄冰感 UPF100+ 防晒衣 淘宝 618 活动款","服装","防晒衣","淘宝 · Beneunder 蕉下 品牌授权专卖店","fashion-suncoat-taobao-1-5","4","positive","履约服务","淘宝发货信息清楚，预计 2-4 天送达。","近 20 天","基于商品字段生成的拟真模拟评论"
"fashion-suncoat-taobao-1","fashion-suncoat","轻薄冰感 UPF100+ 防晒衣 淘宝 618 活动款","服装","防晒衣","淘宝 · Beneunder 蕉下 品牌授权专卖店","fashion-suncoat-taobao-1-6","3","negative","售后","退换流程需要按平台规则走，不算特别快。","近 16 天","基于商品字段生成的拟真模拟评论"
"fashion-suncoat-taobao-1","fashion-suncoat","轻薄冰感 UPF100+ 防晒衣 淘宝 618 活动款","服装","防晒衣","淘宝 · Beneunder 蕉下 品牌授权专卖店","fashion-suncoat-taobao-1-7","5","positive","体验","发货速度快，包装也比较完整。","近 10 天","基于商品字段生成的拟真模拟评论"
"fashion-suncoat-taobao-1","fashion-suncoat","轻薄冰感 UPF100+ 防晒衣 淘宝 618 活动款","服装","防晒衣","淘宝 · Beneunder 蕉下 品牌授权专卖店","fashion-suncoat-taobao-1-8","5","positive","价格","券后价格比线下便宜一些。","近 85 天","基于商品字段生成的拟真模拟评论"
"fashion-suncoat-taobao-1","fashion-suncoat","轻薄冰感 UPF100+ 防晒衣 淘宝 618 活动款","服装","防晒衣","淘宝 · Beneunder 蕉下 品牌授权专卖店","fashion-suncoat-taobao-1-9","5","positive","版型材质","颜色比较耐看，日常通勤搭配起来不费力。","近 84 天","基于商品字段生成的拟真模拟评论"
"fashion-suncoat-taobao-1","fashion-suncoat","轻薄冰感 UPF100+ 防晒衣 淘宝 618 活动款","服装","防晒衣","淘宝 · Beneunder 蕉下 品牌授权专卖店","fashion-suncoat-taobao-1-10","5","positive","履约服务","7 天无理由，需保持吊牌，下单前能比较明确地判断售后成本。","近 15 天","基于商品字段生成的拟真模拟评论"
"fashion-suncoat-taobao-1","fashion-suncoat","轻薄冰感 UPF100+ 防晒衣 淘宝 618 活动款","服装","防晒衣","淘宝 · Beneunder 蕉下 品牌授权专卖店","fashion-suncoat-taobao-1-11","5","positive","体验","实物和页面描述基本一致，整体满意。","近 19 天","基于商品字段生成的拟真模拟评论"
"fashion-suncoat-taobao-1","fashion-suncoat","轻薄冰感 UPF100+ 防晒衣 淘宝 618 活动款","服装","防晒衣","淘宝 · Beneunder 蕉下 品牌授权专卖店","fashion-suncoat-taobao-1-12","4","positive","价格","活动价入手比较划算，性价比可以。","近 42 天","基于商品字段生成的拟真模拟评论"
"fashion-suncoat-taobao-1","fashion-suncoat","轻薄冰感 UPF100+ 防晒衣 淘宝 618 活动款","服装","防晒衣","淘宝 · Beneunder 蕉下 品牌授权专卖店","fashion-suncoat-taobao-1-13","5","positive","版型材质","版型和详情页描述基本一致，面料上身质感也不错。","近 75 天","基于商品字段生成的拟真模拟评论"
"fashion-suncoat-taobao-1","fashion-suncoat","轻薄冰感 UPF100+ 防晒衣 淘宝 618 活动款","服装","防晒衣","淘宝 · Beneunder 蕉下 品牌授权专卖店","fashion-suncoat-taobao-1-14","4","positive","履约服务","淘宝发货信息清楚，预计 2-4 天送达。","近 32 天","基于商品字段生成的拟真模拟评论"
"fashion-suncoat-taobao-1","fashion-suncoat","轻薄冰感 UPF100+ 防晒衣 淘宝 618 活动款","服装","防晒衣","淘宝 · Beneunder 蕉下 品牌授权专卖店","fashion-suncoat-taobao-1-15","4","positive","体验","发货速度快，包装也比较完整。","近 58 天","基于商品字段生成的拟真模拟评论"
"fashion-suncoat-taobao-1","fashion-suncoat","轻薄冰感 UPF100+ 防晒衣 淘宝 618 活动款","服装","防晒衣","淘宝 · Beneunder 蕉下 品牌授权专卖店","fashion-suncoat-taobao-1-16","5","positive","价格","券后价格比线下便宜一些。","近 63 天","基于商品字段生成的拟真模拟评论"
"fashion-suncoat-taobao-1","fashion-suncoat","轻薄冰感 UPF100+ 防晒衣 淘宝 618 活动款","服装","防晒衣","淘宝 · Beneunder 蕉下 品牌授权专卖店","fashion-suncoat-taobao-1-17","5","positive","版型材质","颜色比较耐看，日常通勤搭配起来不费力。","近 9 天","基于商品字段生成的拟真模拟评论"
"fashion-suncoat-taobao-1","fashion-suncoat","轻薄冰感 UPF100+ 防晒衣 淘宝 618 活动款","服装","防晒衣","淘宝 · Beneunder 蕉下 品牌授权专卖店","fashion-suncoat-taobao-1-18","3","negative","尺码色差","尺码受身材和穿着习惯影响，建议先核对尺寸表。","近 23 天","基于商品字段生成的拟真模拟评论"
"fashion-suncoat-taobao-1","fashion-suncoat","轻薄冰感 UPF100+ 防晒衣 淘宝 618 活动款","服装","防晒衣","淘宝 · Beneunder 蕉下 品牌授权专卖店","fashion-suncoat-taobao-1-19","4","positive","履约服务","7 天无理由，需保持吊牌，下单前能比较明确地判断售后成本。","近 12 天","基于商品字段生成的拟真模拟评论"
"fashion-suncoat-taobao-1","fashion-suncoat","轻薄冰感 UPF100+ 防晒衣 淘宝 618 活动款","服装","防晒衣","淘宝 · Beneunder 蕉下 品牌授权专卖店","fashion-suncoat-taobao-1-20","4","positive","体验","实物和页面描述基本一致，整体满意。","近 15 天","基于商品字段生成的拟真模拟评论"
"fashion-suncoat-taobao-1","fashion-suncoat","轻薄冰感 UPF100+ 防晒衣 淘宝 618 活动款","服装","防晒衣","淘宝 · Beneunder 蕉下 品牌授权专卖店","fashion-suncoat-taobao-1-21","5","positive","价格","活动价入手比较划算，性价比可以。","近 17 天","基于商品字段生成的拟真模拟评论"
"fashion-suncoat-taobao-1","fashion-suncoat","轻薄冰感 UPF100+ 防晒衣 淘宝 618 活动款","服装","防晒衣","淘宝 · Beneunder 蕉下 品牌授权专卖店","fashion-suncoat-taobao-1-22","5","positive","版型材质","版型和详情页描述基本一致，面料上身质感也不错。","近 74 天","基于商品字段生成的拟真模拟评论"
"fashion-suncoat-taobao-1","fashion-suncoat","轻薄冰感 UPF100+ 防晒衣 淘宝 618 活动款","服装","防晒衣","淘宝 · Beneunder 蕉下 品牌授权专卖店","fashion-suncoat-taobao-1-23","3","negative","售后规则","退换仍需按“7 天无理由，需保持吊牌”执行，拆封或使用前要先确认条件。","近 35 天","基于商品字段生成的拟真模拟评论"
"fashion-suncoat-taobao-1","fashion-suncoat","轻薄冰感 UPF100+ 防晒衣 淘宝 618 活动款","服装","防晒衣","淘宝 · Beneunder 蕉下 品牌授权专卖店","fashion-suncoat-taobao-1-24","5","positive","履约服务","淘宝发货信息清楚，预计 2-4 天送达。","近 40 天","基于商品字段生成的拟真模拟评论"
"fashion-suncoat-taobao-2","fashion-suncoat","轻薄冰感 UPF100+ 防晒衣 天猫 618 活动款","服装","防晒衣","天猫 · Beneunder 蕉下 品牌天猫官方旗舰店","fashion-suncoat-taobao-2-1","5","positive","体验","实物和页面描述基本一致，整体满意。","近 38 天","基于商品字段生成的拟真模拟评论"
"fashion-suncoat-taobao-2","fashion-suncoat","轻薄冰感 UPF100+ 防晒衣 天猫 618 活动款","服装","防晒衣","天猫 · Beneunder 蕉下 品牌天猫官方旗舰店","fashion-suncoat-taobao-2-2","2","negative","细节","部分细节和预期有差距，下单前要看清规格。","近 84 天","基于商品字段生成的拟真模拟评论"
"fashion-suncoat-taobao-2","fashion-suncoat","轻薄冰感 UPF100+ 防晒衣 天猫 618 活动款","服装","防晒衣","天猫 · Beneunder 蕉下 品牌天猫官方旗舰店","fashion-suncoat-taobao-2-3","5","positive","价格","活动价入手比较划算，性价比可以。","近 71 天","基于商品字段生成的拟真模拟评论"
"fashion-suncoat-taobao-2","fashion-suncoat","轻薄冰感 UPF100+ 防晒衣 天猫 618 活动款","服装","防晒衣","天猫 · Beneunder 蕉下 品牌天猫官方旗舰店","fashion-suncoat-taobao-2-4","4","positive","版型材质","版型和详情页描述基本一致，面料上身质感也不错。","近 59 天","基于商品字段生成的拟真模拟评论"
"fashion-suncoat-taobao-2","fashion-suncoat","轻薄冰感 UPF100+ 防晒衣 天猫 618 活动款","服装","防晒衣","天猫 · Beneunder 蕉下 品牌天猫官方旗舰店","fashion-suncoat-taobao-2-5","5","positive","履约服务","天猫发货信息清楚，预计 2 天送达。","近 66 天","基于商品字段生成的拟真模拟评论"
"fashion-suncoat-taobao-2","fashion-suncoat","轻薄冰感 UPF100+ 防晒衣 天猫 618 活动款","服装","防晒衣","天猫 · Beneunder 蕉下 品牌天猫官方旗舰店","fashion-suncoat-taobao-2-6","3","negative","售后","退换流程需要按平台规则走，不算特别快。","近 53 天","基于商品字段生成的拟真模拟评论"
"fashion-suncoat-taobao-2","fashion-suncoat","轻薄冰感 UPF100+ 防晒衣 天猫 618 活动款","服装","防晒衣","天猫 · Beneunder 蕉下 品牌天猫官方旗舰店","fashion-suncoat-taobao-2-7","4","positive","体验","发货速度快，包装也比较完整。","近 47 天","基于商品字段生成的拟真模拟评论"
"fashion-suncoat-taobao-2","fashion-suncoat","轻薄冰感 UPF100+ 防晒衣 天猫 618 活动款","服装","防晒衣","天猫 · Beneunder 蕉下 品牌天猫官方旗舰店","fashion-suncoat-taobao-2-8","5","positive","价格","券后价格比线下便宜一些。","近 82 天","基于商品字段生成的拟真模拟评论"
"fashion-suncoat-taobao-2","fashion-suncoat","轻薄冰感 UPF100+ 防晒衣 天猫 618 活动款","服装","防晒衣","天猫 · Beneunder 蕉下 品牌天猫官方旗舰店","fashion-suncoat-taobao-2-9","5","positive","版型材质","颜色比较耐看，日常通勤搭配起来不费力。","近 80 天","基于商品字段生成的拟真模拟评论"
"fashion-suncoat-taobao-2","fashion-suncoat","轻薄冰感 UPF100+ 防晒衣 天猫 618 活动款","服装","防晒衣","天猫 · Beneunder 蕉下 品牌天猫官方旗舰店","fashion-suncoat-taobao-2-10","5","positive","履约服务","7 天无理由，退货运费险，下单前能比较明确地判断售后成本。","近 46 天","基于商品字段生成的拟真模拟评论"
"fashion-suncoat-taobao-2","fashion-suncoat","轻薄冰感 UPF100+ 防晒衣 天猫 618 活动款","服装","防晒衣","天猫 · Beneunder 蕉下 品牌天猫官方旗舰店","fashion-suncoat-taobao-2-11","4","positive","体验","实物和页面描述基本一致，整体满意。","近 37 天","基于商品字段生成的拟真模拟评论"
"fashion-suncoat-taobao-2","fashion-suncoat","轻薄冰感 UPF100+ 防晒衣 天猫 618 活动款","服装","防晒衣","天猫 · Beneunder 蕉下 品牌天猫官方旗舰店","fashion-suncoat-taobao-2-12","5","positive","价格","活动价入手比较划算，性价比可以。","近 19 天","基于商品字段生成的拟真模拟评论"
"fashion-suncoat-taobao-2","fashion-suncoat","轻薄冰感 UPF100+ 防晒衣 天猫 618 活动款","服装","防晒衣","天猫 · Beneunder 蕉下 品牌天猫官方旗舰店","fashion-suncoat-taobao-2-13","5","positive","版型材质","版型和详情页描述基本一致，面料上身质感也不错。","近 69 天","基于商品字段生成的拟真模拟评论"
"fashion-suncoat-taobao-2","fashion-suncoat","轻薄冰感 UPF100+ 防晒衣 天猫 618 活动款","服装","防晒衣","天猫 · Beneunder 蕉下 品牌天猫官方旗舰店","fashion-suncoat-taobao-2-14","4","positive","履约服务","天猫发货信息清楚，预计 2 天送达。","近 5 天","基于商品字段生成的拟真模拟评论"
"fashion-suncoat-taobao-2","fashion-suncoat","轻薄冰感 UPF100+ 防晒衣 天猫 618 活动款","服装","防晒衣","天猫 · Beneunder 蕉下 品牌天猫官方旗舰店","fashion-suncoat-taobao-2-15","5","positive","体验","发货速度快，包装也比较完整。","近 86 天","基于商品字段生成的拟真模拟评论"
"fashion-suncoat-taobao-2","fashion-suncoat","轻薄冰感 UPF100+ 防晒衣 天猫 618 活动款","服装","防晒衣","天猫 · Beneunder 蕉下 品牌天猫官方旗舰店","fashion-suncoat-taobao-2-16","5","positive","价格","券后价格比线下便宜一些。","近 59 天","基于商品字段生成的拟真模拟评论"
"fashion-suncoat-taobao-2","fashion-suncoat","轻薄冰感 UPF100+ 防晒衣 天猫 618 活动款","服装","防晒衣","天猫 · Beneunder 蕉下 品牌天猫官方旗舰店","fashion-suncoat-taobao-2-17","2","negative","尺码色差","尺码受身材和穿着习惯影响，建议先核对尺寸表。","近 47 天","基于商品字段生成的拟真模拟评论"
"fashion-suncoat-taobao-2","fashion-suncoat","轻薄冰感 UPF100+ 防晒衣 天猫 618 活动款","服装","防晒衣","天猫 · Beneunder 蕉下 品牌天猫官方旗舰店","fashion-suncoat-taobao-2-18","5","positive","版型材质","颜色比较耐看，日常通勤搭配起来不费力。","近 8 天","基于商品字段生成的拟真模拟评论"
"fashion-suncoat-taobao-2","fashion-suncoat","轻薄冰感 UPF100+ 防晒衣 天猫 618 活动款","服装","防晒衣","天猫 · Beneunder 蕉下 品牌天猫官方旗舰店","fashion-suncoat-taobao-2-19","3","negative","售后规则","退换仍需按“7 天无理由，退货运费险”执行，拆封或使用前要先确认条件。","近 49 天","基于商品字段生成的拟真模拟评论"
"fashion-suncoat-taobao-2","fashion-suncoat","轻薄冰感 UPF100+ 防晒衣 天猫 618 活动款","服装","防晒衣","天猫 · Beneunder 蕉下 品牌天猫官方旗舰店","fashion-suncoat-taobao-2-20","5","positive","履约服务","7 天无理由，退货运费险，下单前能比较明确地判断售后成本。","近 64 天","基于商品字段生成的拟真模拟评论"
"fashion-suncoat-taobao-2","fashion-suncoat","轻薄冰感 UPF100+ 防晒衣 天猫 618 活动款","服装","防晒衣","天猫 · Beneunder 蕉下 品牌天猫官方旗舰店","fashion-suncoat-taobao-2-21","5","positive","体验","实物和页面描述基本一致，整体满意。","近 79 天","基于商品字段生成的拟真模拟评论"
"fashion-suncoat-taobao-2","fashion-suncoat","轻薄冰感 UPF100+ 防晒衣 天猫 618 活动款","服装","防晒衣","天猫 · Beneunder 蕉下 品牌天猫官方旗舰店","fashion-suncoat-taobao-2-22","5","positive","价格","活动价入手比较划算，性价比可以。","近 27 天","基于商品字段生成的拟真模拟评论"
"fashion-suncoat-taobao-2","fashion-suncoat","轻薄冰感 UPF100+ 防晒衣 天猫 618 活动款","服装","防晒衣","天猫 · Beneunder 蕉下 品牌天猫官方旗舰店","fashion-suncoat-taobao-2-23","4","positive","版型材质","版型和详情页描述基本一致，面料上身质感也不错。","近 33 天","基于商品字段生成的拟真模拟评论"
"fashion-suncoat-taobao-2","fashion-suncoat","轻薄冰感 UPF100+ 防晒衣 天猫 618 活动款","服装","防晒衣","天猫 · Beneunder 蕉下 品牌天猫官方旗舰店","fashion-suncoat-taobao-2-24","4","positive","履约服务","天猫发货信息清楚，预计 2 天送达。","近 15 天","基于商品字段生成的拟真模拟评论"
"fashion-suncoat-xiaohongshu-4","fashion-suncoat","轻薄冰感 UPF100+ 防晒衣 小红书商城 618 活动款","服装","防晒衣","小红书商城 · Beneunder 蕉下 小红书精选品牌店","fashion-suncoat-xiaohongshu-4-1","5","positive","体验","实物和页面描述基本一致，整体满意。","近 16 天","基于商品字段生成的拟真模拟评论"
"fashion-suncoat-xiaohongshu-4","fashion-suncoat","轻薄冰感 UPF100+ 防晒衣 小红书商城 618 活动款","服装","防晒衣","小红书商城 · Beneunder 蕉下 小红书精选品牌店","fashion-suncoat-xiaohongshu-4-2","5","positive","价格","活动价入手比较划算，性价比可以。","近 66 天","基于商品字段生成的拟真模拟评论"
"fashion-suncoat-xiaohongshu-4","fashion-suncoat","轻薄冰感 UPF100+ 防晒衣 小红书商城 618 活动款","服装","防晒衣","小红书商城 · Beneunder 蕉下 小红书精选品牌店","fashion-suncoat-xiaohongshu-4-3","5","positive","版型材质","版型和详情页描述基本一致，面料上身质感也不错。","近 78 天","基于商品字段生成的拟真模拟评论"
"fashion-suncoat-xiaohongshu-4","fashion-suncoat","轻薄冰感 UPF100+ 防晒衣 小红书商城 618 活动款","服装","防晒衣","小红书商城 · Beneunder 蕉下 小红书精选品牌店","fashion-suncoat-xiaohongshu-4-4","5","positive","履约服务","小红书商城发货信息清楚，预计 3 天送达。","近 71 天","基于商品字段生成的拟真模拟评论"
"fashion-suncoat-xiaohongshu-4","fashion-suncoat","轻薄冰感 UPF100+ 防晒衣 小红书商城 618 活动款","服装","防晒衣","小红书商城 · Beneunder 蕉下 小红书精选品牌店","fashion-suncoat-xiaohongshu-4-5","4","positive","体验","发货速度快，包装也比较完整。","近 17 天","基于商品字段生成的拟真模拟评论"
"fashion-suncoat-xiaohongshu-4","fashion-suncoat","轻薄冰感 UPF100+ 防晒衣 小红书商城 618 活动款","服装","防晒衣","小红书商城 · Beneunder 蕉下 小红书精选品牌店","fashion-suncoat-xiaohongshu-4-6","4","positive","价格","券后价格比线下便宜一些。","近 77 天","基于商品字段生成的拟真模拟评论"
"fashion-suncoat-xiaohongshu-4","fashion-suncoat","轻薄冰感 UPF100+ 防晒衣 小红书商城 618 活动款","服装","防晒衣","小红书商城 · Beneunder 蕉下 小红书精选品牌店","fashion-suncoat-xiaohongshu-4-7","5","positive","版型材质","颜色比较耐看，日常通勤搭配起来不费力。","近 47 天","基于商品字段生成的拟真模拟评论"
"fashion-suncoat-xiaohongshu-4","fashion-suncoat","轻薄冰感 UPF100+ 防晒衣 小红书商城 618 活动款","服装","防晒衣","小红书商城 · Beneunder 蕉下 小红书精选品牌店","fashion-suncoat-xiaohongshu-4-8","5","positive","履约服务","未拆封支持 7 天退货，下单前能比较明确地判断售后成本。","近 88 天","基于商品字段生成的拟真模拟评论"
"fashion-suncoat-xiaohongshu-4","fashion-suncoat","轻薄冰感 UPF100+ 防晒衣 小红书商城 618 活动款","服装","防晒衣","小红书商城 · Beneunder 蕉下 小红书精选品牌店","fashion-suncoat-xiaohongshu-4-9","3","negative","细节","部分细节和预期有差距，下单前要看清规格。","近 81 天","基于商品字段生成的拟真模拟评论"
"fashion-suncoat-xiaohongshu-4","fashion-suncoat","轻薄冰感 UPF100+ 防晒衣 小红书商城 618 活动款","服装","防晒衣","小红书商城 · Beneunder 蕉下 小红书精选品牌店","fashion-suncoat-xiaohongshu-4-10","2","negative","售后","退换流程需要按平台规则走，不算特别快。","近 66 天","基于商品字段生成的拟真模拟评论"
"fashion-suncoat-xiaohongshu-4","fashion-suncoat","轻薄冰感 UPF100+ 防晒衣 小红书商城 618 活动款","服装","防晒衣","小红书商城 · Beneunder 蕉下 小红书精选品牌店","fashion-suncoat-xiaohongshu-4-11","4","positive","体验","实物和页面描述基本一致，整体满意。","近 76 天","基于商品字段生成的拟真模拟评论"
"fashion-suncoat-xiaohongshu-4","fashion-suncoat","轻薄冰感 UPF100+ 防晒衣 小红书商城 618 活动款","服装","防晒衣","小红书商城 · Beneunder 蕉下 小红书精选品牌店","fashion-suncoat-xiaohongshu-4-12","5","positive","价格","活动价入手比较划算，性价比可以。","近 2 天","基于商品字段生成的拟真模拟评论"
"fashion-suncoat-xiaohongshu-4","fashion-suncoat","轻薄冰感 UPF100+ 防晒衣 小红书商城 618 活动款","服装","防晒衣","小红书商城 · Beneunder 蕉下 小红书精选品牌店","fashion-suncoat-xiaohongshu-4-13","4","positive","版型材质","版型和详情页描述基本一致，面料上身质感也不错。","近 19 天","基于商品字段生成的拟真模拟评论"
"fashion-suncoat-xiaohongshu-4","fashion-suncoat","轻薄冰感 UPF100+ 防晒衣 小红书商城 618 活动款","服装","防晒衣","小红书商城 · Beneunder 蕉下 小红书精选品牌店","fashion-suncoat-xiaohongshu-4-14","3","negative","尺码色差","尺码受身材和穿着习惯影响，建议先核对尺寸表。","近 1 天","基于商品字段生成的拟真模拟评论"
"fashion-suncoat-xiaohongshu-4","fashion-suncoat","轻薄冰感 UPF100+ 防晒衣 小红书商城 618 活动款","服装","防晒衣","小红书商城 · Beneunder 蕉下 小红书精选品牌店","fashion-suncoat-xiaohongshu-4-15","5","positive","履约服务","小红书商城发货信息清楚，预计 3 天送达。","近 20 天","基于商品字段生成的拟真模拟评论"
"fashion-suncoat-xiaohongshu-4","fashion-suncoat","轻薄冰感 UPF100+ 防晒衣 小红书商城 618 活动款","服装","防晒衣","小红书商城 · Beneunder 蕉下 小红书精选品牌店","fashion-suncoat-xiaohongshu-4-16","5","positive","体验","发货速度快，包装也比较完整。","近 3 天","基于商品字段生成的拟真模拟评论"
"fashion-suncoat-xiaohongshu-4","fashion-suncoat","轻薄冰感 UPF100+ 防晒衣 小红书商城 618 活动款","服装","防晒衣","小红书商城 · Beneunder 蕉下 小红书精选品牌店","fashion-suncoat-xiaohongshu-4-17","4","positive","价格","券后价格比线下便宜一些。","近 37 天","基于商品字段生成的拟真模拟评论"
"fashion-suncoat-xiaohongshu-4","fashion-suncoat","轻薄冰感 UPF100+ 防晒衣 小红书商城 618 活动款","服装","防晒衣","小红书商城 · Beneunder 蕉下 小红书精选品牌店","fashion-suncoat-xiaohongshu-4-18","5","positive","版型材质","颜色比较耐看，日常通勤搭配起来不费力。","近 3 天","基于商品字段生成的拟真模拟评论"
"fashion-suncoat-xiaohongshu-4","fashion-suncoat","轻薄冰感 UPF100+ 防晒衣 小红书商城 618 活动款","服装","防晒衣","小红书商城 · Beneunder 蕉下 小红书精选品牌店","fashion-suncoat-xiaohongshu-4-19","5","positive","履约服务","未拆封支持 7 天退货，下单前能比较明确地判断售后成本。","近 56 天","基于商品字段生成的拟真模拟评论"
"fashion-suncoat-xiaohongshu-4","fashion-suncoat","轻薄冰感 UPF100+ 防晒衣 小红书商城 618 活动款","服装","防晒衣","小红书商城 · Beneunder 蕉下 小红书精选品牌店","fashion-suncoat-xiaohongshu-4-20","2","negative","售后规则","退换仍需按“未拆封支持 7 天退货”执行，拆封或使用前要先确认条件。","近 34 天","基于商品字段生成的拟真模拟评论"
"fashion-suncoat-xiaohongshu-4","fashion-suncoat","轻薄冰感 UPF100+ 防晒衣 小红书商城 618 活动款","服装","防晒衣","小红书商城 · Beneunder 蕉下 小红书精选品牌店","fashion-suncoat-xiaohongshu-4-21","3","negative","细节","客服解释比较慢，急用要提前确认。","近 71 天","基于商品字段生成的拟真模拟评论"
"fashion-suncoat-xiaohongshu-4","fashion-suncoat","轻薄冰感 UPF100+ 防晒衣 小红书商城 618 活动款","服装","防晒衣","小红书商城 · Beneunder 蕉下 小红书精选品牌店","fashion-suncoat-xiaohongshu-4-22","4","positive","体验","实物和页面描述基本一致，整体满意。","近 16 天","基于商品字段生成的拟真模拟评论"
"fashion-suncoat-xiaohongshu-4","fashion-suncoat","轻薄冰感 UPF100+ 防晒衣 小红书商城 618 活动款","服装","防晒衣","小红书商城 · Beneunder 蕉下 小红书精选品牌店","fashion-suncoat-xiaohongshu-4-23","2","negative","售后","赠品和主商品分开发货，等待时间更久。","近 27 天","基于商品字段生成的拟真模拟评论"
"fashion-suncoat-xiaohongshu-4","fashion-suncoat","轻薄冰感 UPF100+ 防晒衣 小红书商城 618 活动款","服装","防晒衣","小红书商城 · Beneunder 蕉下 小红书精选品牌店","fashion-suncoat-xiaohongshu-4-24","3","negative","尺码色差","不同光线下颜色会有差异，面料也需要按洗护说明处理。","近 51 天","基于商品字段生成的拟真模拟评论"
"fashion-blazer-vip-3","fashion-blazer","羊毛混纺廓形通勤西装外套 唯品会 618 活动款","服装","西装外套","唯品会 · Office Muse 唯品会品牌特卖","fashion-blazer-vip-3-1","4","positive","体验","实物和页面描述基本一致，整体满意。","近 83 天","基于商品字段生成的拟真模拟评论"
"fashion-blazer-vip-3","fashion-blazer","羊毛混纺廓形通勤西装外套 唯品会 618 活动款","服装","西装外套","唯品会 · Office Muse 唯品会品牌特卖","fashion-blazer-vip-3-2","5","positive","价格","活动价入手比较划算，性价比可以。","近 13 天","基于商品字段生成的拟真模拟评论"
"fashion-blazer-vip-3","fashion-blazer","羊毛混纺廓形通勤西装外套 唯品会 618 活动款","服装","西装外套","唯品会 · Office Muse 唯品会品牌特卖","fashion-blazer-vip-3-3","5","positive","版型材质","版型和详情页描述基本一致，面料上身质感也不错。","近 55 天","基于商品字段生成的拟真模拟评论"
"fashion-blazer-vip-3","fashion-blazer","羊毛混纺廓形通勤西装外套 唯品会 618 活动款","服装","西装外套","唯品会 · Office Muse 唯品会品牌特卖","fashion-blazer-vip-3-4","5","positive","履约服务","唯品会发货信息清楚，预计 2 天送达。","近 30 天","基于商品字段生成的拟真模拟评论"
"fashion-blazer-vip-3","fashion-blazer","羊毛混纺廓形通勤西装外套 唯品会 618 活动款","服装","西装外套","唯品会 · Office Muse 唯品会品牌特卖","fashion-blazer-vip-3-5","2","negative","细节","部分细节和预期有差距，下单前要看清规格。","近 68 天","基于商品字段生成的拟真模拟评论"
"fashion-blazer-vip-3","fashion-blazer","羊毛混纺廓形通勤西装外套 唯品会 618 活动款","服装","西装外套","唯品会 · Office Muse 唯品会品牌特卖","fashion-blazer-vip-3-6","5","positive","体验","发货速度快，包装也比较完整。","近 61 天","基于商品字段生成的拟真模拟评论"
"fashion-blazer-vip-3","fashion-blazer","羊毛混纺廓形通勤西装外套 唯品会 618 活动款","服装","西装外套","唯品会 · Office Muse 唯品会品牌特卖","fashion-blazer-vip-3-7","5","positive","价格","券后价格比线下便宜一些。","近 74 天","基于商品字段生成的拟真模拟评论"
"fashion-blazer-vip-3","fashion-blazer","羊毛混纺廓形通勤西装外套 唯品会 618 活动款","服装","西装外套","唯品会 · Office Muse 唯品会品牌特卖","fashion-blazer-vip-3-8","5","positive","版型材质","颜色比较耐看，日常通勤搭配起来不费力。","近 26 天","基于商品字段生成的拟真模拟评论"
"fashion-blazer-vip-3","fashion-blazer","羊毛混纺廓形通勤西装外套 唯品会 618 活动款","服装","西装外套","唯品会 · Office Muse 唯品会品牌特卖","fashion-blazer-vip-3-9","5","positive","履约服务","7 天无理由，支持退货运费险，下单前能比较明确地判断售后成本。","近 11 天","基于商品字段生成的拟真模拟评论"
"fashion-blazer-vip-3","fashion-blazer","羊毛混纺廓形通勤西装外套 唯品会 618 活动款","服装","西装外套","唯品会 · Office Muse 唯品会品牌特卖","fashion-blazer-vip-3-10","5","positive","体验","实物和页面描述基本一致，整体满意。","近 45 天","基于商品字段生成的拟真模拟评论"
"fashion-blazer-vip-3","fashion-blazer","羊毛混纺廓形通勤西装外套 唯品会 618 活动款","服装","西装外套","唯品会 · Office Muse 唯品会品牌特卖","fashion-blazer-vip-3-11","5","positive","价格","活动价入手比较划算，性价比可以。","近 39 天","基于商品字段生成的拟真模拟评论"
"fashion-blazer-vip-3","fashion-blazer","羊毛混纺廓形通勤西装外套 唯品会 618 活动款","服装","西装外套","唯品会 · Office Muse 唯品会品牌特卖","fashion-blazer-vip-3-12","4","positive","版型材质","版型和详情页描述基本一致，面料上身质感也不错。","近 84 天","基于商品字段生成的拟真模拟评论"
"fashion-blazer-vip-3","fashion-blazer","羊毛混纺廓形通勤西装外套 唯品会 618 活动款","服装","西装外套","唯品会 · Office Muse 唯品会品牌特卖","fashion-blazer-vip-3-13","4","positive","履约服务","唯品会发货信息清楚，预计 2 天送达。","近 42 天","基于商品字段生成的拟真模拟评论"
"fashion-blazer-vip-3","fashion-blazer","羊毛混纺廓形通勤西装外套 唯品会 618 活动款","服装","西装外套","唯品会 · Office Muse 唯品会品牌特卖","fashion-blazer-vip-3-14","5","positive","体验","发货速度快，包装也比较完整。","近 58 天","基于商品字段生成的拟真模拟评论"
"fashion-blazer-vip-3","fashion-blazer","羊毛混纺廓形通勤西装外套 唯品会 618 活动款","服装","西装外套","唯品会 · Office Muse 唯品会品牌特卖","fashion-blazer-vip-3-15","3","negative","售后","退换流程需要按平台规则走，不算特别快。","近 40 天","基于商品字段生成的拟真模拟评论"
"fashion-blazer-vip-3","fashion-blazer","羊毛混纺廓形通勤西装外套 唯品会 618 活动款","服装","西装外套","唯品会 · Office Muse 唯品会品牌特卖","fashion-blazer-vip-3-16","4","positive","价格","券后价格比线下便宜一些。","近 2 天","基于商品字段生成的拟真模拟评论"
"fashion-blazer-vip-3","fashion-blazer","羊毛混纺廓形通勤西装外套 唯品会 618 活动款","服装","西装外套","唯品会 · Office Muse 唯品会品牌特卖","fashion-blazer-vip-3-17","5","positive","版型材质","颜色比较耐看，日常通勤搭配起来不费力。","近 28 天","基于商品字段生成的拟真模拟评论"
"fashion-blazer-vip-3","fashion-blazer","羊毛混纺廓形通勤西装外套 唯品会 618 活动款","服装","西装外套","唯品会 · Office Muse 唯品会品牌特卖","fashion-blazer-vip-3-18","5","positive","履约服务","7 天无理由，支持退货运费险，下单前能比较明确地判断售后成本。","近 35 天","基于商品字段生成的拟真模拟评论"
"fashion-blazer-vip-3","fashion-blazer","羊毛混纺廓形通勤西装外套 唯品会 618 活动款","服装","西装外套","唯品会 · Office Muse 唯品会品牌特卖","fashion-blazer-vip-3-19","5","positive","体验","实物和页面描述基本一致，整体满意。","近 3 天","基于商品字段生成的拟真模拟评论"
"fashion-blazer-vip-3","fashion-blazer","羊毛混纺廓形通勤西装外套 唯品会 618 活动款","服装","西装外套","唯品会 · Office Muse 唯品会品牌特卖","fashion-blazer-vip-3-20","4","positive","价格","活动价入手比较划算，性价比可以。","近 79 天","基于商品字段生成的拟真模拟评论"
"fashion-blazer-vip-3","fashion-blazer","羊毛混纺廓形通勤西装外套 唯品会 618 活动款","服装","西装外套","唯品会 · Office Muse 唯品会品牌特卖","fashion-blazer-vip-3-21","4","positive","版型材质","版型和详情页描述基本一致，面料上身质感也不错。","近 74 天","基于商品字段生成的拟真模拟评论"
"fashion-blazer-vip-3","fashion-blazer","羊毛混纺廓形通勤西装外套 唯品会 618 活动款","服装","西装外套","唯品会 · Office Muse 唯品会品牌特卖","fashion-blazer-vip-3-22","2","negative","尺码色差","尺码受身材和穿着习惯影响，建议先核对尺寸表。","近 21 天","基于商品字段生成的拟真模拟评论"
"fashion-blazer-vip-3","fashion-blazer","羊毛混纺廓形通勤西装外套 唯品会 618 活动款","服装","西装外套","唯品会 · Office Muse 唯品会品牌特卖","fashion-blazer-vip-3-23","3","negative","售后规则","退换仍需按“7 天无理由，支持退货运费险”执行，拆封或使用前要先确认条件。","近 46 天","基于商品字段生成的拟真模拟评论"
"fashion-blazer-vip-3","fashion-blazer","羊毛混纺廓形通勤西装外套 唯品会 618 活动款","服装","西装外套","唯品会 · Office Muse 唯品会品牌特卖","fashion-blazer-vip-3-24","5","positive","履约服务","唯品会发货信息清楚，预计 2 天送达。","近 23 天","基于商品字段生成的拟真模拟评论"
"fashion-blazer-douyin-5","fashion-blazer","羊毛混纺廓形通勤西装外套 抖音商城 618 活动款","服装","西装外套","抖音商城 · Office Muse 品牌直播旗舰店","fashion-blazer-douyin-5-1","5","positive","体验","实物和页面描述基本一致，整体满意。","近 42 天","基于商品字段生成的拟真模拟评论"
"fashion-blazer-douyin-5","fashion-blazer","羊毛混纺廓形通勤西装外套 抖音商城 618 活动款","服装","西装外套","抖音商城 · Office Muse 品牌直播旗舰店","fashion-blazer-douyin-5-2","4","positive","价格","活动价入手比较划算，性价比可以。","近 1 天","基于商品字段生成的拟真模拟评论"
"fashion-blazer-douyin-5","fashion-blazer","羊毛混纺廓形通勤西装外套 抖音商城 618 活动款","服装","西装外套","抖音商城 · Office Muse 品牌直播旗舰店","fashion-blazer-douyin-5-3","2","negative","细节","部分细节和预期有差距，下单前要看清规格。","近 32 天","基于商品字段生成的拟真模拟评论"
"fashion-blazer-douyin-5","fashion-blazer","羊毛混纺廓形通勤西装外套 抖音商城 618 活动款","服装","西装外套","抖音商城 · Office Muse 品牌直播旗舰店","fashion-blazer-douyin-5-4","5","positive","版型材质","版型和详情页描述基本一致，面料上身质感也不错。","近 17 天","基于商品字段生成的拟真模拟评论"
"fashion-blazer-douyin-5","fashion-blazer","羊毛混纺廓形通勤西装外套 抖音商城 618 活动款","服装","西装外套","抖音商城 · Office Muse 品牌直播旗舰店","fashion-blazer-douyin-5-5","5","positive","履约服务","抖音商城发货信息清楚，预计 2-4 天送达。","近 11 天","基于商品字段生成的拟真模拟评论"
"fashion-blazer-douyin-5","fashion-blazer","羊毛混纺廓形通勤西装外套 抖音商城 618 活动款","服装","西装外套","抖音商城 · Office Muse 品牌直播旗舰店","fashion-blazer-douyin-5-6","5","positive","体验","发货速度快，包装也比较完整。","近 84 天","基于商品字段生成的拟真模拟评论"
"fashion-blazer-douyin-5","fashion-blazer","羊毛混纺廓形通勤西装外套 抖音商城 618 活动款","服装","西装外套","抖音商城 · Office Muse 品牌直播旗舰店","fashion-blazer-douyin-5-7","5","positive","价格","券后价格比线下便宜一些。","近 34 天","基于商品字段生成的拟真模拟评论"
"fashion-blazer-douyin-5","fashion-blazer","羊毛混纺廓形通勤西装外套 抖音商城 618 活动款","服装","西装外套","抖音商城 · Office Muse 品牌直播旗舰店","fashion-blazer-douyin-5-8","5","positive","版型材质","颜色比较耐看，日常通勤搭配起来不费力。","近 62 天","基于商品字段生成的拟真模拟评论"
"fashion-blazer-douyin-5","fashion-blazer","羊毛混纺廓形通勤西装外套 抖音商城 618 活动款","服装","西装外套","抖音商城 · Office Muse 品牌直播旗舰店","fashion-blazer-douyin-5-9","5","positive","履约服务","7 天无理由，直播赠品需一并退回，下单前能比较明确地判断售后成本。","近 40 天","基于商品字段生成的拟真模拟评论"
"fashion-blazer-douyin-5","fashion-blazer","羊毛混纺廓形通勤西装外套 抖音商城 618 活动款","服装","西装外套","抖音商城 · Office Muse 品牌直播旗舰店","fashion-blazer-douyin-5-10","5","positive","体验","实物和页面描述基本一致，整体满意。","近 20 天","基于商品字段生成的拟真模拟评论"
"fashion-blazer-douyin-5","fashion-blazer","羊毛混纺廓形通勤西装外套 抖音商城 618 活动款","服装","西装外套","抖音商城 · Office Muse 品牌直播旗舰店","fashion-blazer-douyin-5-11","4","positive","价格","活动价入手比较划算，性价比可以。","近 28 天","基于商品字段生成的拟真模拟评论"
"fashion-blazer-douyin-5","fashion-blazer","羊毛混纺廓形通勤西装外套 抖音商城 618 活动款","服装","西装外套","抖音商城 · Office Muse 品牌直播旗舰店","fashion-blazer-douyin-5-12","4","positive","版型材质","版型和详情页描述基本一致，面料上身质感也不错。","近 59 天","基于商品字段生成的拟真模拟评论"
"fashion-blazer-douyin-5","fashion-blazer","羊毛混纺廓形通勤西装外套 抖音商城 618 活动款","服装","西装外套","抖音商城 · Office Muse 品牌直播旗舰店","fashion-blazer-douyin-5-13","4","positive","履约服务","抖音商城发货信息清楚，预计 2-4 天送达。","近 80 天","基于商品字段生成的拟真模拟评论"
"fashion-blazer-douyin-5","fashion-blazer","羊毛混纺廓形通勤西装外套 抖音商城 618 活动款","服装","西装外套","抖音商城 · Office Muse 品牌直播旗舰店","fashion-blazer-douyin-5-14","2","negative","售后","退换流程需要按平台规则走，不算特别快。","近 62 天","基于商品字段生成的拟真模拟评论"
"fashion-blazer-douyin-5","fashion-blazer","羊毛混纺廓形通勤西装外套 抖音商城 618 活动款","服装","西装外套","抖音商城 · Office Muse 品牌直播旗舰店","fashion-blazer-douyin-5-15","3","negative","尺码色差","尺码受身材和穿着习惯影响，建议先核对尺寸表。","近 88 天","基于商品字段生成的拟真模拟评论"
"fashion-blazer-douyin-5","fashion-blazer","羊毛混纺廓形通勤西装外套 抖音商城 618 活动款","服装","西装外套","抖音商城 · Office Muse 品牌直播旗舰店","fashion-blazer-douyin-5-16","5","positive","体验","发货速度快，包装也比较完整。","近 71 天","基于商品字段生成的拟真模拟评论"
"fashion-blazer-douyin-5","fashion-blazer","羊毛混纺廓形通勤西装外套 抖音商城 618 活动款","服装","西装外套","抖音商城 · Office Muse 品牌直播旗舰店","fashion-blazer-douyin-5-17","5","positive","价格","券后价格比线下便宜一些。","近 35 天","基于商品字段生成的拟真模拟评论"
"fashion-blazer-douyin-5","fashion-blazer","羊毛混纺廓形通勤西装外套 抖音商城 618 活动款","服装","西装外套","抖音商城 · Office Muse 品牌直播旗舰店","fashion-blazer-douyin-5-18","5","positive","版型材质","颜色比较耐看，日常通勤搭配起来不费力。","近 81 天","基于商品字段生成的拟真模拟评论"
"fashion-blazer-douyin-5","fashion-blazer","羊毛混纺廓形通勤西装外套 抖音商城 618 活动款","服装","西装外套","抖音商城 · Office Muse 品牌直播旗舰店","fashion-blazer-douyin-5-19","5","positive","履约服务","7 天无理由，直播赠品需一并退回，下单前能比较明确地判断售后成本。","近 21 天","基于商品字段生成的拟真模拟评论"
"fashion-blazer-douyin-5","fashion-blazer","羊毛混纺廓形通勤西装外套 抖音商城 618 活动款","服装","西装外套","抖音商城 · Office Muse 品牌直播旗舰店","fashion-blazer-douyin-5-20","5","positive","体验","实物和页面描述基本一致，整体满意。","近 61 天","基于商品字段生成的拟真模拟评论"
"fashion-blazer-douyin-5","fashion-blazer","羊毛混纺廓形通勤西装外套 抖音商城 618 活动款","服装","西装外套","抖音商城 · Office Muse 品牌直播旗舰店","fashion-blazer-douyin-5-21","4","positive","价格","活动价入手比较划算，性价比可以。","近 45 天","基于商品字段生成的拟真模拟评论"
"fashion-blazer-douyin-5","fashion-blazer","羊毛混纺廓形通勤西装外套 抖音商城 618 活动款","服装","西装外套","抖音商城 · Office Muse 品牌直播旗舰店","fashion-blazer-douyin-5-22","5","positive","版型材质","版型和详情页描述基本一致，面料上身质感也不错。","近 7 天","基于商品字段生成的拟真模拟评论"
"fashion-blazer-douyin-5","fashion-blazer","羊毛混纺廓形通勤西装外套 抖音商城 618 活动款","服装","西装外套","抖音商城 · Office Muse 品牌直播旗舰店","fashion-blazer-douyin-5-23","2","negative","售后规则","退换仍需按“7 天无理由，直播赠品需一并退回”执行，拆封或使用前要先确认条件。","近 63 天","基于商品字段生成的拟真模拟评论"
"fashion-blazer-douyin-5","fashion-blazer","羊毛混纺廓形通勤西装外套 抖音商城 618 活动款","服装","西装外套","抖音商城 · Office Muse 品牌直播旗舰店","fashion-blazer-douyin-5-24","5","positive","履约服务","抖音商城发货信息清楚，预计 2-4 天送达。","近 12 天","基于商品字段生成的拟真模拟评论"
"fashion-blazer-taobao-1","fashion-blazer","羊毛混纺廓形通勤西装外套 淘宝 618 活动款","服装","西装外套","淘宝 · Office Muse 品牌授权专卖店","fashion-blazer-taobao-1-1","5","positive","体验","实物和页面描述基本一致，整体满意。","近 11 天","基于商品字段生成的拟真模拟评论"
"fashion-blazer-taobao-1","fashion-blazer","羊毛混纺廓形通勤西装外套 淘宝 618 活动款","服装","西装外套","淘宝 · Office Muse 品牌授权专卖店","fashion-blazer-taobao-1-2","5","positive","价格","活动价入手比较划算，性价比可以。","近 1 天","基于商品字段生成的拟真模拟评论"
"fashion-blazer-taobao-1","fashion-blazer","羊毛混纺廓形通勤西装外套 淘宝 618 活动款","服装","西装外套","淘宝 · Office Muse 品牌授权专卖店","fashion-blazer-taobao-1-3","5","positive","版型材质","版型和详情页描述基本一致，面料上身质感也不错。","近 82 天","基于商品字段生成的拟真模拟评论"
"fashion-blazer-taobao-1","fashion-blazer","羊毛混纺廓形通勤西装外套 淘宝 618 活动款","服装","西装外套","淘宝 · Office Muse 品牌授权专卖店","fashion-blazer-taobao-1-4","4","positive","履约服务","淘宝发货信息清楚，预计 2-4 天送达。","近 81 天","基于商品字段生成的拟真模拟评论"
"fashion-blazer-taobao-1","fashion-blazer","羊毛混纺廓形通勤西装外套 淘宝 618 活动款","服装","西装外套","淘宝 · Office Muse 品牌授权专卖店","fashion-blazer-taobao-1-5","4","positive","体验","发货速度快，包装也比较完整。","近 11 天","基于商品字段生成的拟真模拟评论"
"fashion-blazer-taobao-1","fashion-blazer","羊毛混纺廓形通勤西装外套 淘宝 618 活动款","服装","西装外套","淘宝 · Office Muse 品牌授权专卖店","fashion-blazer-taobao-1-6","4","positive","价格","券后价格比线下便宜一些。","近 46 天","基于商品字段生成的拟真模拟评论"
"fashion-blazer-taobao-1","fashion-blazer","羊毛混纺廓形通勤西装外套 淘宝 618 活动款","服装","西装外套","淘宝 · Office Muse 品牌授权专卖店","fashion-blazer-taobao-1-7","5","positive","版型材质","颜色比较耐看，日常通勤搭配起来不费力。","近 11 天","基于商品字段生成的拟真模拟评论"
"fashion-blazer-taobao-1","fashion-blazer","羊毛混纺廓形通勤西装外套 淘宝 618 活动款","服装","西装外套","淘宝 · Office Muse 品牌授权专卖店","fashion-blazer-taobao-1-8","5","positive","履约服务","7 天无理由，需保持吊牌，下单前能比较明确地判断售后成本。","近 6 天","基于商品字段生成的拟真模拟评论"
"fashion-blazer-taobao-1","fashion-blazer","羊毛混纺廓形通勤西装外套 淘宝 618 活动款","服装","西装外套","淘宝 · Office Muse 品牌授权专卖店","fashion-blazer-taobao-1-9","5","positive","体验","实物和页面描述基本一致，整体满意。","近 81 天","基于商品字段生成的拟真模拟评论"
"fashion-blazer-taobao-1","fashion-blazer","羊毛混纺廓形通勤西装外套 淘宝 618 活动款","服装","西装外套","淘宝 · Office Muse 品牌授权专卖店","fashion-blazer-taobao-1-10","2","negative","细节","部分细节和预期有差距，下单前要看清规格。","近 19 天","基于商品字段生成的拟真模拟评论"
"fashion-blazer-taobao-1","fashion-blazer","羊毛混纺廓形通勤西装外套 淘宝 618 活动款","服装","西装外套","淘宝 · Office Muse 品牌授权专卖店","fashion-blazer-taobao-1-11","5","positive","价格","活动价入手比较划算，性价比可以。","近 32 天","基于商品字段生成的拟真模拟评论"
"fashion-blazer-taobao-1","fashion-blazer","羊毛混纺廓形通勤西装外套 淘宝 618 活动款","服装","西装外套","淘宝 · Office Muse 品牌授权专卖店","fashion-blazer-taobao-1-12","5","positive","版型材质","版型和详情页描述基本一致，面料上身质感也不错。","近 31 天","基于商品字段生成的拟真模拟评论"
"fashion-blazer-taobao-1","fashion-blazer","羊毛混纺廓形通勤西装外套 淘宝 618 活动款","服装","西装外套","淘宝 · Office Muse 品牌授权专卖店","fashion-blazer-taobao-1-13","4","positive","履约服务","淘宝发货信息清楚，预计 2-4 天送达。","近 50 天","基于商品字段生成的拟真模拟评论"
"fashion-blazer-taobao-1","fashion-blazer","羊毛混纺廓形通勤西装外套 淘宝 618 活动款","服装","西装外套","淘宝 · Office Muse 品牌授权专卖店","fashion-blazer-taobao-1-14","4","positive","体验","发货速度快，包装也比较完整。","近 53 天","基于商品字段生成的拟真模拟评论"
"fashion-blazer-taobao-1","fashion-blazer","羊毛混纺廓形通勤西装外套 淘宝 618 活动款","服装","西装外套","淘宝 · Office Muse 品牌授权专卖店","fashion-blazer-taobao-1-15","4","positive","价格","券后价格比线下便宜一些。","近 85 天","基于商品字段生成的拟真模拟评论"
"fashion-blazer-taobao-1","fashion-blazer","羊毛混纺廓形通勤西装外套 淘宝 618 活动款","服装","西装外套","淘宝 · Office Muse 品牌授权专卖店","fashion-blazer-taobao-1-16","2","negative","售后","退换流程需要按平台规则走，不算特别快。","近 2 天","基于商品字段生成的拟真模拟评论"
"fashion-blazer-taobao-1","fashion-blazer","羊毛混纺廓形通勤西装外套 淘宝 618 活动款","服装","西装外套","淘宝 · Office Muse 品牌授权专卖店","fashion-blazer-taobao-1-17","5","positive","版型材质","颜色比较耐看，日常通勤搭配起来不费力。","近 78 天","基于商品字段生成的拟真模拟评论"
"fashion-blazer-taobao-1","fashion-blazer","羊毛混纺廓形通勤西装外套 淘宝 618 活动款","服装","西装外套","淘宝 · Office Muse 品牌授权专卖店","fashion-blazer-taobao-1-18","4","positive","履约服务","7 天无理由，需保持吊牌，下单前能比较明确地判断售后成本。","近 61 天","基于商品字段生成的拟真模拟评论"
"fashion-blazer-taobao-1","fashion-blazer","羊毛混纺廓形通勤西装外套 淘宝 618 活动款","服装","西装外套","淘宝 · Office Muse 品牌授权专卖店","fashion-blazer-taobao-1-19","5","positive","体验","实物和页面描述基本一致，整体满意。","近 77 天","基于商品字段生成的拟真模拟评论"
"fashion-blazer-taobao-1","fashion-blazer","羊毛混纺廓形通勤西装外套 淘宝 618 活动款","服装","西装外套","淘宝 · Office Muse 品牌授权专卖店","fashion-blazer-taobao-1-20","5","positive","价格","活动价入手比较划算，性价比可以。","近 49 天","基于商品字段生成的拟真模拟评论"
"fashion-blazer-taobao-1","fashion-blazer","羊毛混纺廓形通勤西装外套 淘宝 618 活动款","服装","西装外套","淘宝 · Office Muse 品牌授权专卖店","fashion-blazer-taobao-1-21","5","positive","版型材质","版型和详情页描述基本一致，面料上身质感也不错。","近 46 天","基于商品字段生成的拟真模拟评论"
"fashion-blazer-taobao-1","fashion-blazer","羊毛混纺廓形通勤西装外套 淘宝 618 活动款","服装","西装外套","淘宝 · Office Muse 品牌授权专卖店","fashion-blazer-taobao-1-22","5","positive","履约服务","淘宝发货信息清楚，预计 2-4 天送达。","近 49 天","基于商品字段生成的拟真模拟评论"
"fashion-blazer-taobao-1","fashion-blazer","羊毛混纺廓形通勤西装外套 淘宝 618 活动款","服装","西装外套","淘宝 · Office Muse 品牌授权专卖店","fashion-blazer-taobao-1-23","2","negative","尺码色差","尺码受身材和穿着习惯影响，建议先核对尺寸表。","近 76 天","基于商品字段生成的拟真模拟评论"
"fashion-blazer-taobao-1","fashion-blazer","羊毛混纺廓形通勤西装外套 淘宝 618 活动款","服装","西装外套","淘宝 · Office Muse 品牌授权专卖店","fashion-blazer-taobao-1-24","2","negative","售后规则","退换仍需按“7 天无理由，需保持吊牌”执行，拆封或使用前要先确认条件。","近 59 天","基于商品字段生成的拟真模拟评论"
"fashion-blazer-taobao-2","fashion-blazer","羊毛混纺廓形通勤西装外套 天猫 618 活动款","服装","西装外套","天猫 · Office Muse 品牌天猫官方旗舰店","fashion-blazer-taobao-2-1","5","positive","体验","实物和页面描述基本一致，整体满意。","近 44 天","基于商品字段生成的拟真模拟评论"
"fashion-blazer-taobao-2","fashion-blazer","羊毛混纺廓形通勤西装外套 天猫 618 活动款","服装","西装外套","天猫 · Office Muse 品牌天猫官方旗舰店","fashion-blazer-taobao-2-2","5","positive","价格","活动价入手比较划算，性价比可以。","近 12 天","基于商品字段生成的拟真模拟评论"
"fashion-blazer-taobao-2","fashion-blazer","羊毛混纺廓形通勤西装外套 天猫 618 活动款","服装","西装外套","天猫 · Office Muse 品牌天猫官方旗舰店","fashion-blazer-taobao-2-3","5","positive","版型材质","版型和详情页描述基本一致，面料上身质感也不错。","近 83 天","基于商品字段生成的拟真模拟评论"
"fashion-blazer-taobao-2","fashion-blazer","羊毛混纺廓形通勤西装外套 天猫 618 活动款","服装","西装外套","天猫 · Office Muse 品牌天猫官方旗舰店","fashion-blazer-taobao-2-4","5","positive","履约服务","天猫发货信息清楚，预计 2 天送达。","近 22 天","基于商品字段生成的拟真模拟评论"
"fashion-blazer-taobao-2","fashion-blazer","羊毛混纺廓形通勤西装外套 天猫 618 活动款","服装","西装外套","天猫 · Office Muse 品牌天猫官方旗舰店","fashion-blazer-taobao-2-5","5","positive","体验","发货速度快，包装也比较完整。","近 10 天","基于商品字段生成的拟真模拟评论"
"fashion-blazer-taobao-2","fashion-blazer","羊毛混纺廓形通勤西装外套 天猫 618 活动款","服装","西装外套","天猫 · Office Muse 品牌天猫官方旗舰店","fashion-blazer-taobao-2-6","2","negative","细节","部分细节和预期有差距，下单前要看清规格。","近 9 天","基于商品字段生成的拟真模拟评论"
"fashion-blazer-taobao-2","fashion-blazer","羊毛混纺廓形通勤西装外套 天猫 618 活动款","服装","西装外套","天猫 · Office Muse 品牌天猫官方旗舰店","fashion-blazer-taobao-2-7","5","positive","价格","券后价格比线下便宜一些。","近 23 天","基于商品字段生成的拟真模拟评论"
"fashion-blazer-taobao-2","fashion-blazer","羊毛混纺廓形通勤西装外套 天猫 618 活动款","服装","西装外套","天猫 · Office Muse 品牌天猫官方旗舰店","fashion-blazer-taobao-2-8","4","positive","版型材质","颜色比较耐看，日常通勤搭配起来不费力。","近 38 天","基于商品字段生成的拟真模拟评论"
"fashion-blazer-taobao-2","fashion-blazer","羊毛混纺廓形通勤西装外套 天猫 618 活动款","服装","西装外套","天猫 · Office Muse 品牌天猫官方旗舰店","fashion-blazer-taobao-2-9","5","positive","履约服务","7 天无理由，退货运费险，下单前能比较明确地判断售后成本。","近 44 天","基于商品字段生成的拟真模拟评论"
"fashion-blazer-taobao-2","fashion-blazer","羊毛混纺廓形通勤西装外套 天猫 618 活动款","服装","西装外套","天猫 · Office Muse 品牌天猫官方旗舰店","fashion-blazer-taobao-2-10","5","positive","体验","实物和页面描述基本一致，整体满意。","近 56 天","基于商品字段生成的拟真模拟评论"
"fashion-blazer-taobao-2","fashion-blazer","羊毛混纺廓形通勤西装外套 天猫 618 活动款","服装","西装外套","天猫 · Office Muse 品牌天猫官方旗舰店","fashion-blazer-taobao-2-11","5","positive","价格","活动价入手比较划算，性价比可以。","近 76 天","基于商品字段生成的拟真模拟评论"
"fashion-blazer-taobao-2","fashion-blazer","羊毛混纺廓形通勤西装外套 天猫 618 活动款","服装","西装外套","天猫 · Office Muse 品牌天猫官方旗舰店","fashion-blazer-taobao-2-12","5","positive","版型材质","版型和详情页描述基本一致，面料上身质感也不错。","近 39 天","基于商品字段生成的拟真模拟评论"
"fashion-blazer-taobao-2","fashion-blazer","羊毛混纺廓形通勤西装外套 天猫 618 活动款","服装","西装外套","天猫 · Office Muse 品牌天猫官方旗舰店","fashion-blazer-taobao-2-13","5","positive","履约服务","天猫发货信息清楚，预计 2 天送达。","近 60 天","基于商品字段生成的拟真模拟评论"
"fashion-blazer-taobao-2","fashion-blazer","羊毛混纺廓形通勤西装外套 天猫 618 活动款","服装","西装外套","天猫 · Office Muse 品牌天猫官方旗舰店","fashion-blazer-taobao-2-14","5","positive","体验","发货速度快，包装也比较完整。","近 18 天","基于商品字段生成的拟真模拟评论"
"fashion-blazer-taobao-2","fashion-blazer","羊毛混纺廓形通勤西装外套 天猫 618 活动款","服装","西装外套","天猫 · Office Muse 品牌天猫官方旗舰店","fashion-blazer-taobao-2-15","2","negative","售后","退换流程需要按平台规则走，不算特别快。","近 8 天","基于商品字段生成的拟真模拟评论"
"fashion-blazer-taobao-2","fashion-blazer","羊毛混纺廓形通勤西装外套 天猫 618 活动款","服装","西装外套","天猫 · Office Muse 品牌天猫官方旗舰店","fashion-blazer-taobao-2-16","5","positive","价格","券后价格比线下便宜一些。","近 66 天","基于商品字段生成的拟真模拟评论"
"fashion-blazer-taobao-2","fashion-blazer","羊毛混纺廓形通勤西装外套 天猫 618 活动款","服装","西装外套","天猫 · Office Muse 品牌天猫官方旗舰店","fashion-blazer-taobao-2-17","3","negative","尺码色差","尺码受身材和穿着习惯影响，建议先核对尺寸表。","近 59 天","基于商品字段生成的拟真模拟评论"
"fashion-blazer-taobao-2","fashion-blazer","羊毛混纺廓形通勤西装外套 天猫 618 活动款","服装","西装外套","天猫 · Office Muse 品牌天猫官方旗舰店","fashion-blazer-taobao-2-18","5","positive","版型材质","颜色比较耐看，日常通勤搭配起来不费力。","近 61 天","基于商品字段生成的拟真模拟评论"
"fashion-blazer-taobao-2","fashion-blazer","羊毛混纺廓形通勤西装外套 天猫 618 活动款","服装","西装外套","天猫 · Office Muse 品牌天猫官方旗舰店","fashion-blazer-taobao-2-19","5","positive","履约服务","7 天无理由，退货运费险，下单前能比较明确地判断售后成本。","近 83 天","基于商品字段生成的拟真模拟评论"
"fashion-blazer-taobao-2","fashion-blazer","羊毛混纺廓形通勤西装外套 天猫 618 活动款","服装","西装外套","天猫 · Office Muse 品牌天猫官方旗舰店","fashion-blazer-taobao-2-20","3","negative","售后规则","退换仍需按“7 天无理由，退货运费险”执行，拆封或使用前要先确认条件。","近 22 天","基于商品字段生成的拟真模拟评论"
"fashion-blazer-taobao-2","fashion-blazer","羊毛混纺廓形通勤西装外套 天猫 618 活动款","服装","西装外套","天猫 · Office Muse 品牌天猫官方旗舰店","fashion-blazer-taobao-2-21","5","positive","体验","实物和页面描述基本一致，整体满意。","近 51 天","基于商品字段生成的拟真模拟评论"
"fashion-blazer-taobao-2","fashion-blazer","羊毛混纺廓形通勤西装外套 天猫 618 活动款","服装","西装外套","天猫 · Office Muse 品牌天猫官方旗舰店","fashion-blazer-taobao-2-22","5","positive","价格","活动价入手比较划算，性价比可以。","近 52 天","基于商品字段生成的拟真模拟评论"
"fashion-blazer-taobao-2","fashion-blazer","羊毛混纺廓形通勤西装外套 天猫 618 活动款","服装","西装外套","天猫 · Office Muse 品牌天猫官方旗舰店","fashion-blazer-taobao-2-23","5","positive","版型材质","版型和详情页描述基本一致，面料上身质感也不错。","近 48 天","基于商品字段生成的拟真模拟评论"
"fashion-blazer-taobao-2","fashion-blazer","羊毛混纺廓形通勤西装外套 天猫 618 活动款","服装","西装外套","天猫 · Office Muse 品牌天猫官方旗舰店","fashion-blazer-taobao-2-24","5","positive","履约服务","天猫发货信息清楚，预计 2 天送达。","近 49 天","基于商品字段生成的拟真模拟评论"
"fashion-blazer-xiaohongshu-4","fashion-blazer","羊毛混纺廓形通勤西装外套 小红书商城 618 活动款","服装","西装外套","小红书商城 · Office Muse 小红书精选品牌店","fashion-blazer-xiaohongshu-4-1","5","positive","体验","实物和页面描述基本一致，整体满意。","近 67 天","基于商品字段生成的拟真模拟评论"
"fashion-blazer-xiaohongshu-4","fashion-blazer","羊毛混纺廓形通勤西装外套 小红书商城 618 活动款","服装","西装外套","小红书商城 · Office Muse 小红书精选品牌店","fashion-blazer-xiaohongshu-4-2","4","positive","价格","活动价入手比较划算，性价比可以。","近 35 天","基于商品字段生成的拟真模拟评论"
"fashion-blazer-xiaohongshu-4","fashion-blazer","羊毛混纺廓形通勤西装外套 小红书商城 618 活动款","服装","西装外套","小红书商城 · Office Muse 小红书精选品牌店","fashion-blazer-xiaohongshu-4-3","5","positive","版型材质","版型和详情页描述基本一致，面料上身质感也不错。","近 39 天","基于商品字段生成的拟真模拟评论"
"fashion-blazer-xiaohongshu-4","fashion-blazer","羊毛混纺廓形通勤西装外套 小红书商城 618 活动款","服装","西装外套","小红书商城 · Office Muse 小红书精选品牌店","fashion-blazer-xiaohongshu-4-4","5","positive","履约服务","小红书商城发货信息清楚，预计 3 天送达。","近 15 天","基于商品字段生成的拟真模拟评论"
"fashion-blazer-xiaohongshu-4","fashion-blazer","羊毛混纺廓形通勤西装外套 小红书商城 618 活动款","服装","西装外套","小红书商城 · Office Muse 小红书精选品牌店","fashion-blazer-xiaohongshu-4-5","5","positive","体验","发货速度快，包装也比较完整。","近 72 天","基于商品字段生成的拟真模拟评论"
"fashion-blazer-xiaohongshu-4","fashion-blazer","羊毛混纺廓形通勤西装外套 小红书商城 618 活动款","服装","西装外套","小红书商城 · Office Muse 小红书精选品牌店","fashion-blazer-xiaohongshu-4-6","5","positive","价格","券后价格比线下便宜一些。","近 15 天","基于商品字段生成的拟真模拟评论"
"fashion-blazer-xiaohongshu-4","fashion-blazer","羊毛混纺廓形通勤西装外套 小红书商城 618 活动款","服装","西装外套","小红书商城 · Office Muse 小红书精选品牌店","fashion-blazer-xiaohongshu-4-7","5","positive","版型材质","颜色比较耐看，日常通勤搭配起来不费力。","近 44 天","基于商品字段生成的拟真模拟评论"
"fashion-blazer-xiaohongshu-4","fashion-blazer","羊毛混纺廓形通勤西装外套 小红书商城 618 活动款","服装","西装外套","小红书商城 · Office Muse 小红书精选品牌店","fashion-blazer-xiaohongshu-4-8","4","positive","履约服务","未拆封支持 7 天退货，下单前能比较明确地判断售后成本。","近 19 天","基于商品字段生成的拟真模拟评论"
"fashion-blazer-xiaohongshu-4","fashion-blazer","羊毛混纺廓形通勤西装外套 小红书商城 618 活动款","服装","西装外套","小红书商城 · Office Muse 小红书精选品牌店","fashion-blazer-xiaohongshu-4-9","3","negative","细节","部分细节和预期有差距，下单前要看清规格。","近 36 天","基于商品字段生成的拟真模拟评论"
"fashion-blazer-xiaohongshu-4","fashion-blazer","羊毛混纺廓形通勤西装外套 小红书商城 618 活动款","服装","西装外套","小红书商城 · Office Muse 小红书精选品牌店","fashion-blazer-xiaohongshu-4-10","2","negative","售后","退换流程需要按平台规则走，不算特别快。","近 72 天","基于商品字段生成的拟真模拟评论"
"fashion-blazer-xiaohongshu-4","fashion-blazer","羊毛混纺廓形通勤西装外套 小红书商城 618 活动款","服装","西装外套","小红书商城 · Office Muse 小红书精选品牌店","fashion-blazer-xiaohongshu-4-11","5","positive","体验","实物和页面描述基本一致，整体满意。","近 77 天","基于商品字段生成的拟真模拟评论"
"fashion-blazer-xiaohongshu-4","fashion-blazer","羊毛混纺廓形通勤西装外套 小红书商城 618 活动款","服装","西装外套","小红书商城 · Office Muse 小红书精选品牌店","fashion-blazer-xiaohongshu-4-12","3","negative","尺码色差","尺码受身材和穿着习惯影响，建议先核对尺寸表。","近 35 天","基于商品字段生成的拟真模拟评论"
"fashion-blazer-xiaohongshu-4","fashion-blazer","羊毛混纺廓形通勤西装外套 小红书商城 618 活动款","服装","西装外套","小红书商城 · Office Muse 小红书精选品牌店","fashion-blazer-xiaohongshu-4-13","3","negative","售后规则","退换仍需按“未拆封支持 7 天退货”执行，拆封或使用前要先确认条件。","近 33 天","基于商品字段生成的拟真模拟评论"
"fashion-blazer-xiaohongshu-4","fashion-blazer","羊毛混纺廓形通勤西装外套 小红书商城 618 活动款","服装","西装外套","小红书商城 · Office Muse 小红书精选品牌店","fashion-blazer-xiaohongshu-4-14","4","positive","价格","活动价入手比较划算，性价比可以。","近 35 天","基于商品字段生成的拟真模拟评论"
"fashion-blazer-xiaohongshu-4","fashion-blazer","羊毛混纺廓形通勤西装外套 小红书商城 618 活动款","服装","西装外套","小红书商城 · Office Muse 小红书精选品牌店","fashion-blazer-xiaohongshu-4-15","5","positive","版型材质","版型和详情页描述基本一致，面料上身质感也不错。","近 84 天","基于商品字段生成的拟真模拟评论"
"fashion-blazer-xiaohongshu-4","fashion-blazer","羊毛混纺廓形通勤西装外套 小红书商城 618 活动款","服装","西装外套","小红书商城 · Office Muse 小红书精选品牌店","fashion-blazer-xiaohongshu-4-16","5","positive","履约服务","小红书商城发货信息清楚，预计 3 天送达。","近 27 天","基于商品字段生成的拟真模拟评论"
"fashion-blazer-xiaohongshu-4","fashion-blazer","羊毛混纺廓形通勤西装外套 小红书商城 618 活动款","服装","西装外套","小红书商城 · Office Muse 小红书精选品牌店","fashion-blazer-xiaohongshu-4-17","5","positive","体验","发货速度快，包装也比较完整。","近 46 天","基于商品字段生成的拟真模拟评论"
"fashion-blazer-xiaohongshu-4","fashion-blazer","羊毛混纺廓形通勤西装外套 小红书商城 618 活动款","服装","西装外套","小红书商城 · Office Muse 小红书精选品牌店","fashion-blazer-xiaohongshu-4-18","2","negative","细节","客服解释比较慢，急用要提前确认。","近 17 天","基于商品字段生成的拟真模拟评论"
"fashion-blazer-xiaohongshu-4","fashion-blazer","羊毛混纺廓形通勤西装外套 小红书商城 618 活动款","服装","西装外套","小红书商城 · Office Muse 小红书精选品牌店","fashion-blazer-xiaohongshu-4-19","3","negative","售后","赠品和主商品分开发货，等待时间更久。","近 40 天","基于商品字段生成的拟真模拟评论"
"fashion-blazer-xiaohongshu-4","fashion-blazer","羊毛混纺廓形通勤西装外套 小红书商城 618 活动款","服装","西装外套","小红书商城 · Office Muse 小红书精选品牌店","fashion-blazer-xiaohongshu-4-20","5","positive","价格","券后价格比线下便宜一些。","近 7 天","基于商品字段生成的拟真模拟评论"
"fashion-blazer-xiaohongshu-4","fashion-blazer","羊毛混纺廓形通勤西装外套 小红书商城 618 活动款","服装","西装外套","小红书商城 · Office Muse 小红书精选品牌店","fashion-blazer-xiaohongshu-4-21","5","positive","版型材质","颜色比较耐看，日常通勤搭配起来不费力。","近 56 天","基于商品字段生成的拟真模拟评论"
"fashion-blazer-xiaohongshu-4","fashion-blazer","羊毛混纺廓形通勤西装外套 小红书商城 618 活动款","服装","西装外套","小红书商城 · Office Muse 小红书精选品牌店","fashion-blazer-xiaohongshu-4-22","5","positive","履约服务","未拆封支持 7 天退货，下单前能比较明确地判断售后成本。","近 19 天","基于商品字段生成的拟真模拟评论"
"fashion-blazer-xiaohongshu-4","fashion-blazer","羊毛混纺廓形通勤西装外套 小红书商城 618 活动款","服装","西装外套","小红书商城 · Office Muse 小红书精选品牌店","fashion-blazer-xiaohongshu-4-23","3","negative","尺码色差","不同光线下颜色会有差异，面料也需要按洗护说明处理。","近 4 天","基于商品字段生成的拟真模拟评论"
"fashion-blazer-xiaohongshu-4","fashion-blazer","羊毛混纺廓形通勤西装外套 小红书商城 618 活动款","服装","西装外套","小红书商城 · Office Muse 小红书精选品牌店","fashion-blazer-xiaohongshu-4-24","5","positive","体验","实物和页面描述基本一致，整体满意。","近 81 天","基于商品字段生成的拟真模拟评论"
"fashion-sneakers-vip-3","fashion-sneakers","Nike Pegasus 41 缓震跑步鞋 唯品会 618 活动款","服装","运动鞋","唯品会 · Nike 唯品会品牌特卖","fashion-sneakers-vip-3-1","4","positive","体验","实物和页面描述基本一致，整体满意。","近 5 天","基于商品字段生成的拟真模拟评论"
"fashion-sneakers-vip-3","fashion-sneakers","Nike Pegasus 41 缓震跑步鞋 唯品会 618 活动款","服装","运动鞋","唯品会 · Nike 唯品会品牌特卖","fashion-sneakers-vip-3-2","5","positive","价格","活动价入手比较划算，性价比可以。","近 84 天","基于商品字段生成的拟真模拟评论"
"fashion-sneakers-vip-3","fashion-sneakers","Nike Pegasus 41 缓震跑步鞋 唯品会 618 活动款","服装","运动鞋","唯品会 · Nike 唯品会品牌特卖","fashion-sneakers-vip-3-3","4","positive","缓震舒适","日常慢跑缓震够用，走路久了脚底也不容易累。","近 87 天","基于商品字段生成的拟真模拟评论"
"fashion-sneakers-vip-3","fashion-sneakers","Nike Pegasus 41 缓震跑步鞋 唯品会 618 活动款","服装","运动鞋","唯品会 · Nike 唯品会品牌特卖","fashion-sneakers-vip-3-4","5","positive","履约服务","唯品会发货信息清楚，预计 2 天送达。","近 58 天","基于商品字段生成的拟真模拟评论"
"fashion-sneakers-vip-3","fashion-sneakers","Nike Pegasus 41 缓震跑步鞋 唯品会 618 活动款","服装","运动鞋","唯品会 · Nike 唯品会品牌特卖","fashion-sneakers-vip-3-5","5","positive","体验","发货速度快，包装也比较完整。","近 59 天","基于商品字段生成的拟真模拟评论"
"fashion-sneakers-vip-3","fashion-sneakers","Nike Pegasus 41 缓震跑步鞋 唯品会 618 活动款","服装","运动鞋","唯品会 · Nike 唯品会品牌特卖","fashion-sneakers-vip-3-6","2","negative","细节","部分细节和预期有差距，下单前要看清规格。","近 82 天","基于商品字段生成的拟真模拟评论"
"fashion-sneakers-vip-3","fashion-sneakers","Nike Pegasus 41 缓震跑步鞋 唯品会 618 活动款","服装","运动鞋","唯品会 · Nike 唯品会品牌特卖","fashion-sneakers-vip-3-7","5","positive","价格","券后价格比线下便宜一些。","近 88 天","基于商品字段生成的拟真模拟评论"
"fashion-sneakers-vip-3","fashion-sneakers","Nike Pegasus 41 缓震跑步鞋 唯品会 618 活动款","服装","运动鞋","唯品会 · Nike 唯品会品牌特卖","fashion-sneakers-vip-3-8","5","positive","缓震舒适","鞋面透气性不错，通勤和训练都能穿。","近 6 天","基于商品字段生成的拟真模拟评论"
"fashion-sneakers-vip-3","fashion-sneakers","Nike Pegasus 41 缓震跑步鞋 唯品会 618 活动款","服装","运动鞋","唯品会 · Nike 唯品会品牌特卖","fashion-sneakers-vip-3-9","5","positive","履约服务","7 天无理由，支持退货运费险，下单前能比较明确地判断售后成本。","近 35 天","基于商品字段生成的拟真模拟评论"
"fashion-sneakers-vip-3","fashion-sneakers","Nike Pegasus 41 缓震跑步鞋 唯品会 618 活动款","服装","运动鞋","唯品会 · Nike 唯品会品牌特卖","fashion-sneakers-vip-3-10","5","positive","体验","实物和页面描述基本一致，整体满意。","近 86 天","基于商品字段生成的拟真模拟评论"
"fashion-sneakers-vip-3","fashion-sneakers","Nike Pegasus 41 缓震跑步鞋 唯品会 618 活动款","服装","运动鞋","唯品会 · Nike 唯品会品牌特卖","fashion-sneakers-vip-3-11","5","positive","价格","活动价入手比较划算，性价比可以。","近 53 天","基于商品字段生成的拟真模拟评论"
"fashion-sneakers-vip-3","fashion-sneakers","Nike Pegasus 41 缓震跑步鞋 唯品会 618 活动款","服装","运动鞋","唯品会 · Nike 唯品会品牌特卖","fashion-sneakers-vip-3-12","5","positive","缓震舒适","日常慢跑缓震够用，走路久了脚底也不容易累。","近 87 天","基于商品字段生成的拟真模拟评论"
"fashion-sneakers-vip-3","fashion-sneakers","Nike Pegasus 41 缓震跑步鞋 唯品会 618 活动款","服装","运动鞋","唯品会 · Nike 唯品会品牌特卖","fashion-sneakers-vip-3-13","5","positive","履约服务","唯品会发货信息清楚，预计 2 天送达。","近 36 天","基于商品字段生成的拟真模拟评论"
"fashion-sneakers-vip-3","fashion-sneakers","Nike Pegasus 41 缓震跑步鞋 唯品会 618 活动款","服装","运动鞋","唯品会 · Nike 唯品会品牌特卖","fashion-sneakers-vip-3-14","2","negative","售后","退换流程需要按平台规则走，不算特别快。","近 58 天","基于商品字段生成的拟真模拟评论"
"fashion-sneakers-vip-3","fashion-sneakers","Nike Pegasus 41 缓震跑步鞋 唯品会 618 活动款","服装","运动鞋","唯品会 · Nike 唯品会品牌特卖","fashion-sneakers-vip-3-15","4","positive","体验","发货速度快，包装也比较完整。","近 35 天","基于商品字段生成的拟真模拟评论"
"fashion-sneakers-vip-3","fashion-sneakers","Nike Pegasus 41 缓震跑步鞋 唯品会 618 活动款","服装","运动鞋","唯品会 · Nike 唯品会品牌特卖","fashion-sneakers-vip-3-16","4","positive","价格","券后价格比线下便宜一些。","近 17 天","基于商品字段生成的拟真模拟评论"
"fashion-sneakers-vip-3","fashion-sneakers","Nike Pegasus 41 缓震跑步鞋 唯品会 618 活动款","服装","运动鞋","唯品会 · Nike 唯品会品牌特卖","fashion-sneakers-vip-3-17","2","negative","尺码适配","鞋楦适配因人而异，宽脚建议先试穿或买大半码。","近 28 天","基于商品字段生成的拟真模拟评论"
"fashion-sneakers-vip-3","fashion-sneakers","Nike Pegasus 41 缓震跑步鞋 唯品会 618 活动款","服装","运动鞋","唯品会 · Nike 唯品会品牌特卖","fashion-sneakers-vip-3-18","5","positive","缓震舒适","鞋面透气性不错，通勤和训练都能穿。","近 67 天","基于商品字段生成的拟真模拟评论"
"fashion-sneakers-vip-3","fashion-sneakers","Nike Pegasus 41 缓震跑步鞋 唯品会 618 活动款","服装","运动鞋","唯品会 · Nike 唯品会品牌特卖","fashion-sneakers-vip-3-19","5","positive","履约服务","7 天无理由，支持退货运费险，下单前能比较明确地判断售后成本。","近 20 天","基于商品字段生成的拟真模拟评论"
"fashion-sneakers-vip-3","fashion-sneakers","Nike Pegasus 41 缓震跑步鞋 唯品会 618 活动款","服装","运动鞋","唯品会 · Nike 唯品会品牌特卖","fashion-sneakers-vip-3-20","3","negative","售后规则","退换仍需按“7 天无理由，支持退货运费险”执行，拆封或使用前要先确认条件。","近 37 天","基于商品字段生成的拟真模拟评论"
"fashion-sneakers-vip-3","fashion-sneakers","Nike Pegasus 41 缓震跑步鞋 唯品会 618 活动款","服装","运动鞋","唯品会 · Nike 唯品会品牌特卖","fashion-sneakers-vip-3-21","4","positive","体验","实物和页面描述基本一致，整体满意。","近 44 天","基于商品字段生成的拟真模拟评论"
"fashion-sneakers-vip-3","fashion-sneakers","Nike Pegasus 41 缓震跑步鞋 唯品会 618 活动款","服装","运动鞋","唯品会 · Nike 唯品会品牌特卖","fashion-sneakers-vip-3-22","4","positive","价格","活动价入手比较划算，性价比可以。","近 67 天","基于商品字段生成的拟真模拟评论"
"fashion-sneakers-vip-3","fashion-sneakers","Nike Pegasus 41 缓震跑步鞋 唯品会 618 活动款","服装","运动鞋","唯品会 · Nike 唯品会品牌特卖","fashion-sneakers-vip-3-23","4","positive","缓震舒适","日常慢跑缓震够用，走路久了脚底也不容易累。","近 77 天","基于商品字段生成的拟真模拟评论"
"fashion-sneakers-vip-3","fashion-sneakers","Nike Pegasus 41 缓震跑步鞋 唯品会 618 活动款","服装","运动鞋","唯品会 · Nike 唯品会品牌特卖","fashion-sneakers-vip-3-24","4","positive","履约服务","唯品会发货信息清楚，预计 2 天送达。","近 55 天","基于商品字段生成的拟真模拟评论"
"fashion-sneakers-taobao-2","fashion-sneakers","Nike Pegasus 41 缓震跑步鞋 天猫 618 活动款","服装","运动鞋","天猫 · Nike 品牌天猫官方旗舰店","fashion-sneakers-taobao-2-1","4","positive","体验","实物和页面描述基本一致，整体满意。","近 77 天","基于商品字段生成的拟真模拟评论"
"fashion-sneakers-taobao-2","fashion-sneakers","Nike Pegasus 41 缓震跑步鞋 天猫 618 活动款","服装","运动鞋","天猫 · Nike 品牌天猫官方旗舰店","fashion-sneakers-taobao-2-2","5","positive","价格","活动价入手比较划算，性价比可以。","近 12 天","基于商品字段生成的拟真模拟评论"
"fashion-sneakers-taobao-2","fashion-sneakers","Nike Pegasus 41 缓震跑步鞋 天猫 618 活动款","服装","运动鞋","天猫 · Nike 品牌天猫官方旗舰店","fashion-sneakers-taobao-2-3","5","positive","缓震舒适","日常慢跑缓震够用，走路久了脚底也不容易累。","近 6 天","基于商品字段生成的拟真模拟评论"
"fashion-sneakers-taobao-2","fashion-sneakers","Nike Pegasus 41 缓震跑步鞋 天猫 618 活动款","服装","运动鞋","天猫 · Nike 品牌天猫官方旗舰店","fashion-sneakers-taobao-2-4","5","positive","履约服务","天猫发货信息清楚，预计 2 天送达。","近 13 天","基于商品字段生成的拟真模拟评论"
"fashion-sneakers-taobao-2","fashion-sneakers","Nike Pegasus 41 缓震跑步鞋 天猫 618 活动款","服装","运动鞋","天猫 · Nike 品牌天猫官方旗舰店","fashion-sneakers-taobao-2-5","4","positive","体验","发货速度快，包装也比较完整。","近 32 天","基于商品字段生成的拟真模拟评论"
"fashion-sneakers-taobao-2","fashion-sneakers","Nike Pegasus 41 缓震跑步鞋 天猫 618 活动款","服装","运动鞋","天猫 · Nike 品牌天猫官方旗舰店","fashion-sneakers-taobao-2-6","5","positive","价格","券后价格比线下便宜一些。","近 4 天","基于商品字段生成的拟真模拟评论"
"fashion-sneakers-taobao-2","fashion-sneakers","Nike Pegasus 41 缓震跑步鞋 天猫 618 活动款","服装","运动鞋","天猫 · Nike 品牌天猫官方旗舰店","fashion-sneakers-taobao-2-7","4","positive","缓震舒适","鞋面透气性不错，通勤和训练都能穿。","近 2 天","基于商品字段生成的拟真模拟评论"
"fashion-sneakers-taobao-2","fashion-sneakers","Nike Pegasus 41 缓震跑步鞋 天猫 618 活动款","服装","运动鞋","天猫 · Nike 品牌天猫官方旗舰店","fashion-sneakers-taobao-2-8","5","positive","履约服务","7 天无理由，退货运费险，下单前能比较明确地判断售后成本。","近 5 天","基于商品字段生成的拟真模拟评论"
"fashion-sneakers-taobao-2","fashion-sneakers","Nike Pegasus 41 缓震跑步鞋 天猫 618 活动款","服装","运动鞋","天猫 · Nike 品牌天猫官方旗舰店","fashion-sneakers-taobao-2-9","3","negative","细节","部分细节和预期有差距，下单前要看清规格。","近 46 天","基于商品字段生成的拟真模拟评论"
"fashion-sneakers-taobao-2","fashion-sneakers","Nike Pegasus 41 缓震跑步鞋 天猫 618 活动款","服装","运动鞋","天猫 · Nike 品牌天猫官方旗舰店","fashion-sneakers-taobao-2-10","5","positive","体验","实物和页面描述基本一致，整体满意。","近 57 天","基于商品字段生成的拟真模拟评论"
"fashion-sneakers-taobao-2","fashion-sneakers","Nike Pegasus 41 缓震跑步鞋 天猫 618 活动款","服装","运动鞋","天猫 · Nike 品牌天猫官方旗舰店","fashion-sneakers-taobao-2-11","4","positive","价格","活动价入手比较划算，性价比可以。","近 29 天","基于商品字段生成的拟真模拟评论"
"fashion-sneakers-taobao-2","fashion-sneakers","Nike Pegasus 41 缓震跑步鞋 天猫 618 活动款","服装","运动鞋","天猫 · Nike 品牌天猫官方旗舰店","fashion-sneakers-taobao-2-12","3","negative","售后","退换流程需要按平台规则走，不算特别快。","近 74 天","基于商品字段生成的拟真模拟评论"
"fashion-sneakers-taobao-2","fashion-sneakers","Nike Pegasus 41 缓震跑步鞋 天猫 618 活动款","服装","运动鞋","天猫 · Nike 品牌天猫官方旗舰店","fashion-sneakers-taobao-2-13","5","positive","缓震舒适","日常慢跑缓震够用，走路久了脚底也不容易累。","近 84 天","基于商品字段生成的拟真模拟评论"
"fashion-sneakers-taobao-2","fashion-sneakers","Nike Pegasus 41 缓震跑步鞋 天猫 618 活动款","服装","运动鞋","天猫 · Nike 品牌天猫官方旗舰店","fashion-sneakers-taobao-2-14","5","positive","履约服务","天猫发货信息清楚，预计 2 天送达。","近 38 天","基于商品字段生成的拟真模拟评论"
"fashion-sneakers-taobao-2","fashion-sneakers","Nike Pegasus 41 缓震跑步鞋 天猫 618 活动款","服装","运动鞋","天猫 · Nike 品牌天猫官方旗舰店","fashion-sneakers-taobao-2-15","5","positive","体验","发货速度快，包装也比较完整。","近 10 天","基于商品字段生成的拟真模拟评论"
"fashion-sneakers-taobao-2","fashion-sneakers","Nike Pegasus 41 缓震跑步鞋 天猫 618 活动款","服装","运动鞋","天猫 · Nike 品牌天猫官方旗舰店","fashion-sneakers-taobao-2-16","5","positive","价格","券后价格比线下便宜一些。","近 57 天","基于商品字段生成的拟真模拟评论"
"fashion-sneakers-taobao-2","fashion-sneakers","Nike Pegasus 41 缓震跑步鞋 天猫 618 活动款","服装","运动鞋","天猫 · Nike 品牌天猫官方旗舰店","fashion-sneakers-taobao-2-17","4","positive","缓震舒适","鞋面透气性不错，通勤和训练都能穿。","近 54 天","基于商品字段生成的拟真模拟评论"
"fashion-sneakers-taobao-2","fashion-sneakers","Nike Pegasus 41 缓震跑步鞋 天猫 618 活动款","服装","运动鞋","天猫 · Nike 品牌天猫官方旗舰店","fashion-sneakers-taobao-2-18","4","positive","履约服务","7 天无理由，退货运费险，下单前能比较明确地判断售后成本。","近 23 天","基于商品字段生成的拟真模拟评论"
"fashion-sneakers-taobao-2","fashion-sneakers","Nike Pegasus 41 缓震跑步鞋 天猫 618 活动款","服装","运动鞋","天猫 · Nike 品牌天猫官方旗舰店","fashion-sneakers-taobao-2-19","5","positive","体验","实物和页面描述基本一致，整体满意。","近 9 天","基于商品字段生成的拟真模拟评论"
"fashion-sneakers-taobao-2","fashion-sneakers","Nike Pegasus 41 缓震跑步鞋 天猫 618 活动款","服装","运动鞋","天猫 · Nike 品牌天猫官方旗舰店","fashion-sneakers-taobao-2-20","5","positive","价格","活动价入手比较划算，性价比可以。","近 62 天","基于商品字段生成的拟真模拟评论"
"fashion-sneakers-taobao-2","fashion-sneakers","Nike Pegasus 41 缓震跑步鞋 天猫 618 活动款","服装","运动鞋","天猫 · Nike 品牌天猫官方旗舰店","fashion-sneakers-taobao-2-21","5","positive","缓震舒适","日常慢跑缓震够用，走路久了脚底也不容易累。","近 12 天","基于商品字段生成的拟真模拟评论"
"fashion-sneakers-taobao-2","fashion-sneakers","Nike Pegasus 41 缓震跑步鞋 天猫 618 活动款","服装","运动鞋","天猫 · Nike 品牌天猫官方旗舰店","fashion-sneakers-taobao-2-22","3","negative","尺码适配","鞋楦适配因人而异，宽脚建议先试穿或买大半码。","近 53 天","基于商品字段生成的拟真模拟评论"
"fashion-sneakers-taobao-2","fashion-sneakers","Nike Pegasus 41 缓震跑步鞋 天猫 618 活动款","服装","运动鞋","天猫 · Nike 品牌天猫官方旗舰店","fashion-sneakers-taobao-2-23","3","negative","售后规则","退换仍需按“7 天无理由，退货运费险”执行，拆封或使用前要先确认条件。","近 80 天","基于商品字段生成的拟真模拟评论"
"fashion-sneakers-taobao-2","fashion-sneakers","Nike Pegasus 41 缓震跑步鞋 天猫 618 活动款","服装","运动鞋","天猫 · Nike 品牌天猫官方旗舰店","fashion-sneakers-taobao-2-24","5","positive","履约服务","天猫发货信息清楚，预计 2 天送达。","近 73 天","基于商品字段生成的拟真模拟评论"
"fashion-sneakers-taobao-1","fashion-sneakers","Nike Pegasus 41 缓震跑步鞋 淘宝 618 活动款","服装","运动鞋","淘宝 · Nike 品牌授权专卖店","fashion-sneakers-taobao-1-1","5","positive","体验","实物和页面描述基本一致，整体满意。","近 11 天","基于商品字段生成的拟真模拟评论"
"fashion-sneakers-taobao-1","fashion-sneakers","Nike Pegasus 41 缓震跑步鞋 淘宝 618 活动款","服装","运动鞋","淘宝 · Nike 品牌授权专卖店","fashion-sneakers-taobao-1-2","3","negative","细节","部分细节和预期有差距，下单前要看清规格。","近 6 天","基于商品字段生成的拟真模拟评论"
"fashion-sneakers-taobao-1","fashion-sneakers","Nike Pegasus 41 缓震跑步鞋 淘宝 618 活动款","服装","运动鞋","淘宝 · Nike 品牌授权专卖店","fashion-sneakers-taobao-1-3","4","positive","价格","活动价入手比较划算，性价比可以。","近 23 天","基于商品字段生成的拟真模拟评论"
"fashion-sneakers-taobao-1","fashion-sneakers","Nike Pegasus 41 缓震跑步鞋 淘宝 618 活动款","服装","运动鞋","淘宝 · Nike 品牌授权专卖店","fashion-sneakers-taobao-1-4","5","positive","缓震舒适","日常慢跑缓震够用，走路久了脚底也不容易累。","近 69 天","基于商品字段生成的拟真模拟评论"
"fashion-sneakers-taobao-1","fashion-sneakers","Nike Pegasus 41 缓震跑步鞋 淘宝 618 活动款","服装","运动鞋","淘宝 · Nike 品牌授权专卖店","fashion-sneakers-taobao-1-5","5","positive","履约服务","淘宝发货信息清楚，预计 2-4 天送达。","近 17 天","基于商品字段生成的拟真模拟评论"
"fashion-sneakers-taobao-1","fashion-sneakers","Nike Pegasus 41 缓震跑步鞋 淘宝 618 活动款","服装","运动鞋","淘宝 · Nike 品牌授权专卖店","fashion-sneakers-taobao-1-6","5","positive","体验","发货速度快，包装也比较完整。","近 88 天","基于商品字段生成的拟真模拟评论"
"fashion-sneakers-taobao-1","fashion-sneakers","Nike Pegasus 41 缓震跑步鞋 淘宝 618 活动款","服装","运动鞋","淘宝 · Nike 品牌授权专卖店","fashion-sneakers-taobao-1-7","5","positive","价格","券后价格比线下便宜一些。","近 1 天","基于商品字段生成的拟真模拟评论"
"fashion-sneakers-taobao-1","fashion-sneakers","Nike Pegasus 41 缓震跑步鞋 淘宝 618 活动款","服装","运动鞋","淘宝 · Nike 品牌授权专卖店","fashion-sneakers-taobao-1-8","5","positive","缓震舒适","鞋面透气性不错，通勤和训练都能穿。","近 42 天","基于商品字段生成的拟真模拟评论"
"fashion-sneakers-taobao-1","fashion-sneakers","Nike Pegasus 41 缓震跑步鞋 淘宝 618 活动款","服装","运动鞋","淘宝 · Nike 品牌授权专卖店","fashion-sneakers-taobao-1-9","4","positive","履约服务","7 天无理由，需保持吊牌，下单前能比较明确地判断售后成本。","近 81 天","基于商品字段生成的拟真模拟评论"
"fashion-sneakers-taobao-1","fashion-sneakers","Nike Pegasus 41 缓震跑步鞋 淘宝 618 活动款","服装","运动鞋","淘宝 · Nike 品牌授权专卖店","fashion-sneakers-taobao-1-10","5","positive","体验","实物和页面描述基本一致，整体满意。","近 88 天","基于商品字段生成的拟真模拟评论"
"fashion-sneakers-taobao-1","fashion-sneakers","Nike Pegasus 41 缓震跑步鞋 淘宝 618 活动款","服装","运动鞋","淘宝 · Nike 品牌授权专卖店","fashion-sneakers-taobao-1-11","5","positive","价格","活动价入手比较划算，性价比可以。","近 19 天","基于商品字段生成的拟真模拟评论"
"fashion-sneakers-taobao-1","fashion-sneakers","Nike Pegasus 41 缓震跑步鞋 淘宝 618 活动款","服装","运动鞋","淘宝 · Nike 品牌授权专卖店","fashion-sneakers-taobao-1-12","5","positive","缓震舒适","日常慢跑缓震够用，走路久了脚底也不容易累。","近 32 天","基于商品字段生成的拟真模拟评论"
"fashion-sneakers-taobao-1","fashion-sneakers","Nike Pegasus 41 缓震跑步鞋 淘宝 618 活动款","服装","运动鞋","淘宝 · Nike 品牌授权专卖店","fashion-sneakers-taobao-1-13","4","positive","履约服务","淘宝发货信息清楚，预计 2-4 天送达。","近 20 天","基于商品字段生成的拟真模拟评论"
"fashion-sneakers-taobao-1","fashion-sneakers","Nike Pegasus 41 缓震跑步鞋 淘宝 618 活动款","服装","运动鞋","淘宝 · Nike 品牌授权专卖店","fashion-sneakers-taobao-1-14","5","positive","体验","发货速度快，包装也比较完整。","近 82 天","基于商品字段生成的拟真模拟评论"
"fashion-sneakers-taobao-1","fashion-sneakers","Nike Pegasus 41 缓震跑步鞋 淘宝 618 活动款","服装","运动鞋","淘宝 · Nike 品牌授权专卖店","fashion-sneakers-taobao-1-15","3","negative","售后","退换流程需要按平台规则走，不算特别快。","近 69 天","基于商品字段生成的拟真模拟评论"
"fashion-sneakers-taobao-1","fashion-sneakers","Nike Pegasus 41 缓震跑步鞋 淘宝 618 活动款","服装","运动鞋","淘宝 · Nike 品牌授权专卖店","fashion-sneakers-taobao-1-16","5","positive","价格","券后价格比线下便宜一些。","近 38 天","基于商品字段生成的拟真模拟评论"
"fashion-sneakers-taobao-1","fashion-sneakers","Nike Pegasus 41 缓震跑步鞋 淘宝 618 活动款","服装","运动鞋","淘宝 · Nike 品牌授权专卖店","fashion-sneakers-taobao-1-17","5","positive","缓震舒适","鞋面透气性不错，通勤和训练都能穿。","近 61 天","基于商品字段生成的拟真模拟评论"
"fashion-sneakers-taobao-1","fashion-sneakers","Nike Pegasus 41 缓震跑步鞋 淘宝 618 活动款","服装","运动鞋","淘宝 · Nike 品牌授权专卖店","fashion-sneakers-taobao-1-18","4","positive","履约服务","7 天无理由，需保持吊牌，下单前能比较明确地判断售后成本。","近 24 天","基于商品字段生成的拟真模拟评论"
"fashion-sneakers-taobao-1","fashion-sneakers","Nike Pegasus 41 缓震跑步鞋 淘宝 618 活动款","服装","运动鞋","淘宝 · Nike 品牌授权专卖店","fashion-sneakers-taobao-1-19","5","positive","体验","实物和页面描述基本一致，整体满意。","近 57 天","基于商品字段生成的拟真模拟评论"
"fashion-sneakers-taobao-1","fashion-sneakers","Nike Pegasus 41 缓震跑步鞋 淘宝 618 活动款","服装","运动鞋","淘宝 · Nike 品牌授权专卖店","fashion-sneakers-taobao-1-20","5","positive","价格","活动价入手比较划算，性价比可以。","近 58 天","基于商品字段生成的拟真模拟评论"
"fashion-sneakers-taobao-1","fashion-sneakers","Nike Pegasus 41 缓震跑步鞋 淘宝 618 活动款","服装","运动鞋","淘宝 · Nike 品牌授权专卖店","fashion-sneakers-taobao-1-21","5","positive","缓震舒适","日常慢跑缓震够用，走路久了脚底也不容易累。","近 33 天","基于商品字段生成的拟真模拟评论"
"fashion-sneakers-taobao-1","fashion-sneakers","Nike Pegasus 41 缓震跑步鞋 淘宝 618 活动款","服装","运动鞋","淘宝 · Nike 品牌授权专卖店","fashion-sneakers-taobao-1-22","4","positive","履约服务","淘宝发货信息清楚，预计 2-4 天送达。","近 27 天","基于商品字段生成的拟真模拟评论"
"fashion-sneakers-taobao-1","fashion-sneakers","Nike Pegasus 41 缓震跑步鞋 淘宝 618 活动款","服装","运动鞋","淘宝 · Nike 品牌授权专卖店","fashion-sneakers-taobao-1-23","3","negative","尺码适配","鞋楦适配因人而异，宽脚建议先试穿或买大半码。","近 41 天","基于商品字段生成的拟真模拟评论"
"fashion-sneakers-taobao-1","fashion-sneakers","Nike Pegasus 41 缓震跑步鞋 淘宝 618 活动款","服装","运动鞋","淘宝 · Nike 品牌授权专卖店","fashion-sneakers-taobao-1-24","2","negative","售后规则","退换仍需按“7 天无理由，需保持吊牌”执行，拆封或使用前要先确认条件。","近 30 天","基于商品字段生成的拟真模拟评论"
"fashion-sneakers-douyin-5","fashion-sneakers","Nike Pegasus 41 缓震跑步鞋 抖音商城 618 活动款","服装","运动鞋","抖音商城 · Nike 品牌直播旗舰店","fashion-sneakers-douyin-5-1","5","positive","体验","实物和页面描述基本一致，整体满意。","近 77 天","基于商品字段生成的拟真模拟评论"
"fashion-sneakers-douyin-5","fashion-sneakers","Nike Pegasus 41 缓震跑步鞋 抖音商城 618 活动款","服装","运动鞋","抖音商城 · Nike 品牌直播旗舰店","fashion-sneakers-douyin-5-2","4","positive","价格","活动价入手比较划算，性价比可以。","近 83 天","基于商品字段生成的拟真模拟评论"
"fashion-sneakers-douyin-5","fashion-sneakers","Nike Pegasus 41 缓震跑步鞋 抖音商城 618 活动款","服装","运动鞋","抖音商城 · Nike 品牌直播旗舰店","fashion-sneakers-douyin-5-3","4","positive","缓震舒适","日常慢跑缓震够用，走路久了脚底也不容易累。","近 39 天","基于商品字段生成的拟真模拟评论"
"fashion-sneakers-douyin-5","fashion-sneakers","Nike Pegasus 41 缓震跑步鞋 抖音商城 618 活动款","服装","运动鞋","抖音商城 · Nike 品牌直播旗舰店","fashion-sneakers-douyin-5-4","5","positive","履约服务","抖音商城发货信息清楚，预计 2-4 天送达。","近 4 天","基于商品字段生成的拟真模拟评论"
"fashion-sneakers-douyin-5","fashion-sneakers","Nike Pegasus 41 缓震跑步鞋 抖音商城 618 活动款","服装","运动鞋","抖音商城 · Nike 品牌直播旗舰店","fashion-sneakers-douyin-5-5","5","positive","体验","发货速度快，包装也比较完整。","近 60 天","基于商品字段生成的拟真模拟评论"
"fashion-sneakers-douyin-5","fashion-sneakers","Nike Pegasus 41 缓震跑步鞋 抖音商城 618 活动款","服装","运动鞋","抖音商城 · Nike 品牌直播旗舰店","fashion-sneakers-douyin-5-6","2","negative","细节","部分细节和预期有差距，下单前要看清规格。","近 56 天","基于商品字段生成的拟真模拟评论"
"fashion-sneakers-douyin-5","fashion-sneakers","Nike Pegasus 41 缓震跑步鞋 抖音商城 618 活动款","服装","运动鞋","抖音商城 · Nike 品牌直播旗舰店","fashion-sneakers-douyin-5-7","5","positive","价格","券后价格比线下便宜一些。","近 1 天","基于商品字段生成的拟真模拟评论"
"fashion-sneakers-douyin-5","fashion-sneakers","Nike Pegasus 41 缓震跑步鞋 抖音商城 618 活动款","服装","运动鞋","抖音商城 · Nike 品牌直播旗舰店","fashion-sneakers-douyin-5-8","5","positive","缓震舒适","鞋面透气性不错，通勤和训练都能穿。","近 7 天","基于商品字段生成的拟真模拟评论"
"fashion-sneakers-douyin-5","fashion-sneakers","Nike Pegasus 41 缓震跑步鞋 抖音商城 618 活动款","服装","运动鞋","抖音商城 · Nike 品牌直播旗舰店","fashion-sneakers-douyin-5-9","4","positive","履约服务","7 天无理由，直播赠品需一并退回，下单前能比较明确地判断售后成本。","近 24 天","基于商品字段生成的拟真模拟评论"
"fashion-sneakers-douyin-5","fashion-sneakers","Nike Pegasus 41 缓震跑步鞋 抖音商城 618 活动款","服装","运动鞋","抖音商城 · Nike 品牌直播旗舰店","fashion-sneakers-douyin-5-10","5","positive","体验","实物和页面描述基本一致，整体满意。","近 58 天","基于商品字段生成的拟真模拟评论"
"fashion-sneakers-douyin-5","fashion-sneakers","Nike Pegasus 41 缓震跑步鞋 抖音商城 618 活动款","服装","运动鞋","抖音商城 · Nike 品牌直播旗舰店","fashion-sneakers-douyin-5-11","5","positive","价格","活动价入手比较划算，性价比可以。","近 77 天","基于商品字段生成的拟真模拟评论"
"fashion-sneakers-douyin-5","fashion-sneakers","Nike Pegasus 41 缓震跑步鞋 抖音商城 618 活动款","服装","运动鞋","抖音商城 · Nike 品牌直播旗舰店","fashion-sneakers-douyin-5-12","3","negative","售后","退换流程需要按平台规则走，不算特别快。","近 20 天","基于商品字段生成的拟真模拟评论"
"fashion-sneakers-douyin-5","fashion-sneakers","Nike Pegasus 41 缓震跑步鞋 抖音商城 618 活动款","服装","运动鞋","抖音商城 · Nike 品牌直播旗舰店","fashion-sneakers-douyin-5-13","5","positive","缓震舒适","日常慢跑缓震够用，走路久了脚底也不容易累。","近 84 天","基于商品字段生成的拟真模拟评论"
"fashion-sneakers-douyin-5","fashion-sneakers","Nike Pegasus 41 缓震跑步鞋 抖音商城 618 活动款","服装","运动鞋","抖音商城 · Nike 品牌直播旗舰店","fashion-sneakers-douyin-5-14","4","positive","履约服务","抖音商城发货信息清楚，预计 2-4 天送达。","近 80 天","基于商品字段生成的拟真模拟评论"
"fashion-sneakers-douyin-5","fashion-sneakers","Nike Pegasus 41 缓震跑步鞋 抖音商城 618 活动款","服装","运动鞋","抖音商城 · Nike 品牌直播旗舰店","fashion-sneakers-douyin-5-15","4","positive","体验","发货速度快，包装也比较完整。","近 49 天","基于商品字段生成的拟真模拟评论"
"fashion-sneakers-douyin-5","fashion-sneakers","Nike Pegasus 41 缓震跑步鞋 抖音商城 618 活动款","服装","运动鞋","抖音商城 · Nike 品牌直播旗舰店","fashion-sneakers-douyin-5-16","5","positive","价格","券后价格比线下便宜一些。","近 22 天","基于商品字段生成的拟真模拟评论"
"fashion-sneakers-douyin-5","fashion-sneakers","Nike Pegasus 41 缓震跑步鞋 抖音商城 618 活动款","服装","运动鞋","抖音商城 · Nike 品牌直播旗舰店","fashion-sneakers-douyin-5-17","4","positive","缓震舒适","鞋面透气性不错，通勤和训练都能穿。","近 77 天","基于商品字段生成的拟真模拟评论"
"fashion-sneakers-douyin-5","fashion-sneakers","Nike Pegasus 41 缓震跑步鞋 抖音商城 618 活动款","服装","运动鞋","抖音商城 · Nike 品牌直播旗舰店","fashion-sneakers-douyin-5-18","2","negative","尺码适配","鞋楦适配因人而异，宽脚建议先试穿或买大半码。","近 6 天","基于商品字段生成的拟真模拟评论"
"fashion-sneakers-douyin-5","fashion-sneakers","Nike Pegasus 41 缓震跑步鞋 抖音商城 618 活动款","服装","运动鞋","抖音商城 · Nike 品牌直播旗舰店","fashion-sneakers-douyin-5-19","5","positive","履约服务","7 天无理由，直播赠品需一并退回，下单前能比较明确地判断售后成本。","近 60 天","基于商品字段生成的拟真模拟评论"
"fashion-sneakers-douyin-5","fashion-sneakers","Nike Pegasus 41 缓震跑步鞋 抖音商城 618 活动款","服装","运动鞋","抖音商城 · Nike 品牌直播旗舰店","fashion-sneakers-douyin-5-20","5","positive","体验","实物和页面描述基本一致，整体满意。","近 19 天","基于商品字段生成的拟真模拟评论"
"fashion-sneakers-douyin-5","fashion-sneakers","Nike Pegasus 41 缓震跑步鞋 抖音商城 618 活动款","服装","运动鞋","抖音商城 · Nike 品牌直播旗舰店","fashion-sneakers-douyin-5-21","4","positive","价格","活动价入手比较划算，性价比可以。","近 54 天","基于商品字段生成的拟真模拟评论"
"fashion-sneakers-douyin-5","fashion-sneakers","Nike Pegasus 41 缓震跑步鞋 抖音商城 618 活动款","服装","运动鞋","抖音商城 · Nike 品牌直播旗舰店","fashion-sneakers-douyin-5-22","5","positive","缓震舒适","日常慢跑缓震够用，走路久了脚底也不容易累。","近 36 天","基于商品字段生成的拟真模拟评论"
"fashion-sneakers-douyin-5","fashion-sneakers","Nike Pegasus 41 缓震跑步鞋 抖音商城 618 活动款","服装","运动鞋","抖音商城 · Nike 品牌直播旗舰店","fashion-sneakers-douyin-5-23","5","positive","履约服务","抖音商城发货信息清楚，预计 2-4 天送达。","近 75 天","基于商品字段生成的拟真模拟评论"
"fashion-sneakers-douyin-5","fashion-sneakers","Nike Pegasus 41 缓震跑步鞋 抖音商城 618 活动款","服装","运动鞋","抖音商城 · Nike 品牌直播旗舰店","fashion-sneakers-douyin-5-24","3","negative","售后规则","退换仍需按“7 天无理由，直播赠品需一并退回”执行，拆封或使用前要先确认条件。","近 86 天","基于商品字段生成的拟真模拟评论"
"fashion-sneakers-xiaohongshu-4","fashion-sneakers","Nike Pegasus 41 缓震跑步鞋 小红书商城 618 活动款","服装","运动鞋","小红书商城 · Nike 小红书精选品牌店","fashion-sneakers-xiaohongshu-4-1","3","negative","细节","部分细节和预期有差距，下单前要看清规格。","近 52 天","基于商品字段生成的拟真模拟评论"
"fashion-sneakers-xiaohongshu-4","fashion-sneakers","Nike Pegasus 41 缓震跑步鞋 小红书商城 618 活动款","服装","运动鞋","小红书商城 · Nike 小红书精选品牌店","fashion-sneakers-xiaohongshu-4-2","5","positive","体验","实物和页面描述基本一致，整体满意。","近 1 天","基于商品字段生成的拟真模拟评论"
"fashion-sneakers-xiaohongshu-4","fashion-sneakers","Nike Pegasus 41 缓震跑步鞋 小红书商城 618 活动款","服装","运动鞋","小红书商城 · Nike 小红书精选品牌店","fashion-sneakers-xiaohongshu-4-3","5","positive","价格","活动价入手比较划算，性价比可以。","近 63 天","基于商品字段生成的拟真模拟评论"
"fashion-sneakers-xiaohongshu-4","fashion-sneakers","Nike Pegasus 41 缓震跑步鞋 小红书商城 618 活动款","服装","运动鞋","小红书商城 · Nike 小红书精选品牌店","fashion-sneakers-xiaohongshu-4-4","4","positive","缓震舒适","日常慢跑缓震够用，走路久了脚底也不容易累。","近 26 天","基于商品字段生成的拟真模拟评论"
"fashion-sneakers-xiaohongshu-4","fashion-sneakers","Nike Pegasus 41 缓震跑步鞋 小红书商城 618 活动款","服装","运动鞋","小红书商城 · Nike 小红书精选品牌店","fashion-sneakers-xiaohongshu-4-5","5","positive","履约服务","小红书商城发货信息清楚，预计 3 天送达。","近 80 天","基于商品字段生成的拟真模拟评论"
"fashion-sneakers-xiaohongshu-4","fashion-sneakers","Nike Pegasus 41 缓震跑步鞋 小红书商城 618 活动款","服装","运动鞋","小红书商城 · Nike 小红书精选品牌店","fashion-sneakers-xiaohongshu-4-6","4","positive","体验","发货速度快，包装也比较完整。","近 74 天","基于商品字段生成的拟真模拟评论"
"fashion-sneakers-xiaohongshu-4","fashion-sneakers","Nike Pegasus 41 缓震跑步鞋 小红书商城 618 活动款","服装","运动鞋","小红书商城 · Nike 小红书精选品牌店","fashion-sneakers-xiaohongshu-4-7","5","positive","价格","券后价格比线下便宜一些。","近 25 天","基于商品字段生成的拟真模拟评论"
"fashion-sneakers-xiaohongshu-4","fashion-sneakers","Nike Pegasus 41 缓震跑步鞋 小红书商城 618 活动款","服装","运动鞋","小红书商城 · Nike 小红书精选品牌店","fashion-sneakers-xiaohongshu-4-8","5","positive","缓震舒适","鞋面透气性不错，通勤和训练都能穿。","近 32 天","基于商品字段生成的拟真模拟评论"
"fashion-sneakers-xiaohongshu-4","fashion-sneakers","Nike Pegasus 41 缓震跑步鞋 小红书商城 618 活动款","服装","运动鞋","小红书商城 · Nike 小红书精选品牌店","fashion-sneakers-xiaohongshu-4-9","3","negative","售后","退换流程需要按平台规则走，不算特别快。","近 7 天","基于商品字段生成的拟真模拟评论"
"fashion-sneakers-xiaohongshu-4","fashion-sneakers","Nike Pegasus 41 缓震跑步鞋 小红书商城 618 活动款","服装","运动鞋","小红书商城 · Nike 小红书精选品牌店","fashion-sneakers-xiaohongshu-4-10","5","positive","履约服务","未拆封支持 7 天退货，下单前能比较明确地判断售后成本。","近 6 天","基于商品字段生成的拟真模拟评论"
"fashion-sneakers-xiaohongshu-4","fashion-sneakers","Nike Pegasus 41 缓震跑步鞋 小红书商城 618 活动款","服装","运动鞋","小红书商城 · Nike 小红书精选品牌店","fashion-sneakers-xiaohongshu-4-11","3","negative","尺码适配","鞋楦适配因人而异，宽脚建议先试穿或买大半码。","近 36 天","基于商品字段生成的拟真模拟评论"
"fashion-sneakers-xiaohongshu-4","fashion-sneakers","Nike Pegasus 41 缓震跑步鞋 小红书商城 618 活动款","服装","运动鞋","小红书商城 · Nike 小红书精选品牌店","fashion-sneakers-xiaohongshu-4-12","5","positive","体验","实物和页面描述基本一致，整体满意。","近 45 天","基于商品字段生成的拟真模拟评论"
"fashion-sneakers-xiaohongshu-4","fashion-sneakers","Nike Pegasus 41 缓震跑步鞋 小红书商城 618 活动款","服装","运动鞋","小红书商城 · Nike 小红书精选品牌店","fashion-sneakers-xiaohongshu-4-13","5","positive","价格","活动价入手比较划算，性价比可以。","近 61 天","基于商品字段生成的拟真模拟评论"
"fashion-sneakers-xiaohongshu-4","fashion-sneakers","Nike Pegasus 41 缓震跑步鞋 小红书商城 618 活动款","服装","运动鞋","小红书商城 · Nike 小红书精选品牌店","fashion-sneakers-xiaohongshu-4-14","5","positive","缓震舒适","日常慢跑缓震够用，走路久了脚底也不容易累。","近 24 天","基于商品字段生成的拟真模拟评论"
"fashion-sneakers-xiaohongshu-4","fashion-sneakers","Nike Pegasus 41 缓震跑步鞋 小红书商城 618 活动款","服装","运动鞋","小红书商城 · Nike 小红书精选品牌店","fashion-sneakers-xiaohongshu-4-15","5","positive","履约服务","小红书商城发货信息清楚，预计 3 天送达。","近 57 天","基于商品字段生成的拟真模拟评论"
"fashion-sneakers-xiaohongshu-4","fashion-sneakers","Nike Pegasus 41 缓震跑步鞋 小红书商城 618 活动款","服装","运动鞋","小红书商城 · Nike 小红书精选品牌店","fashion-sneakers-xiaohongshu-4-16","3","negative","售后规则","退换仍需按“未拆封支持 7 天退货”执行，拆封或使用前要先确认条件。","近 36 天","基于商品字段生成的拟真模拟评论"
"fashion-sneakers-xiaohongshu-4","fashion-sneakers","Nike Pegasus 41 缓震跑步鞋 小红书商城 618 活动款","服装","运动鞋","小红书商城 · Nike 小红书精选品牌店","fashion-sneakers-xiaohongshu-4-17","5","positive","体验","发货速度快，包装也比较完整。","近 18 天","基于商品字段生成的拟真模拟评论"
"fashion-sneakers-xiaohongshu-4","fashion-sneakers","Nike Pegasus 41 缓震跑步鞋 小红书商城 618 活动款","服装","运动鞋","小红书商城 · Nike 小红书精选品牌店","fashion-sneakers-xiaohongshu-4-18","5","positive","价格","券后价格比线下便宜一些。","近 43 天","基于商品字段生成的拟真模拟评论"
"fashion-sneakers-xiaohongshu-4","fashion-sneakers","Nike Pegasus 41 缓震跑步鞋 小红书商城 618 活动款","服装","运动鞋","小红书商城 · Nike 小红书精选品牌店","fashion-sneakers-xiaohongshu-4-19","5","positive","缓震舒适","鞋面透气性不错，通勤和训练都能穿。","近 67 天","基于商品字段生成的拟真模拟评论"
"fashion-sneakers-xiaohongshu-4","fashion-sneakers","Nike Pegasus 41 缓震跑步鞋 小红书商城 618 活动款","服装","运动鞋","小红书商城 · Nike 小红书精选品牌店","fashion-sneakers-xiaohongshu-4-20","5","positive","履约服务","未拆封支持 7 天退货，下单前能比较明确地判断售后成本。","近 10 天","基于商品字段生成的拟真模拟评论"
"fashion-sneakers-xiaohongshu-4","fashion-sneakers","Nike Pegasus 41 缓震跑步鞋 小红书商城 618 活动款","服装","运动鞋","小红书商城 · Nike 小红书精选品牌店","fashion-sneakers-xiaohongshu-4-21","2","negative","细节","客服解释比较慢，急用要提前确认。","近 74 天","基于商品字段生成的拟真模拟评论"
"fashion-sneakers-xiaohongshu-4","fashion-sneakers","Nike Pegasus 41 缓震跑步鞋 小红书商城 618 活动款","服装","运动鞋","小红书商城 · Nike 小红书精选品牌店","fashion-sneakers-xiaohongshu-4-22","4","positive","体验","实物和页面描述基本一致，整体满意。","近 25 天","基于商品字段生成的拟真模拟评论"
"fashion-sneakers-xiaohongshu-4","fashion-sneakers","Nike Pegasus 41 缓震跑步鞋 小红书商城 618 活动款","服装","运动鞋","小红书商城 · Nike 小红书精选品牌店","fashion-sneakers-xiaohongshu-4-23","2","negative","售后","赠品和主商品分开发货，等待时间更久。","近 81 天","基于商品字段生成的拟真模拟评论"
"fashion-sneakers-xiaohongshu-4","fashion-sneakers","Nike Pegasus 41 缓震跑步鞋 小红书商城 618 活动款","服装","运动鞋","小红书商城 · Nike 小红书精选品牌店","fashion-sneakers-xiaohongshu-4-24","2","negative","尺码适配","不同脚型对足弓支撑感受差异比较明显。","近 74 天","基于商品字段生成的拟真模拟评论"
"fashion-downjacket-vip-3","fashion-downjacket","700 蓬轻量防风羽绒服 唯品会 618 活动款","服装","羽绒服","唯品会 · Snow Peakline 唯品会品牌特卖","fashion-downjacket-vip-3-1","4","positive","体验","实物和页面描述基本一致，整体满意。","近 79 天","基于商品字段生成的拟真模拟评论"
"fashion-downjacket-vip-3","fashion-downjacket","700 蓬轻量防风羽绒服 唯品会 618 活动款","服装","羽绒服","唯品会 · Snow Peakline 唯品会品牌特卖","fashion-downjacket-vip-3-2","4","positive","价格","活动价入手比较划算，性价比可以。","近 24 天","基于商品字段生成的拟真模拟评论"
"fashion-downjacket-vip-3","fashion-downjacket","700 蓬轻量防风羽绒服 唯品会 618 活动款","服装","羽绒服","唯品会 · Snow Peakline 唯品会品牌特卖","fashion-downjacket-vip-3-3","5","positive","版型材质","版型和详情页描述基本一致，面料上身质感也不错。","近 54 天","基于商品字段生成的拟真模拟评论"
"fashion-downjacket-vip-3","fashion-downjacket","700 蓬轻量防风羽绒服 唯品会 618 活动款","服装","羽绒服","唯品会 · Snow Peakline 唯品会品牌特卖","fashion-downjacket-vip-3-4","3","negative","细节","部分细节和预期有差距，下单前要看清规格。","近 62 天","基于商品字段生成的拟真模拟评论"
"fashion-downjacket-vip-3","fashion-downjacket","700 蓬轻量防风羽绒服 唯品会 618 活动款","服装","羽绒服","唯品会 · Snow Peakline 唯品会品牌特卖","fashion-downjacket-vip-3-5","5","positive","履约服务","唯品会发货信息清楚，预计 2 天送达。","近 48 天","基于商品字段生成的拟真模拟评论"
"fashion-downjacket-vip-3","fashion-downjacket","700 蓬轻量防风羽绒服 唯品会 618 活动款","服装","羽绒服","唯品会 · Snow Peakline 唯品会品牌特卖","fashion-downjacket-vip-3-6","5","positive","体验","发货速度快，包装也比较完整。","近 10 天","基于商品字段生成的拟真模拟评论"
"fashion-downjacket-vip-3","fashion-downjacket","700 蓬轻量防风羽绒服 唯品会 618 活动款","服装","羽绒服","唯品会 · Snow Peakline 唯品会品牌特卖","fashion-downjacket-vip-3-7","4","positive","价格","券后价格比线下便宜一些。","近 47 天","基于商品字段生成的拟真模拟评论"
"fashion-downjacket-vip-3","fashion-downjacket","700 蓬轻量防风羽绒服 唯品会 618 活动款","服装","羽绒服","唯品会 · Snow Peakline 唯品会品牌特卖","fashion-downjacket-vip-3-8","5","positive","版型材质","颜色比较耐看，日常通勤搭配起来不费力。","近 55 天","基于商品字段生成的拟真模拟评论"
"fashion-downjacket-vip-3","fashion-downjacket","700 蓬轻量防风羽绒服 唯品会 618 活动款","服装","羽绒服","唯品会 · Snow Peakline 唯品会品牌特卖","fashion-downjacket-vip-3-9","5","positive","履约服务","7 天无理由，支持退货运费险，下单前能比较明确地判断售后成本。","近 45 天","基于商品字段生成的拟真模拟评论"
"fashion-downjacket-vip-3","fashion-downjacket","700 蓬轻量防风羽绒服 唯品会 618 活动款","服装","羽绒服","唯品会 · Snow Peakline 唯品会品牌特卖","fashion-downjacket-vip-3-10","3","negative","售后","退换流程需要按平台规则走，不算特别快。","近 14 天","基于商品字段生成的拟真模拟评论"
"fashion-downjacket-vip-3","fashion-downjacket","700 蓬轻量防风羽绒服 唯品会 618 活动款","服装","羽绒服","唯品会 · Snow Peakline 唯品会品牌特卖","fashion-downjacket-vip-3-11","5","positive","体验","实物和页面描述基本一致，整体满意。","近 1 天","基于商品字段生成的拟真模拟评论"
"fashion-downjacket-vip-3","fashion-downjacket","700 蓬轻量防风羽绒服 唯品会 618 活动款","服装","羽绒服","唯品会 · Snow Peakline 唯品会品牌特卖","fashion-downjacket-vip-3-12","4","positive","价格","活动价入手比较划算，性价比可以。","近 12 天","基于商品字段生成的拟真模拟评论"
"fashion-downjacket-vip-3","fashion-downjacket","700 蓬轻量防风羽绒服 唯品会 618 活动款","服装","羽绒服","唯品会 · Snow Peakline 唯品会品牌特卖","fashion-downjacket-vip-3-13","5","positive","版型材质","版型和详情页描述基本一致，面料上身质感也不错。","近 62 天","基于商品字段生成的拟真模拟评论"
"fashion-downjacket-vip-3","fashion-downjacket","700 蓬轻量防风羽绒服 唯品会 618 活动款","服装","羽绒服","唯品会 · Snow Peakline 唯品会品牌特卖","fashion-downjacket-vip-3-14","2","negative","尺码色差","尺码受身材和穿着习惯影响，建议先核对尺寸表。","近 16 天","基于商品字段生成的拟真模拟评论"
"fashion-downjacket-vip-3","fashion-downjacket","700 蓬轻量防风羽绒服 唯品会 618 活动款","服装","羽绒服","唯品会 · Snow Peakline 唯品会品牌特卖","fashion-downjacket-vip-3-15","5","positive","履约服务","唯品会发货信息清楚，预计 2 天送达。","近 33 天","基于商品字段生成的拟真模拟评论"
"fashion-downjacket-vip-3","fashion-downjacket","700 蓬轻量防风羽绒服 唯品会 618 活动款","服装","羽绒服","唯品会 · Snow Peakline 唯品会品牌特卖","fashion-downjacket-vip-3-16","5","positive","体验","发货速度快，包装也比较完整。","近 53 天","基于商品字段生成的拟真模拟评论"
"fashion-downjacket-vip-3","fashion-downjacket","700 蓬轻量防风羽绒服 唯品会 618 活动款","服装","羽绒服","唯品会 · Snow Peakline 唯品会品牌特卖","fashion-downjacket-vip-3-17","4","positive","价格","券后价格比线下便宜一些。","近 46 天","基于商品字段生成的拟真模拟评论"
"fashion-downjacket-vip-3","fashion-downjacket","700 蓬轻量防风羽绒服 唯品会 618 活动款","服装","羽绒服","唯品会 · Snow Peakline 唯品会品牌特卖","fashion-downjacket-vip-3-18","5","positive","版型材质","颜色比较耐看，日常通勤搭配起来不费力。","近 7 天","基于商品字段生成的拟真模拟评论"
"fashion-downjacket-vip-3","fashion-downjacket","700 蓬轻量防风羽绒服 唯品会 618 活动款","服装","羽绒服","唯品会 · Snow Peakline 唯品会品牌特卖","fashion-downjacket-vip-3-19","3","negative","售后规则","退换仍需按“7 天无理由，支持退货运费险”执行，拆封或使用前要先确认条件。","近 6 天","基于商品字段生成的拟真模拟评论"
"fashion-downjacket-vip-3","fashion-downjacket","700 蓬轻量防风羽绒服 唯品会 618 活动款","服装","羽绒服","唯品会 · Snow Peakline 唯品会品牌特卖","fashion-downjacket-vip-3-20","5","positive","履约服务","7 天无理由，支持退货运费险，下单前能比较明确地判断售后成本。","近 10 天","基于商品字段生成的拟真模拟评论"
"fashion-downjacket-vip-3","fashion-downjacket","700 蓬轻量防风羽绒服 唯品会 618 活动款","服装","羽绒服","唯品会 · Snow Peakline 唯品会品牌特卖","fashion-downjacket-vip-3-21","5","positive","体验","实物和页面描述基本一致，整体满意。","近 24 天","基于商品字段生成的拟真模拟评论"
"fashion-downjacket-vip-3","fashion-downjacket","700 蓬轻量防风羽绒服 唯品会 618 活动款","服装","羽绒服","唯品会 · Snow Peakline 唯品会品牌特卖","fashion-downjacket-vip-3-22","4","positive","价格","活动价入手比较划算，性价比可以。","近 13 天","基于商品字段生成的拟真模拟评论"
"fashion-downjacket-vip-3","fashion-downjacket","700 蓬轻量防风羽绒服 唯品会 618 活动款","服装","羽绒服","唯品会 · Snow Peakline 唯品会品牌特卖","fashion-downjacket-vip-3-23","5","positive","版型材质","版型和详情页描述基本一致，面料上身质感也不错。","近 7 天","基于商品字段生成的拟真模拟评论"
"fashion-downjacket-vip-3","fashion-downjacket","700 蓬轻量防风羽绒服 唯品会 618 活动款","服装","羽绒服","唯品会 · Snow Peakline 唯品会品牌特卖","fashion-downjacket-vip-3-24","5","positive","履约服务","唯品会发货信息清楚，预计 2 天送达。","近 74 天","基于商品字段生成的拟真模拟评论"
"fashion-downjacket-taobao-1","fashion-downjacket","700 蓬轻量防风羽绒服 淘宝 618 活动款","服装","羽绒服","淘宝 · Snow Peakline 品牌授权专卖店","fashion-downjacket-taobao-1-1","5","positive","体验","实物和页面描述基本一致，整体满意。","近 84 天","基于商品字段生成的拟真模拟评论"
"fashion-downjacket-taobao-1","fashion-downjacket","700 蓬轻量防风羽绒服 淘宝 618 活动款","服装","羽绒服","淘宝 · Snow Peakline 品牌授权专卖店","fashion-downjacket-taobao-1-2","5","positive","价格","活动价入手比较划算，性价比可以。","近 31 天","基于商品字段生成的拟真模拟评论"
"fashion-downjacket-taobao-1","fashion-downjacket","700 蓬轻量防风羽绒服 淘宝 618 活动款","服装","羽绒服","淘宝 · Snow Peakline 品牌授权专卖店","fashion-downjacket-taobao-1-3","5","positive","版型材质","版型和详情页描述基本一致，面料上身质感也不错。","近 39 天","基于商品字段生成的拟真模拟评论"
"fashion-downjacket-taobao-1","fashion-downjacket","700 蓬轻量防风羽绒服 淘宝 618 活动款","服装","羽绒服","淘宝 · Snow Peakline 品牌授权专卖店","fashion-downjacket-taobao-1-4","5","positive","履约服务","淘宝发货信息清楚，预计 2-4 天送达。","近 39 天","基于商品字段生成的拟真模拟评论"
"fashion-downjacket-taobao-1","fashion-downjacket","700 蓬轻量防风羽绒服 淘宝 618 活动款","服装","羽绒服","淘宝 · Snow Peakline 品牌授权专卖店","fashion-downjacket-taobao-1-5","5","positive","体验","发货速度快，包装也比较完整。","近 27 天","基于商品字段生成的拟真模拟评论"
"fashion-downjacket-taobao-1","fashion-downjacket","700 蓬轻量防风羽绒服 淘宝 618 活动款","服装","羽绒服","淘宝 · Snow Peakline 品牌授权专卖店","fashion-downjacket-taobao-1-6","5","positive","价格","券后价格比线下便宜一些。","近 53 天","基于商品字段生成的拟真模拟评论"
"fashion-downjacket-taobao-1","fashion-downjacket","700 蓬轻量防风羽绒服 淘宝 618 活动款","服装","羽绒服","淘宝 · Snow Peakline 品牌授权专卖店","fashion-downjacket-taobao-1-7","5","positive","版型材质","颜色比较耐看，日常通勤搭配起来不费力。","近 68 天","基于商品字段生成的拟真模拟评论"
"fashion-downjacket-taobao-1","fashion-downjacket","700 蓬轻量防风羽绒服 淘宝 618 活动款","服装","羽绒服","淘宝 · Snow Peakline 品牌授权专卖店","fashion-downjacket-taobao-1-8","5","positive","履约服务","7 天无理由，需保持吊牌，下单前能比较明确地判断售后成本。","近 53 天","基于商品字段生成的拟真模拟评论"
"fashion-downjacket-taobao-1","fashion-downjacket","700 蓬轻量防风羽绒服 淘宝 618 活动款","服装","羽绒服","淘宝 · Snow Peakline 品牌授权专卖店","fashion-downjacket-taobao-1-9","3","negative","细节","部分细节和预期有差距，下单前要看清规格。","近 36 天","基于商品字段生成的拟真模拟评论"
"fashion-downjacket-taobao-1","fashion-downjacket","700 蓬轻量防风羽绒服 淘宝 618 活动款","服装","羽绒服","淘宝 · Snow Peakline 品牌授权专卖店","fashion-downjacket-taobao-1-10","5","positive","体验","实物和页面描述基本一致，整体满意。","近 63 天","基于商品字段生成的拟真模拟评论"
"fashion-downjacket-taobao-1","fashion-downjacket","700 蓬轻量防风羽绒服 淘宝 618 活动款","服装","羽绒服","淘宝 · Snow Peakline 品牌授权专卖店","fashion-downjacket-taobao-1-11","5","positive","价格","活动价入手比较划算，性价比可以。","近 32 天","基于商品字段生成的拟真模拟评论"
"fashion-downjacket-taobao-1","fashion-downjacket","700 蓬轻量防风羽绒服 淘宝 618 活动款","服装","羽绒服","淘宝 · Snow Peakline 品牌授权专卖店","fashion-downjacket-taobao-1-12","5","positive","版型材质","版型和详情页描述基本一致，面料上身质感也不错。","近 61 天","基于商品字段生成的拟真模拟评论"
"fashion-downjacket-taobao-1","fashion-downjacket","700 蓬轻量防风羽绒服 淘宝 618 活动款","服装","羽绒服","淘宝 · Snow Peakline 品牌授权专卖店","fashion-downjacket-taobao-1-13","4","positive","履约服务","淘宝发货信息清楚，预计 2-4 天送达。","近 34 天","基于商品字段生成的拟真模拟评论"
"fashion-downjacket-taobao-1","fashion-downjacket","700 蓬轻量防风羽绒服 淘宝 618 活动款","服装","羽绒服","淘宝 · Snow Peakline 品牌授权专卖店","fashion-downjacket-taobao-1-14","5","positive","体验","发货速度快，包装也比较完整。","近 69 天","基于商品字段生成的拟真模拟评论"
"fashion-downjacket-taobao-1","fashion-downjacket","700 蓬轻量防风羽绒服 淘宝 618 活动款","服装","羽绒服","淘宝 · Snow Peakline 品牌授权专卖店","fashion-downjacket-taobao-1-15","2","negative","售后","退换流程需要按平台规则走，不算特别快。","近 73 天","基于商品字段生成的拟真模拟评论"
"fashion-downjacket-taobao-1","fashion-downjacket","700 蓬轻量防风羽绒服 淘宝 618 活动款","服装","羽绒服","淘宝 · Snow Peakline 品牌授权专卖店","fashion-downjacket-taobao-1-16","5","positive","价格","券后价格比线下便宜一些。","近 2 天","基于商品字段生成的拟真模拟评论"
"fashion-downjacket-taobao-1","fashion-downjacket","700 蓬轻量防风羽绒服 淘宝 618 活动款","服装","羽绒服","淘宝 · Snow Peakline 品牌授权专卖店","fashion-downjacket-taobao-1-17","5","positive","版型材质","颜色比较耐看，日常通勤搭配起来不费力。","近 86 天","基于商品字段生成的拟真模拟评论"
"fashion-downjacket-taobao-1","fashion-downjacket","700 蓬轻量防风羽绒服 淘宝 618 活动款","服装","羽绒服","淘宝 · Snow Peakline 品牌授权专卖店","fashion-downjacket-taobao-1-18","4","positive","履约服务","7 天无理由，需保持吊牌，下单前能比较明确地判断售后成本。","近 70 天","基于商品字段生成的拟真模拟评论"
"fashion-downjacket-taobao-1","fashion-downjacket","700 蓬轻量防风羽绒服 淘宝 618 活动款","服装","羽绒服","淘宝 · Snow Peakline 品牌授权专卖店","fashion-downjacket-taobao-1-19","5","positive","体验","实物和页面描述基本一致，整体满意。","近 46 天","基于商品字段生成的拟真模拟评论"
"fashion-downjacket-taobao-1","fashion-downjacket","700 蓬轻量防风羽绒服 淘宝 618 活动款","服装","羽绒服","淘宝 · Snow Peakline 品牌授权专卖店","fashion-downjacket-taobao-1-20","5","positive","价格","活动价入手比较划算，性价比可以。","近 58 天","基于商品字段生成的拟真模拟评论"
"fashion-downjacket-taobao-1","fashion-downjacket","700 蓬轻量防风羽绒服 淘宝 618 活动款","服装","羽绒服","淘宝 · Snow Peakline 品牌授权专卖店","fashion-downjacket-taobao-1-21","2","negative","尺码色差","尺码受身材和穿着习惯影响，建议先核对尺寸表。","近 52 天","基于商品字段生成的拟真模拟评论"
"fashion-downjacket-taobao-1","fashion-downjacket","700 蓬轻量防风羽绒服 淘宝 618 活动款","服装","羽绒服","淘宝 · Snow Peakline 品牌授权专卖店","fashion-downjacket-taobao-1-22","5","positive","版型材质","版型和详情页描述基本一致，面料上身质感也不错。","近 87 天","基于商品字段生成的拟真模拟评论"
"fashion-downjacket-taobao-1","fashion-downjacket","700 蓬轻量防风羽绒服 淘宝 618 活动款","服装","羽绒服","淘宝 · Snow Peakline 品牌授权专卖店","fashion-downjacket-taobao-1-23","3","negative","售后规则","退换仍需按“7 天无理由，需保持吊牌”执行，拆封或使用前要先确认条件。","近 4 天","基于商品字段生成的拟真模拟评论"
"fashion-downjacket-taobao-1","fashion-downjacket","700 蓬轻量防风羽绒服 淘宝 618 活动款","服装","羽绒服","淘宝 · Snow Peakline 品牌授权专卖店","fashion-downjacket-taobao-1-24","5","positive","履约服务","淘宝发货信息清楚，预计 2-4 天送达。","近 57 天","基于商品字段生成的拟真模拟评论"
"fashion-downjacket-taobao-2","fashion-downjacket","700 蓬轻量防风羽绒服 天猫 618 活动款","服装","羽绒服","天猫 · Snow Peakline 品牌天猫官方旗舰店","fashion-downjacket-taobao-2-1","5","positive","体验","实物和页面描述基本一致，整体满意。","近 18 天","基于商品字段生成的拟真模拟评论"
"fashion-downjacket-taobao-2","fashion-downjacket","700 蓬轻量防风羽绒服 天猫 618 活动款","服装","羽绒服","天猫 · Snow Peakline 品牌天猫官方旗舰店","fashion-downjacket-taobao-2-2","4","positive","价格","活动价入手比较划算，性价比可以。","近 55 天","基于商品字段生成的拟真模拟评论"
"fashion-downjacket-taobao-2","fashion-downjacket","700 蓬轻量防风羽绒服 天猫 618 活动款","服装","羽绒服","天猫 · Snow Peakline 品牌天猫官方旗舰店","fashion-downjacket-taobao-2-3","4","positive","版型材质","版型和详情页描述基本一致，面料上身质感也不错。","近 48 天","基于商品字段生成的拟真模拟评论"
"fashion-downjacket-taobao-2","fashion-downjacket","700 蓬轻量防风羽绒服 天猫 618 活动款","服装","羽绒服","天猫 · Snow Peakline 品牌天猫官方旗舰店","fashion-downjacket-taobao-2-4","4","positive","履约服务","天猫发货信息清楚，预计 2 天送达。","近 72 天","基于商品字段生成的拟真模拟评论"
"fashion-downjacket-taobao-2","fashion-downjacket","700 蓬轻量防风羽绒服 天猫 618 活动款","服装","羽绒服","天猫 · Snow Peakline 品牌天猫官方旗舰店","fashion-downjacket-taobao-2-5","4","positive","体验","发货速度快，包装也比较完整。","近 28 天","基于商品字段生成的拟真模拟评论"
"fashion-downjacket-taobao-2","fashion-downjacket","700 蓬轻量防风羽绒服 天猫 618 活动款","服装","羽绒服","天猫 · Snow Peakline 品牌天猫官方旗舰店","fashion-downjacket-taobao-2-6","3","negative","细节","部分细节和预期有差距，下单前要看清规格。","近 54 天","基于商品字段生成的拟真模拟评论"
"fashion-downjacket-taobao-2","fashion-downjacket","700 蓬轻量防风羽绒服 天猫 618 活动款","服装","羽绒服","天猫 · Snow Peakline 品牌天猫官方旗舰店","fashion-downjacket-taobao-2-7","2","negative","售后","退换流程需要按平台规则走，不算特别快。","近 56 天","基于商品字段生成的拟真模拟评论"
"fashion-downjacket-taobao-2","fashion-downjacket","700 蓬轻量防风羽绒服 天猫 618 活动款","服装","羽绒服","天猫 · Snow Peakline 品牌天猫官方旗舰店","fashion-downjacket-taobao-2-8","5","positive","价格","券后价格比线下便宜一些。","近 56 天","基于商品字段生成的拟真模拟评论"
"fashion-downjacket-taobao-2","fashion-downjacket","700 蓬轻量防风羽绒服 天猫 618 活动款","服装","羽绒服","天猫 · Snow Peakline 品牌天猫官方旗舰店","fashion-downjacket-taobao-2-9","4","positive","版型材质","颜色比较耐看，日常通勤搭配起来不费力。","近 7 天","基于商品字段生成的拟真模拟评论"
"fashion-downjacket-taobao-2","fashion-downjacket","700 蓬轻量防风羽绒服 天猫 618 活动款","服装","羽绒服","天猫 · Snow Peakline 品牌天猫官方旗舰店","fashion-downjacket-taobao-2-10","5","positive","履约服务","7 天无理由，退货运费险，下单前能比较明确地判断售后成本。","近 43 天","基于商品字段生成的拟真模拟评论"
"fashion-downjacket-taobao-2","fashion-downjacket","700 蓬轻量防风羽绒服 天猫 618 活动款","服装","羽绒服","天猫 · Snow Peakline 品牌天猫官方旗舰店","fashion-downjacket-taobao-2-11","4","positive","体验","实物和页面描述基本一致，整体满意。","近 74 天","基于商品字段生成的拟真模拟评论"
"fashion-downjacket-taobao-2","fashion-downjacket","700 蓬轻量防风羽绒服 天猫 618 活动款","服装","羽绒服","天猫 · Snow Peakline 品牌天猫官方旗舰店","fashion-downjacket-taobao-2-12","4","positive","价格","活动价入手比较划算，性价比可以。","近 62 天","基于商品字段生成的拟真模拟评论"
"fashion-downjacket-taobao-2","fashion-downjacket","700 蓬轻量防风羽绒服 天猫 618 活动款","服装","羽绒服","天猫 · Snow Peakline 品牌天猫官方旗舰店","fashion-downjacket-taobao-2-13","5","positive","版型材质","版型和详情页描述基本一致，面料上身质感也不错。","近 14 天","基于商品字段生成的拟真模拟评论"
"fashion-downjacket-taobao-2","fashion-downjacket","700 蓬轻量防风羽绒服 天猫 618 活动款","服装","羽绒服","天猫 · Snow Peakline 品牌天猫官方旗舰店","fashion-downjacket-taobao-2-14","4","positive","履约服务","天猫发货信息清楚，预计 2 天送达。","近 13 天","基于商品字段生成的拟真模拟评论"
"fashion-downjacket-taobao-2","fashion-downjacket","700 蓬轻量防风羽绒服 天猫 618 活动款","服装","羽绒服","天猫 · Snow Peakline 品牌天猫官方旗舰店","fashion-downjacket-taobao-2-15","4","positive","体验","发货速度快，包装也比较完整。","近 35 天","基于商品字段生成的拟真模拟评论"
"fashion-downjacket-taobao-2","fashion-downjacket","700 蓬轻量防风羽绒服 天猫 618 活动款","服装","羽绒服","天猫 · Snow Peakline 品牌天猫官方旗舰店","fashion-downjacket-taobao-2-16","5","positive","价格","券后价格比线下便宜一些。","近 50 天","基于商品字段生成的拟真模拟评论"
"fashion-downjacket-taobao-2","fashion-downjacket","700 蓬轻量防风羽绒服 天猫 618 活动款","服装","羽绒服","天猫 · Snow Peakline 品牌天猫官方旗舰店","fashion-downjacket-taobao-2-17","5","positive","版型材质","颜色比较耐看，日常通勤搭配起来不费力。","近 15 天","基于商品字段生成的拟真模拟评论"
"fashion-downjacket-taobao-2","fashion-downjacket","700 蓬轻量防风羽绒服 天猫 618 活动款","服装","羽绒服","天猫 · Snow Peakline 品牌天猫官方旗舰店","fashion-downjacket-taobao-2-18","5","positive","履约服务","7 天无理由，退货运费险，下单前能比较明确地判断售后成本。","近 14 天","基于商品字段生成的拟真模拟评论"
"fashion-downjacket-taobao-2","fashion-downjacket","700 蓬轻量防风羽绒服 天猫 618 活动款","服装","羽绒服","天猫 · Snow Peakline 品牌天猫官方旗舰店","fashion-downjacket-taobao-2-19","2","negative","尺码色差","尺码受身材和穿着习惯影响，建议先核对尺寸表。","近 3 天","基于商品字段生成的拟真模拟评论"
"fashion-downjacket-taobao-2","fashion-downjacket","700 蓬轻量防风羽绒服 天猫 618 活动款","服装","羽绒服","天猫 · Snow Peakline 品牌天猫官方旗舰店","fashion-downjacket-taobao-2-20","4","positive","体验","实物和页面描述基本一致，整体满意。","近 22 天","基于商品字段生成的拟真模拟评论"
"fashion-downjacket-taobao-2","fashion-downjacket","700 蓬轻量防风羽绒服 天猫 618 活动款","服装","羽绒服","天猫 · Snow Peakline 品牌天猫官方旗舰店","fashion-downjacket-taobao-2-21","5","positive","价格","活动价入手比较划算，性价比可以。","近 28 天","基于商品字段生成的拟真模拟评论"
"fashion-downjacket-taobao-2","fashion-downjacket","700 蓬轻量防风羽绒服 天猫 618 活动款","服装","羽绒服","天猫 · Snow Peakline 品牌天猫官方旗舰店","fashion-downjacket-taobao-2-22","5","positive","版型材质","版型和详情页描述基本一致，面料上身质感也不错。","近 15 天","基于商品字段生成的拟真模拟评论"
"fashion-downjacket-taobao-2","fashion-downjacket","700 蓬轻量防风羽绒服 天猫 618 活动款","服装","羽绒服","天猫 · Snow Peakline 品牌天猫官方旗舰店","fashion-downjacket-taobao-2-23","5","positive","履约服务","天猫发货信息清楚，预计 2 天送达。","近 50 天","基于商品字段生成的拟真模拟评论"
"fashion-downjacket-taobao-2","fashion-downjacket","700 蓬轻量防风羽绒服 天猫 618 活动款","服装","羽绒服","天猫 · Snow Peakline 品牌天猫官方旗舰店","fashion-downjacket-taobao-2-24","3","negative","售后规则","退换仍需按“7 天无理由，退货运费险”执行，拆封或使用前要先确认条件。","近 11 天","基于商品字段生成的拟真模拟评论"
"fashion-downjacket-douyin-5","fashion-downjacket","700 蓬轻量防风羽绒服 抖音商城 618 活动款","服装","羽绒服","抖音商城 · Snow Peakline 品牌直播旗舰店","fashion-downjacket-douyin-5-1","5","positive","体验","实物和页面描述基本一致，整体满意。","近 38 天","基于商品字段生成的拟真模拟评论"
"fashion-downjacket-douyin-5","fashion-downjacket","700 蓬轻量防风羽绒服 抖音商城 618 活动款","服装","羽绒服","抖音商城 · Snow Peakline 品牌直播旗舰店","fashion-downjacket-douyin-5-2","4","positive","价格","活动价入手比较划算，性价比可以。","近 88 天","基于商品字段生成的拟真模拟评论"
"fashion-downjacket-douyin-5","fashion-downjacket","700 蓬轻量防风羽绒服 抖音商城 618 活动款","服装","羽绒服","抖音商城 · Snow Peakline 品牌直播旗舰店","fashion-downjacket-douyin-5-3","5","positive","版型材质","版型和详情页描述基本一致，面料上身质感也不错。","近 17 天","基于商品字段生成的拟真模拟评论"
"fashion-downjacket-douyin-5","fashion-downjacket","700 蓬轻量防风羽绒服 抖音商城 618 活动款","服装","羽绒服","抖音商城 · Snow Peakline 品牌直播旗舰店","fashion-downjacket-douyin-5-4","4","positive","履约服务","抖音商城发货信息清楚，预计 2-4 天送达。","近 52 天","基于商品字段生成的拟真模拟评论"
"fashion-downjacket-douyin-5","fashion-downjacket","700 蓬轻量防风羽绒服 抖音商城 618 活动款","服装","羽绒服","抖音商城 · Snow Peakline 品牌直播旗舰店","fashion-downjacket-douyin-5-5","5","positive","体验","发货速度快，包装也比较完整。","近 46 天","基于商品字段生成的拟真模拟评论"
"fashion-downjacket-douyin-5","fashion-downjacket","700 蓬轻量防风羽绒服 抖音商城 618 活动款","服装","羽绒服","抖音商城 · Snow Peakline 品牌直播旗舰店","fashion-downjacket-douyin-5-6","5","positive","价格","券后价格比线下便宜一些。","近 4 天","基于商品字段生成的拟真模拟评论"
"fashion-downjacket-douyin-5","fashion-downjacket","700 蓬轻量防风羽绒服 抖音商城 618 活动款","服装","羽绒服","抖音商城 · Snow Peakline 品牌直播旗舰店","fashion-downjacket-douyin-5-7","5","positive","版型材质","颜色比较耐看，日常通勤搭配起来不费力。","近 6 天","基于商品字段生成的拟真模拟评论"
"fashion-downjacket-douyin-5","fashion-downjacket","700 蓬轻量防风羽绒服 抖音商城 618 活动款","服装","羽绒服","抖音商城 · Snow Peakline 品牌直播旗舰店","fashion-downjacket-douyin-5-8","2","negative","细节","部分细节和预期有差距，下单前要看清规格。","近 23 天","基于商品字段生成的拟真模拟评论"
"fashion-downjacket-douyin-5","fashion-downjacket","700 蓬轻量防风羽绒服 抖音商城 618 活动款","服装","羽绒服","抖音商城 · Snow Peakline 品牌直播旗舰店","fashion-downjacket-douyin-5-9","5","positive","履约服务","7 天无理由，直播赠品需一并退回，下单前能比较明确地判断售后成本。","近 33 天","基于商品字段生成的拟真模拟评论"
"fashion-downjacket-douyin-5","fashion-downjacket","700 蓬轻量防风羽绒服 抖音商城 618 活动款","服装","羽绒服","抖音商城 · Snow Peakline 品牌直播旗舰店","fashion-downjacket-douyin-5-10","4","positive","体验","实物和页面描述基本一致，整体满意。","近 24 天","基于商品字段生成的拟真模拟评论"
"fashion-downjacket-douyin-5","fashion-downjacket","700 蓬轻量防风羽绒服 抖音商城 618 活动款","服装","羽绒服","抖音商城 · Snow Peakline 品牌直播旗舰店","fashion-downjacket-douyin-5-11","5","positive","价格","活动价入手比较划算，性价比可以。","近 45 天","基于商品字段生成的拟真模拟评论"
"fashion-downjacket-douyin-5","fashion-downjacket","700 蓬轻量防风羽绒服 抖音商城 618 活动款","服装","羽绒服","抖音商城 · Snow Peakline 品牌直播旗舰店","fashion-downjacket-douyin-5-12","5","positive","版型材质","版型和详情页描述基本一致，面料上身质感也不错。","近 31 天","基于商品字段生成的拟真模拟评论"
"fashion-downjacket-douyin-5","fashion-downjacket","700 蓬轻量防风羽绒服 抖音商城 618 活动款","服装","羽绒服","抖音商城 · Snow Peakline 品牌直播旗舰店","fashion-downjacket-douyin-5-13","5","positive","履约服务","抖音商城发货信息清楚，预计 2-4 天送达。","近 29 天","基于商品字段生成的拟真模拟评论"
"fashion-downjacket-douyin-5","fashion-downjacket","700 蓬轻量防风羽绒服 抖音商城 618 活动款","服装","羽绒服","抖音商城 · Snow Peakline 品牌直播旗舰店","fashion-downjacket-douyin-5-14","5","positive","体验","发货速度快，包装也比较完整。","近 70 天","基于商品字段生成的拟真模拟评论"
"fashion-downjacket-douyin-5","fashion-downjacket","700 蓬轻量防风羽绒服 抖音商城 618 活动款","服装","羽绒服","抖音商城 · Snow Peakline 品牌直播旗舰店","fashion-downjacket-douyin-5-15","4","positive","价格","券后价格比线下便宜一些。","近 22 天","基于商品字段生成的拟真模拟评论"
"fashion-downjacket-douyin-5","fashion-downjacket","700 蓬轻量防风羽绒服 抖音商城 618 活动款","服装","羽绒服","抖音商城 · Snow Peakline 品牌直播旗舰店","fashion-downjacket-douyin-5-16","5","positive","版型材质","颜色比较耐看，日常通勤搭配起来不费力。","近 26 天","基于商品字段生成的拟真模拟评论"
"fashion-downjacket-douyin-5","fashion-downjacket","700 蓬轻量防风羽绒服 抖音商城 618 活动款","服装","羽绒服","抖音商城 · Snow Peakline 品牌直播旗舰店","fashion-downjacket-douyin-5-17","5","positive","履约服务","7 天无理由，直播赠品需一并退回，下单前能比较明确地判断售后成本。","近 57 天","基于商品字段生成的拟真模拟评论"
"fashion-downjacket-douyin-5","fashion-downjacket","700 蓬轻量防风羽绒服 抖音商城 618 活动款","服装","羽绒服","抖音商城 · Snow Peakline 品牌直播旗舰店","fashion-downjacket-douyin-5-18","5","positive","体验","实物和页面描述基本一致，整体满意。","近 64 天","基于商品字段生成的拟真模拟评论"
"fashion-downjacket-douyin-5","fashion-downjacket","700 蓬轻量防风羽绒服 抖音商城 618 活动款","服装","羽绒服","抖音商城 · Snow Peakline 品牌直播旗舰店","fashion-downjacket-douyin-5-19","4","positive","价格","活动价入手比较划算，性价比可以。","近 53 天","基于商品字段生成的拟真模拟评论"
"fashion-downjacket-douyin-5","fashion-downjacket","700 蓬轻量防风羽绒服 抖音商城 618 活动款","服装","羽绒服","抖音商城 · Snow Peakline 品牌直播旗舰店","fashion-downjacket-douyin-5-20","5","positive","版型材质","版型和详情页描述基本一致，面料上身质感也不错。","近 36 天","基于商品字段生成的拟真模拟评论"
"fashion-downjacket-douyin-5","fashion-downjacket","700 蓬轻量防风羽绒服 抖音商城 618 活动款","服装","羽绒服","抖音商城 · Snow Peakline 品牌直播旗舰店","fashion-downjacket-douyin-5-21","5","positive","履约服务","抖音商城发货信息清楚，预计 2-4 天送达。","近 12 天","基于商品字段生成的拟真模拟评论"
"fashion-downjacket-douyin-5","fashion-downjacket","700 蓬轻量防风羽绒服 抖音商城 618 活动款","服装","羽绒服","抖音商城 · Snow Peakline 品牌直播旗舰店","fashion-downjacket-douyin-5-22","3","negative","售后","退换流程需要按平台规则走，不算特别快。","近 68 天","基于商品字段生成的拟真模拟评论"
"fashion-downjacket-douyin-5","fashion-downjacket","700 蓬轻量防风羽绒服 抖音商城 618 活动款","服装","羽绒服","抖音商城 · Snow Peakline 品牌直播旗舰店","fashion-downjacket-douyin-5-23","3","negative","尺码色差","尺码受身材和穿着习惯影响，建议先核对尺寸表。","近 67 天","基于商品字段生成的拟真模拟评论"
"fashion-downjacket-douyin-5","fashion-downjacket","700 蓬轻量防风羽绒服 抖音商城 618 活动款","服装","羽绒服","抖音商城 · Snow Peakline 品牌直播旗舰店","fashion-downjacket-douyin-5-24","3","negative","售后规则","退换仍需按“7 天无理由，直播赠品需一并退回”执行，拆封或使用前要先确认条件。","近 31 天","基于商品字段生成的拟真模拟评论"
"fashion-downjacket-xiaohongshu-4","fashion-downjacket","700 蓬轻量防风羽绒服 小红书商城 618 活动款","服装","羽绒服","小红书商城 · Snow Peakline 小红书精选品牌店","fashion-downjacket-xiaohongshu-4-1","4","positive","体验","实物和页面描述基本一致，整体满意。","近 83 天","基于商品字段生成的拟真模拟评论"
"fashion-downjacket-xiaohongshu-4","fashion-downjacket","700 蓬轻量防风羽绒服 小红书商城 618 活动款","服装","羽绒服","小红书商城 · Snow Peakline 小红书精选品牌店","fashion-downjacket-xiaohongshu-4-2","2","negative","细节","部分细节和预期有差距，下单前要看清规格。","近 26 天","基于商品字段生成的拟真模拟评论"
"fashion-downjacket-xiaohongshu-4","fashion-downjacket","700 蓬轻量防风羽绒服 小红书商城 618 活动款","服装","羽绒服","小红书商城 · Snow Peakline 小红书精选品牌店","fashion-downjacket-xiaohongshu-4-3","5","positive","价格","活动价入手比较划算，性价比可以。","近 54 天","基于商品字段生成的拟真模拟评论"
"fashion-downjacket-xiaohongshu-4","fashion-downjacket","700 蓬轻量防风羽绒服 小红书商城 618 活动款","服装","羽绒服","小红书商城 · Snow Peakline 小红书精选品牌店","fashion-downjacket-xiaohongshu-4-4","2","negative","售后","退换流程需要按平台规则走，不算特别快。","近 36 天","基于商品字段生成的拟真模拟评论"
"fashion-downjacket-xiaohongshu-4","fashion-downjacket","700 蓬轻量防风羽绒服 小红书商城 618 活动款","服装","羽绒服","小红书商城 · Snow Peakline 小红书精选品牌店","fashion-downjacket-xiaohongshu-4-5","4","positive","版型材质","版型和详情页描述基本一致，面料上身质感也不错。","近 25 天","基于商品字段生成的拟真模拟评论"
"fashion-downjacket-xiaohongshu-4","fashion-downjacket","700 蓬轻量防风羽绒服 小红书商城 618 活动款","服装","羽绒服","小红书商城 · Snow Peakline 小红书精选品牌店","fashion-downjacket-xiaohongshu-4-6","5","positive","履约服务","小红书商城发货信息清楚，预计 3 天送达。","近 19 天","基于商品字段生成的拟真模拟评论"
"fashion-downjacket-xiaohongshu-4","fashion-downjacket","700 蓬轻量防风羽绒服 小红书商城 618 活动款","服装","羽绒服","小红书商城 · Snow Peakline 小红书精选品牌店","fashion-downjacket-xiaohongshu-4-7","4","positive","体验","发货速度快，包装也比较完整。","近 78 天","基于商品字段生成的拟真模拟评论"
"fashion-downjacket-xiaohongshu-4","fashion-downjacket","700 蓬轻量防风羽绒服 小红书商城 618 活动款","服装","羽绒服","小红书商城 · Snow Peakline 小红书精选品牌店","fashion-downjacket-xiaohongshu-4-8","5","positive","价格","券后价格比线下便宜一些。","近 67 天","基于商品字段生成的拟真模拟评论"
"fashion-downjacket-xiaohongshu-4","fashion-downjacket","700 蓬轻量防风羽绒服 小红书商城 618 活动款","服装","羽绒服","小红书商城 · Snow Peakline 小红书精选品牌店","fashion-downjacket-xiaohongshu-4-9","5","positive","版型材质","颜色比较耐看，日常通勤搭配起来不费力。","近 61 天","基于商品字段生成的拟真模拟评论"
"fashion-downjacket-xiaohongshu-4","fashion-downjacket","700 蓬轻量防风羽绒服 小红书商城 618 活动款","服装","羽绒服","小红书商城 · Snow Peakline 小红书精选品牌店","fashion-downjacket-xiaohongshu-4-10","3","negative","尺码色差","尺码受身材和穿着习惯影响，建议先核对尺寸表。","近 58 天","基于商品字段生成的拟真模拟评论"
"fashion-downjacket-xiaohongshu-4","fashion-downjacket","700 蓬轻量防风羽绒服 小红书商城 618 活动款","服装","羽绒服","小红书商城 · Snow Peakline 小红书精选品牌店","fashion-downjacket-xiaohongshu-4-11","5","positive","履约服务","未拆封支持 7 天退货，下单前能比较明确地判断售后成本。","近 50 天","基于商品字段生成的拟真模拟评论"
"fashion-downjacket-xiaohongshu-4","fashion-downjacket","700 蓬轻量防风羽绒服 小红书商城 618 活动款","服装","羽绒服","小红书商城 · Snow Peakline 小红书精选品牌店","fashion-downjacket-xiaohongshu-4-12","2","negative","售后规则","退换仍需按“未拆封支持 7 天退货”执行，拆封或使用前要先确认条件。","近 83 天","基于商品字段生成的拟真模拟评论"
"fashion-downjacket-xiaohongshu-4","fashion-downjacket","700 蓬轻量防风羽绒服 小红书商城 618 活动款","服装","羽绒服","小红书商城 · Snow Peakline 小红书精选品牌店","fashion-downjacket-xiaohongshu-4-13","3","negative","细节","客服解释比较慢，急用要提前确认。","近 54 天","基于商品字段生成的拟真模拟评论"
"fashion-downjacket-xiaohongshu-4","fashion-downjacket","700 蓬轻量防风羽绒服 小红书商城 618 活动款","服装","羽绒服","小红书商城 · Snow Peakline 小红书精选品牌店","fashion-downjacket-xiaohongshu-4-14","2","negative","售后","赠品和主商品分开发货，等待时间更久。","近 22 天","基于商品字段生成的拟真模拟评论"
"fashion-downjacket-xiaohongshu-4","fashion-downjacket","700 蓬轻量防风羽绒服 小红书商城 618 活动款","服装","羽绒服","小红书商城 · Snow Peakline 小红书精选品牌店","fashion-downjacket-xiaohongshu-4-15","4","positive","体验","实物和页面描述基本一致，整体满意。","近 49 天","基于商品字段生成的拟真模拟评论"
"fashion-downjacket-xiaohongshu-4","fashion-downjacket","700 蓬轻量防风羽绒服 小红书商城 618 活动款","服装","羽绒服","小红书商城 · Snow Peakline 小红书精选品牌店","fashion-downjacket-xiaohongshu-4-16","5","positive","价格","活动价入手比较划算，性价比可以。","近 20 天","基于商品字段生成的拟真模拟评论"
"fashion-downjacket-xiaohongshu-4","fashion-downjacket","700 蓬轻量防风羽绒服 小红书商城 618 活动款","服装","羽绒服","小红书商城 · Snow Peakline 小红书精选品牌店","fashion-downjacket-xiaohongshu-4-17","5","positive","版型材质","版型和详情页描述基本一致，面料上身质感也不错。","近 50 天","基于商品字段生成的拟真模拟评论"
"fashion-downjacket-xiaohongshu-4","fashion-downjacket","700 蓬轻量防风羽绒服 小红书商城 618 活动款","服装","羽绒服","小红书商城 · Snow Peakline 小红书精选品牌店","fashion-downjacket-xiaohongshu-4-18","5","positive","履约服务","小红书商城发货信息清楚，预计 3 天送达。","近 75 天","基于商品字段生成的拟真模拟评论"
"fashion-downjacket-xiaohongshu-4","fashion-downjacket","700 蓬轻量防风羽绒服 小红书商城 618 活动款","服装","羽绒服","小红书商城 · Snow Peakline 小红书精选品牌店","fashion-downjacket-xiaohongshu-4-19","5","positive","体验","发货速度快，包装也比较完整。","近 51 天","基于商品字段生成的拟真模拟评论"
"fashion-downjacket-xiaohongshu-4","fashion-downjacket","700 蓬轻量防风羽绒服 小红书商城 618 活动款","服装","羽绒服","小红书商城 · Snow Peakline 小红书精选品牌店","fashion-downjacket-xiaohongshu-4-20","5","positive","价格","券后价格比线下便宜一些。","近 7 天","基于商品字段生成的拟真模拟评论"
"fashion-downjacket-xiaohongshu-4","fashion-downjacket","700 蓬轻量防风羽绒服 小红书商城 618 活动款","服装","羽绒服","小红书商城 · Snow Peakline 小红书精选品牌店","fashion-downjacket-xiaohongshu-4-21","3","negative","尺码色差","不同光线下颜色会有差异，面料也需要按洗护说明处理。","近 38 天","基于商品字段生成的拟真模拟评论"
"fashion-downjacket-xiaohongshu-4","fashion-downjacket","700 蓬轻量防风羽绒服 小红书商城 618 活动款","服装","羽绒服","小红书商城 · Snow Peakline 小红书精选品牌店","fashion-downjacket-xiaohongshu-4-22","4","positive","版型材质","颜色比较耐看，日常通勤搭配起来不费力。","近 51 天","基于商品字段生成的拟真模拟评论"
"fashion-downjacket-xiaohongshu-4","fashion-downjacket","700 蓬轻量防风羽绒服 小红书商城 618 活动款","服装","羽绒服","小红书商城 · Snow Peakline 小红书精选品牌店","fashion-downjacket-xiaohongshu-4-23","5","positive","履约服务","未拆封支持 7 天退货，下单前能比较明确地判断售后成本。","近 29 天","基于商品字段生成的拟真模拟评论"
"fashion-downjacket-xiaohongshu-4","fashion-downjacket","700 蓬轻量防风羽绒服 小红书商城 618 活动款","服装","羽绒服","小红书商城 · Snow Peakline 小红书精选品牌店","fashion-downjacket-xiaohongshu-4-24","5","positive","体验","实物和页面描述基本一致，整体满意。","近 26 天","基于商品字段生成的拟真模拟评论"
"fashion-shirt-vip-3","fashion-shirt","男士蓝白格纹宽松长袖衬衫 唯品会 618 活动款","服装","衬衫","唯品会 · Plain Works 唯品会品牌特卖","fashion-shirt-vip-3-1","5","positive","体验","实物和页面描述基本一致，整体满意。","近 37 天","基于商品字段生成的拟真模拟评论"
"fashion-shirt-vip-3","fashion-shirt","男士蓝白格纹宽松长袖衬衫 唯品会 618 活动款","服装","衬衫","唯品会 · Plain Works 唯品会品牌特卖","fashion-shirt-vip-3-2","4","positive","价格","活动价入手比较划算，性价比可以。","近 79 天","基于商品字段生成的拟真模拟评论"
"fashion-shirt-vip-3","fashion-shirt","男士蓝白格纹宽松长袖衬衫 唯品会 618 活动款","服装","衬衫","唯品会 · Plain Works 唯品会品牌特卖","fashion-shirt-vip-3-3","5","positive","版型材质","版型和详情页描述基本一致，面料上身质感也不错。","近 28 天","基于商品字段生成的拟真模拟评论"
"fashion-shirt-vip-3","fashion-shirt","男士蓝白格纹宽松长袖衬衫 唯品会 618 活动款","服装","衬衫","唯品会 · Plain Works 唯品会品牌特卖","fashion-shirt-vip-3-4","5","positive","履约服务","唯品会发货信息清楚，预计 2 天送达。","近 31 天","基于商品字段生成的拟真模拟评论"
"fashion-shirt-vip-3","fashion-shirt","男士蓝白格纹宽松长袖衬衫 唯品会 618 活动款","服装","衬衫","唯品会 · Plain Works 唯品会品牌特卖","fashion-shirt-vip-3-5","5","positive","体验","发货速度快，包装也比较完整。","近 32 天","基于商品字段生成的拟真模拟评论"
"fashion-shirt-vip-3","fashion-shirt","男士蓝白格纹宽松长袖衬衫 唯品会 618 活动款","服装","衬衫","唯品会 · Plain Works 唯品会品牌特卖","fashion-shirt-vip-3-6","5","positive","价格","券后价格比线下便宜一些。","近 38 天","基于商品字段生成的拟真模拟评论"
"fashion-shirt-vip-3","fashion-shirt","男士蓝白格纹宽松长袖衬衫 唯品会 618 活动款","服装","衬衫","唯品会 · Plain Works 唯品会品牌特卖","fashion-shirt-vip-3-7","3","negative","细节","部分细节和预期有差距，下单前要看清规格。","近 27 天","基于商品字段生成的拟真模拟评论"
"fashion-shirt-vip-3","fashion-shirt","男士蓝白格纹宽松长袖衬衫 唯品会 618 活动款","服装","衬衫","唯品会 · Plain Works 唯品会品牌特卖","fashion-shirt-vip-3-8","5","positive","版型材质","颜色比较耐看，日常通勤搭配起来不费力。","近 18 天","基于商品字段生成的拟真模拟评论"
"fashion-shirt-vip-3","fashion-shirt","男士蓝白格纹宽松长袖衬衫 唯品会 618 活动款","服装","衬衫","唯品会 · Plain Works 唯品会品牌特卖","fashion-shirt-vip-3-9","2","negative","售后","退换流程需要按平台规则走，不算特别快。","近 58 天","基于商品字段生成的拟真模拟评论"
"fashion-shirt-vip-3","fashion-shirt","男士蓝白格纹宽松长袖衬衫 唯品会 618 活动款","服装","衬衫","唯品会 · Plain Works 唯品会品牌特卖","fashion-shirt-vip-3-10","5","positive","履约服务","7 天无理由，支持退货运费险，下单前能比较明确地判断售后成本。","近 5 天","基于商品字段生成的拟真模拟评论"
"fashion-shirt-vip-3","fashion-shirt","男士蓝白格纹宽松长袖衬衫 唯品会 618 活动款","服装","衬衫","唯品会 · Plain Works 唯品会品牌特卖","fashion-shirt-vip-3-11","3","negative","尺码色差","尺码受身材和穿着习惯影响，建议先核对尺寸表。","近 52 天","基于商品字段生成的拟真模拟评论"
"fashion-shirt-vip-3","fashion-shirt","男士蓝白格纹宽松长袖衬衫 唯品会 618 活动款","服装","衬衫","唯品会 · Plain Works 唯品会品牌特卖","fashion-shirt-vip-3-12","5","positive","体验","实物和页面描述基本一致，整体满意。","近 79 天","基于商品字段生成的拟真模拟评论"
"fashion-shirt-vip-3","fashion-shirt","男士蓝白格纹宽松长袖衬衫 唯品会 618 活动款","服装","衬衫","唯品会 · Plain Works 唯品会品牌特卖","fashion-shirt-vip-3-13","4","positive","价格","活动价入手比较划算，性价比可以。","近 13 天","基于商品字段生成的拟真模拟评论"
"fashion-shirt-vip-3","fashion-shirt","男士蓝白格纹宽松长袖衬衫 唯品会 618 活动款","服装","衬衫","唯品会 · Plain Works 唯品会品牌特卖","fashion-shirt-vip-3-14","5","positive","版型材质","版型和详情页描述基本一致，面料上身质感也不错。","近 19 天","基于商品字段生成的拟真模拟评论"
"fashion-shirt-vip-3","fashion-shirt","男士蓝白格纹宽松长袖衬衫 唯品会 618 活动款","服装","衬衫","唯品会 · Plain Works 唯品会品牌特卖","fashion-shirt-vip-3-15","4","positive","履约服务","唯品会发货信息清楚，预计 2 天送达。","近 44 天","基于商品字段生成的拟真模拟评论"
"fashion-shirt-vip-3","fashion-shirt","男士蓝白格纹宽松长袖衬衫 唯品会 618 活动款","服装","衬衫","唯品会 · Plain Works 唯品会品牌特卖","fashion-shirt-vip-3-16","4","positive","体验","发货速度快，包装也比较完整。","近 39 天","基于商品字段生成的拟真模拟评论"
"fashion-shirt-vip-3","fashion-shirt","男士蓝白格纹宽松长袖衬衫 唯品会 618 活动款","服装","衬衫","唯品会 · Plain Works 唯品会品牌特卖","fashion-shirt-vip-3-17","2","negative","售后规则","退换仍需按“7 天无理由，支持退货运费险”执行，拆封或使用前要先确认条件。","近 74 天","基于商品字段生成的拟真模拟评论"
"fashion-shirt-vip-3","fashion-shirt","男士蓝白格纹宽松长袖衬衫 唯品会 618 活动款","服装","衬衫","唯品会 · Plain Works 唯品会品牌特卖","fashion-shirt-vip-3-18","5","positive","价格","券后价格比线下便宜一些。","近 57 天","基于商品字段生成的拟真模拟评论"
"fashion-shirt-vip-3","fashion-shirt","男士蓝白格纹宽松长袖衬衫 唯品会 618 活动款","服装","衬衫","唯品会 · Plain Works 唯品会品牌特卖","fashion-shirt-vip-3-19","4","positive","版型材质","颜色比较耐看，日常通勤搭配起来不费力。","近 37 天","基于商品字段生成的拟真模拟评论"
"fashion-shirt-vip-3","fashion-shirt","男士蓝白格纹宽松长袖衬衫 唯品会 618 活动款","服装","衬衫","唯品会 · Plain Works 唯品会品牌特卖","fashion-shirt-vip-3-20","4","positive","履约服务","7 天无理由，支持退货运费险，下单前能比较明确地判断售后成本。","近 79 天","基于商品字段生成的拟真模拟评论"
"fashion-shirt-vip-3","fashion-shirt","男士蓝白格纹宽松长袖衬衫 唯品会 618 活动款","服装","衬衫","唯品会 · Plain Works 唯品会品牌特卖","fashion-shirt-vip-3-21","5","positive","体验","实物和页面描述基本一致，整体满意。","近 12 天","基于商品字段生成的拟真模拟评论"
"fashion-shirt-vip-3","fashion-shirt","男士蓝白格纹宽松长袖衬衫 唯品会 618 活动款","服装","衬衫","唯品会 · Plain Works 唯品会品牌特卖","fashion-shirt-vip-3-22","5","positive","价格","活动价入手比较划算，性价比可以。","近 20 天","基于商品字段生成的拟真模拟评论"
"fashion-shirt-vip-3","fashion-shirt","男士蓝白格纹宽松长袖衬衫 唯品会 618 活动款","服装","衬衫","唯品会 · Plain Works 唯品会品牌特卖","fashion-shirt-vip-3-23","4","positive","版型材质","版型和详情页描述基本一致，面料上身质感也不错。","近 36 天","基于商品字段生成的拟真模拟评论"
"fashion-shirt-vip-3","fashion-shirt","男士蓝白格纹宽松长袖衬衫 唯品会 618 活动款","服装","衬衫","唯品会 · Plain Works 唯品会品牌特卖","fashion-shirt-vip-3-24","5","positive","履约服务","唯品会发货信息清楚，预计 2 天送达。","近 51 天","基于商品字段生成的拟真模拟评论"
"fashion-shirt-douyin-5","fashion-shirt","男士蓝白格纹宽松长袖衬衫 抖音商城 618 活动款","服装","衬衫","抖音商城 · Plain Works 品牌直播旗舰店","fashion-shirt-douyin-5-1","4","positive","体验","实物和页面描述基本一致，整体满意。","近 83 天","基于商品字段生成的拟真模拟评论"
"fashion-shirt-douyin-5","fashion-shirt","男士蓝白格纹宽松长袖衬衫 抖音商城 618 活动款","服装","衬衫","抖音商城 · Plain Works 品牌直播旗舰店","fashion-shirt-douyin-5-2","3","negative","细节","部分细节和预期有差距，下单前要看清规格。","近 36 天","基于商品字段生成的拟真模拟评论"
"fashion-shirt-douyin-5","fashion-shirt","男士蓝白格纹宽松长袖衬衫 抖音商城 618 活动款","服装","衬衫","抖音商城 · Plain Works 品牌直播旗舰店","fashion-shirt-douyin-5-3","5","positive","价格","活动价入手比较划算，性价比可以。","近 61 天","基于商品字段生成的拟真模拟评论"
"fashion-shirt-douyin-5","fashion-shirt","男士蓝白格纹宽松长袖衬衫 抖音商城 618 活动款","服装","衬衫","抖音商城 · Plain Works 品牌直播旗舰店","fashion-shirt-douyin-5-4","4","positive","版型材质","版型和详情页描述基本一致，面料上身质感也不错。","近 38 天","基于商品字段生成的拟真模拟评论"
"fashion-shirt-douyin-5","fashion-shirt","男士蓝白格纹宽松长袖衬衫 抖音商城 618 活动款","服装","衬衫","抖音商城 · Plain Works 品牌直播旗舰店","fashion-shirt-douyin-5-5","5","positive","履约服务","抖音商城发货信息清楚，预计 2-4 天送达。","近 18 天","基于商品字段生成的拟真模拟评论"
"fashion-shirt-douyin-5","fashion-shirt","男士蓝白格纹宽松长袖衬衫 抖音商城 618 活动款","服装","衬衫","抖音商城 · Plain Works 品牌直播旗舰店","fashion-shirt-douyin-5-6","3","negative","售后","退换流程需要按平台规则走，不算特别快。","近 54 天","基于商品字段生成的拟真模拟评论"
"fashion-shirt-douyin-5","fashion-shirt","男士蓝白格纹宽松长袖衬衫 抖音商城 618 活动款","服装","衬衫","抖音商城 · Plain Works 品牌直播旗舰店","fashion-shirt-douyin-5-7","5","positive","体验","发货速度快，包装也比较完整。","近 38 天","基于商品字段生成的拟真模拟评论"
"fashion-shirt-douyin-5","fashion-shirt","男士蓝白格纹宽松长袖衬衫 抖音商城 618 活动款","服装","衬衫","抖音商城 · Plain Works 品牌直播旗舰店","fashion-shirt-douyin-5-8","4","positive","价格","券后价格比线下便宜一些。","近 47 天","基于商品字段生成的拟真模拟评论"
"fashion-shirt-douyin-5","fashion-shirt","男士蓝白格纹宽松长袖衬衫 抖音商城 618 活动款","服装","衬衫","抖音商城 · Plain Works 品牌直播旗舰店","fashion-shirt-douyin-5-9","3","negative","尺码色差","尺码受身材和穿着习惯影响，建议先核对尺寸表。","近 61 天","基于商品字段生成的拟真模拟评论"
"fashion-shirt-douyin-5","fashion-shirt","男士蓝白格纹宽松长袖衬衫 抖音商城 618 活动款","服装","衬衫","抖音商城 · Plain Works 品牌直播旗舰店","fashion-shirt-douyin-5-10","5","positive","版型材质","颜色比较耐看，日常通勤搭配起来不费力。","近 66 天","基于商品字段生成的拟真模拟评论"
"fashion-shirt-douyin-5","fashion-shirt","男士蓝白格纹宽松长袖衬衫 抖音商城 618 活动款","服装","衬衫","抖音商城 · Plain Works 品牌直播旗舰店","fashion-shirt-douyin-5-11","5","positive","履约服务","7 天无理由，直播赠品需一并退回，下单前能比较明确地判断售后成本。","近 38 天","基于商品字段生成的拟真模拟评论"
"fashion-shirt-douyin-5","fashion-shirt","男士蓝白格纹宽松长袖衬衫 抖音商城 618 活动款","服装","衬衫","抖音商城 · Plain Works 品牌直播旗舰店","fashion-shirt-douyin-5-12","4","positive","体验","实物和页面描述基本一致，整体满意。","近 55 天","基于商品字段生成的拟真模拟评论"
"fashion-shirt-douyin-5","fashion-shirt","男士蓝白格纹宽松长袖衬衫 抖音商城 618 活动款","服装","衬衫","抖音商城 · Plain Works 品牌直播旗舰店","fashion-shirt-douyin-5-13","5","positive","价格","活动价入手比较划算，性价比可以。","近 27 天","基于商品字段生成的拟真模拟评论"
"fashion-shirt-douyin-5","fashion-shirt","男士蓝白格纹宽松长袖衬衫 抖音商城 618 活动款","服装","衬衫","抖音商城 · Plain Works 品牌直播旗舰店","fashion-shirt-douyin-5-14","4","positive","版型材质","版型和详情页描述基本一致，面料上身质感也不错。","近 20 天","基于商品字段生成的拟真模拟评论"
"fashion-shirt-douyin-5","fashion-shirt","男士蓝白格纹宽松长袖衬衫 抖音商城 618 活动款","服装","衬衫","抖音商城 · Plain Works 品牌直播旗舰店","fashion-shirt-douyin-5-15","5","positive","履约服务","抖音商城发货信息清楚，预计 2-4 天送达。","近 77 天","基于商品字段生成的拟真模拟评论"
"fashion-shirt-douyin-5","fashion-shirt","男士蓝白格纹宽松长袖衬衫 抖音商城 618 活动款","服装","衬衫","抖音商城 · Plain Works 品牌直播旗舰店","fashion-shirt-douyin-5-16","5","positive","体验","发货速度快，包装也比较完整。","近 24 天","基于商品字段生成的拟真模拟评论"
"fashion-shirt-douyin-5","fashion-shirt","男士蓝白格纹宽松长袖衬衫 抖音商城 618 活动款","服装","衬衫","抖音商城 · Plain Works 品牌直播旗舰店","fashion-shirt-douyin-5-17","5","positive","价格","券后价格比线下便宜一些。","近 17 天","基于商品字段生成的拟真模拟评论"
"fashion-shirt-douyin-5","fashion-shirt","男士蓝白格纹宽松长袖衬衫 抖音商城 618 活动款","服装","衬衫","抖音商城 · Plain Works 品牌直播旗舰店","fashion-shirt-douyin-5-18","5","positive","版型材质","颜色比较耐看，日常通勤搭配起来不费力。","近 69 天","基于商品字段生成的拟真模拟评论"
"fashion-shirt-douyin-5","fashion-shirt","男士蓝白格纹宽松长袖衬衫 抖音商城 618 活动款","服装","衬衫","抖音商城 · Plain Works 品牌直播旗舰店","fashion-shirt-douyin-5-19","5","positive","履约服务","7 天无理由，直播赠品需一并退回，下单前能比较明确地判断售后成本。","近 9 天","基于商品字段生成的拟真模拟评论"
"fashion-shirt-douyin-5","fashion-shirt","男士蓝白格纹宽松长袖衬衫 抖音商城 618 活动款","服装","衬衫","抖音商城 · Plain Works 品牌直播旗舰店","fashion-shirt-douyin-5-20","5","positive","体验","实物和页面描述基本一致，整体满意。","近 58 天","基于商品字段生成的拟真模拟评论"
"fashion-shirt-douyin-5","fashion-shirt","男士蓝白格纹宽松长袖衬衫 抖音商城 618 活动款","服装","衬衫","抖音商城 · Plain Works 品牌直播旗舰店","fashion-shirt-douyin-5-21","5","positive","价格","活动价入手比较划算，性价比可以。","近 44 天","基于商品字段生成的拟真模拟评论"
"fashion-shirt-douyin-5","fashion-shirt","男士蓝白格纹宽松长袖衬衫 抖音商城 618 活动款","服装","衬衫","抖音商城 · Plain Works 品牌直播旗舰店","fashion-shirt-douyin-5-22","5","positive","版型材质","版型和详情页描述基本一致，面料上身质感也不错。","近 1 天","基于商品字段生成的拟真模拟评论"
"fashion-shirt-douyin-5","fashion-shirt","男士蓝白格纹宽松长袖衬衫 抖音商城 618 活动款","服装","衬衫","抖音商城 · Plain Works 品牌直播旗舰店","fashion-shirt-douyin-5-23","3","negative","售后规则","退换仍需按“7 天无理由，直播赠品需一并退回”执行，拆封或使用前要先确认条件。","近 61 天","基于商品字段生成的拟真模拟评论"
"fashion-shirt-douyin-5","fashion-shirt","男士蓝白格纹宽松长袖衬衫 抖音商城 618 活动款","服装","衬衫","抖音商城 · Plain Works 品牌直播旗舰店","fashion-shirt-douyin-5-24","5","positive","履约服务","抖音商城发货信息清楚，预计 2-4 天送达。","近 76 天","基于商品字段生成的拟真模拟评论"
"fashion-shirt-xiaohongshu-4","fashion-shirt","男士蓝白格纹宽松长袖衬衫 小红书商城 618 活动款","服装","衬衫","小红书商城 · Plain Works 小红书精选品牌店","fashion-shirt-xiaohongshu-4-1","5","positive","体验","实物和页面描述基本一致，整体满意。","近 77 天","基于商品字段生成的拟真模拟评论"
"fashion-shirt-xiaohongshu-4","fashion-shirt","男士蓝白格纹宽松长袖衬衫 小红书商城 618 活动款","服装","衬衫","小红书商城 · Plain Works 小红书精选品牌店","fashion-shirt-xiaohongshu-4-2","5","positive","价格","活动价入手比较划算，性价比可以。","近 67 天","基于商品字段生成的拟真模拟评论"
"fashion-shirt-xiaohongshu-4","fashion-shirt","男士蓝白格纹宽松长袖衬衫 小红书商城 618 活动款","服装","衬衫","小红书商城 · Plain Works 小红书精选品牌店","fashion-shirt-xiaohongshu-4-3","5","positive","版型材质","版型和详情页描述基本一致，面料上身质感也不错。","近 43 天","基于商品字段生成的拟真模拟评论"
"fashion-shirt-xiaohongshu-4","fashion-shirt","男士蓝白格纹宽松长袖衬衫 小红书商城 618 活动款","服装","衬衫","小红书商城 · Plain Works 小红书精选品牌店","fashion-shirt-xiaohongshu-4-4","4","positive","履约服务","小红书商城发货信息清楚，预计 3 天送达。","近 55 天","基于商品字段生成的拟真模拟评论"
"fashion-shirt-xiaohongshu-4","fashion-shirt","男士蓝白格纹宽松长袖衬衫 小红书商城 618 活动款","服装","衬衫","小红书商城 · Plain Works 小红书精选品牌店","fashion-shirt-xiaohongshu-4-5","2","negative","细节","部分细节和预期有差距，下单前要看清规格。","近 62 天","基于商品字段生成的拟真模拟评论"
"fashion-shirt-xiaohongshu-4","fashion-shirt","男士蓝白格纹宽松长袖衬衫 小红书商城 618 活动款","服装","衬衫","小红书商城 · Plain Works 小红书精选品牌店","fashion-shirt-xiaohongshu-4-6","4","positive","体验","发货速度快，包装也比较完整。","近 45 天","基于商品字段生成的拟真模拟评论"
"fashion-shirt-xiaohongshu-4","fashion-shirt","男士蓝白格纹宽松长袖衬衫 小红书商城 618 活动款","服装","衬衫","小红书商城 · Plain Works 小红书精选品牌店","fashion-shirt-xiaohongshu-4-7","5","positive","价格","券后价格比线下便宜一些。","近 13 天","基于商品字段生成的拟真模拟评论"
"fashion-shirt-xiaohongshu-4","fashion-shirt","男士蓝白格纹宽松长袖衬衫 小红书商城 618 活动款","服装","衬衫","小红书商城 · Plain Works 小红书精选品牌店","fashion-shirt-xiaohongshu-4-8","4","positive","版型材质","颜色比较耐看，日常通勤搭配起来不费力。","近 15 天","基于商品字段生成的拟真模拟评论"
"fashion-shirt-xiaohongshu-4","fashion-shirt","男士蓝白格纹宽松长袖衬衫 小红书商城 618 活动款","服装","衬衫","小红书商城 · Plain Works 小红书精选品牌店","fashion-shirt-xiaohongshu-4-9","3","negative","售后","退换流程需要按平台规则走，不算特别快。","近 52 天","基于商品字段生成的拟真模拟评论"
"fashion-shirt-xiaohongshu-4","fashion-shirt","男士蓝白格纹宽松长袖衬衫 小红书商城 618 活动款","服装","衬衫","小红书商城 · Plain Works 小红书精选品牌店","fashion-shirt-xiaohongshu-4-10","4","positive","履约服务","未拆封支持 7 天退货，下单前能比较明确地判断售后成本。","近 9 天","基于商品字段生成的拟真模拟评论"
"fashion-shirt-xiaohongshu-4","fashion-shirt","男士蓝白格纹宽松长袖衬衫 小红书商城 618 活动款","服装","衬衫","小红书商城 · Plain Works 小红书精选品牌店","fashion-shirt-xiaohongshu-4-11","5","positive","体验","实物和页面描述基本一致，整体满意。","近 68 天","基于商品字段生成的拟真模拟评论"
"fashion-shirt-xiaohongshu-4","fashion-shirt","男士蓝白格纹宽松长袖衬衫 小红书商城 618 活动款","服装","衬衫","小红书商城 · Plain Works 小红书精选品牌店","fashion-shirt-xiaohongshu-4-12","5","positive","价格","活动价入手比较划算，性价比可以。","近 14 天","基于商品字段生成的拟真模拟评论"
"fashion-shirt-xiaohongshu-4","fashion-shirt","男士蓝白格纹宽松长袖衬衫 小红书商城 618 活动款","服装","衬衫","小红书商城 · Plain Works 小红书精选品牌店","fashion-shirt-xiaohongshu-4-13","5","positive","版型材质","版型和详情页描述基本一致，面料上身质感也不错。","近 12 天","基于商品字段生成的拟真模拟评论"
"fashion-shirt-xiaohongshu-4","fashion-shirt","男士蓝白格纹宽松长袖衬衫 小红书商城 618 活动款","服装","衬衫","小红书商城 · Plain Works 小红书精选品牌店","fashion-shirt-xiaohongshu-4-14","5","positive","履约服务","小红书商城发货信息清楚，预计 3 天送达。","近 86 天","基于商品字段生成的拟真模拟评论"
"fashion-shirt-xiaohongshu-4","fashion-shirt","男士蓝白格纹宽松长袖衬衫 小红书商城 618 活动款","服装","衬衫","小红书商城 · Plain Works 小红书精选品牌店","fashion-shirt-xiaohongshu-4-15","5","positive","体验","发货速度快，包装也比较完整。","近 57 天","基于商品字段生成的拟真模拟评论"
"fashion-shirt-xiaohongshu-4","fashion-shirt","男士蓝白格纹宽松长袖衬衫 小红书商城 618 活动款","服装","衬衫","小红书商城 · Plain Works 小红书精选品牌店","fashion-shirt-xiaohongshu-4-16","5","positive","价格","券后价格比线下便宜一些。","近 33 天","基于商品字段生成的拟真模拟评论"
"fashion-shirt-xiaohongshu-4","fashion-shirt","男士蓝白格纹宽松长袖衬衫 小红书商城 618 活动款","服装","衬衫","小红书商城 · Plain Works 小红书精选品牌店","fashion-shirt-xiaohongshu-4-17","3","negative","尺码色差","尺码受身材和穿着习惯影响，建议先核对尺寸表。","近 10 天","基于商品字段生成的拟真模拟评论"
"fashion-shirt-xiaohongshu-4","fashion-shirt","男士蓝白格纹宽松长袖衬衫 小红书商城 618 活动款","服装","衬衫","小红书商城 · Plain Works 小红书精选品牌店","fashion-shirt-xiaohongshu-4-18","3","negative","售后规则","退换仍需按“未拆封支持 7 天退货”执行，拆封或使用前要先确认条件。","近 47 天","基于商品字段生成的拟真模拟评论"
"fashion-shirt-xiaohongshu-4","fashion-shirt","男士蓝白格纹宽松长袖衬衫 小红书商城 618 活动款","服装","衬衫","小红书商城 · Plain Works 小红书精选品牌店","fashion-shirt-xiaohongshu-4-19","4","positive","版型材质","颜色比较耐看，日常通勤搭配起来不费力。","近 33 天","基于商品字段生成的拟真模拟评论"
"fashion-shirt-xiaohongshu-4","fashion-shirt","男士蓝白格纹宽松长袖衬衫 小红书商城 618 活动款","服装","衬衫","小红书商城 · Plain Works 小红书精选品牌店","fashion-shirt-xiaohongshu-4-20","2","negative","细节","客服解释比较慢，急用要提前确认。","近 70 天","基于商品字段生成的拟真模拟评论"
"fashion-shirt-xiaohongshu-4","fashion-shirt","男士蓝白格纹宽松长袖衬衫 小红书商城 618 活动款","服装","衬衫","小红书商城 · Plain Works 小红书精选品牌店","fashion-shirt-xiaohongshu-4-21","4","positive","履约服务","未拆封支持 7 天退货，下单前能比较明确地判断售后成本。","近 73 天","基于商品字段生成的拟真模拟评论"
"fashion-shirt-xiaohongshu-4","fashion-shirt","男士蓝白格纹宽松长袖衬衫 小红书商城 618 活动款","服装","衬衫","小红书商城 · Plain Works 小红书精选品牌店","fashion-shirt-xiaohongshu-4-22","5","positive","体验","实物和页面描述基本一致，整体满意。","近 45 天","基于商品字段生成的拟真模拟评论"
"fashion-shirt-xiaohongshu-4","fashion-shirt","男士蓝白格纹宽松长袖衬衫 小红书商城 618 活动款","服装","衬衫","小红书商城 · Plain Works 小红书精选品牌店","fashion-shirt-xiaohongshu-4-23","3","negative","售后","赠品和主商品分开发货，等待时间更久。","近 53 天","基于商品字段生成的拟真模拟评论"
"fashion-shirt-xiaohongshu-4","fashion-shirt","男士蓝白格纹宽松长袖衬衫 小红书商城 618 活动款","服装","衬衫","小红书商城 · Plain Works 小红书精选品牌店","fashion-shirt-xiaohongshu-4-24","3","negative","尺码色差","不同光线下颜色会有差异，面料也需要按洗护说明处理。","近 59 天","基于商品字段生成的拟真模拟评论"
"fashion-shirt-taobao-1","fashion-shirt","男士蓝白格纹宽松长袖衬衫 淘宝 618 活动款","服装","衬衫","淘宝 · Plain Works 品牌授权专卖店","fashion-shirt-taobao-1-1","2","negative","细节","部分细节和预期有差距，下单前要看清规格。","近 75 天","基于商品字段生成的拟真模拟评论"
"fashion-shirt-taobao-1","fashion-shirt","男士蓝白格纹宽松长袖衬衫 淘宝 618 活动款","服装","衬衫","淘宝 · Plain Works 品牌授权专卖店","fashion-shirt-taobao-1-2","4","positive","体验","实物和页面描述基本一致，整体满意。","近 72 天","基于商品字段生成的拟真模拟评论"
"fashion-shirt-taobao-1","fashion-shirt","男士蓝白格纹宽松长袖衬衫 淘宝 618 活动款","服装","衬衫","淘宝 · Plain Works 品牌授权专卖店","fashion-shirt-taobao-1-3","5","positive","价格","活动价入手比较划算，性价比可以。","近 73 天","基于商品字段生成的拟真模拟评论"
"fashion-shirt-taobao-1","fashion-shirt","男士蓝白格纹宽松长袖衬衫 淘宝 618 活动款","服装","衬衫","淘宝 · Plain Works 品牌授权专卖店","fashion-shirt-taobao-1-4","5","positive","版型材质","版型和详情页描述基本一致，面料上身质感也不错。","近 7 天","基于商品字段生成的拟真模拟评论"
"fashion-shirt-taobao-1","fashion-shirt","男士蓝白格纹宽松长袖衬衫 淘宝 618 活动款","服装","衬衫","淘宝 · Plain Works 品牌授权专卖店","fashion-shirt-taobao-1-5","5","positive","履约服务","淘宝发货信息清楚，预计 2-4 天送达。","近 2 天","基于商品字段生成的拟真模拟评论"
"fashion-shirt-taobao-1","fashion-shirt","男士蓝白格纹宽松长袖衬衫 淘宝 618 活动款","服装","衬衫","淘宝 · Plain Works 品牌授权专卖店","fashion-shirt-taobao-1-6","3","negative","售后","退换流程需要按平台规则走，不算特别快。","近 88 天","基于商品字段生成的拟真模拟评论"
"fashion-shirt-taobao-1","fashion-shirt","男士蓝白格纹宽松长袖衬衫 淘宝 618 活动款","服装","衬衫","淘宝 · Plain Works 品牌授权专卖店","fashion-shirt-taobao-1-7","2","negative","尺码色差","尺码受身材和穿着习惯影响，建议先核对尺寸表。","近 33 天","基于商品字段生成的拟真模拟评论"
"fashion-shirt-taobao-1","fashion-shirt","男士蓝白格纹宽松长袖衬衫 淘宝 618 活动款","服装","衬衫","淘宝 · Plain Works 品牌授权专卖店","fashion-shirt-taobao-1-8","5","positive","体验","发货速度快，包装也比较完整。","近 63 天","基于商品字段生成的拟真模拟评论"
"fashion-shirt-taobao-1","fashion-shirt","男士蓝白格纹宽松长袖衬衫 淘宝 618 活动款","服装","衬衫","淘宝 · Plain Works 品牌授权专卖店","fashion-shirt-taobao-1-9","5","positive","价格","券后价格比线下便宜一些。","近 58 天","基于商品字段生成的拟真模拟评论"
"fashion-shirt-taobao-1","fashion-shirt","男士蓝白格纹宽松长袖衬衫 淘宝 618 活动款","服装","衬衫","淘宝 · Plain Works 品牌授权专卖店","fashion-shirt-taobao-1-10","5","positive","版型材质","颜色比较耐看，日常通勤搭配起来不费力。","近 6 天","基于商品字段生成的拟真模拟评论"
"fashion-shirt-taobao-1","fashion-shirt","男士蓝白格纹宽松长袖衬衫 淘宝 618 活动款","服装","衬衫","淘宝 · Plain Works 品牌授权专卖店","fashion-shirt-taobao-1-11","4","positive","履约服务","7 天无理由，需保持吊牌，下单前能比较明确地判断售后成本。","近 64 天","基于商品字段生成的拟真模拟评论"
"fashion-shirt-taobao-1","fashion-shirt","男士蓝白格纹宽松长袖衬衫 淘宝 618 活动款","服装","衬衫","淘宝 · Plain Works 品牌授权专卖店","fashion-shirt-taobao-1-12","4","positive","体验","实物和页面描述基本一致，整体满意。","近 65 天","基于商品字段生成的拟真模拟评论"
"fashion-shirt-taobao-1","fashion-shirt","男士蓝白格纹宽松长袖衬衫 淘宝 618 活动款","服装","衬衫","淘宝 · Plain Works 品牌授权专卖店","fashion-shirt-taobao-1-13","5","positive","价格","活动价入手比较划算，性价比可以。","近 11 天","基于商品字段生成的拟真模拟评论"
"fashion-shirt-taobao-1","fashion-shirt","男士蓝白格纹宽松长袖衬衫 淘宝 618 活动款","服装","衬衫","淘宝 · Plain Works 品牌授权专卖店","fashion-shirt-taobao-1-14","5","positive","版型材质","版型和详情页描述基本一致，面料上身质感也不错。","近 83 天","基于商品字段生成的拟真模拟评论"
"fashion-shirt-taobao-1","fashion-shirt","男士蓝白格纹宽松长袖衬衫 淘宝 618 活动款","服装","衬衫","淘宝 · Plain Works 品牌授权专卖店","fashion-shirt-taobao-1-15","5","positive","履约服务","淘宝发货信息清楚，预计 2-4 天送达。","近 1 天","基于商品字段生成的拟真模拟评论"
"fashion-shirt-taobao-1","fashion-shirt","男士蓝白格纹宽松长袖衬衫 淘宝 618 活动款","服装","衬衫","淘宝 · Plain Works 品牌授权专卖店","fashion-shirt-taobao-1-16","4","positive","体验","发货速度快，包装也比较完整。","近 23 天","基于商品字段生成的拟真模拟评论"
"fashion-shirt-taobao-1","fashion-shirt","男士蓝白格纹宽松长袖衬衫 淘宝 618 活动款","服装","衬衫","淘宝 · Plain Works 品牌授权专卖店","fashion-shirt-taobao-1-17","5","positive","价格","券后价格比线下便宜一些。","近 54 天","基于商品字段生成的拟真模拟评论"
"fashion-shirt-taobao-1","fashion-shirt","男士蓝白格纹宽松长袖衬衫 淘宝 618 活动款","服装","衬衫","淘宝 · Plain Works 品牌授权专卖店","fashion-shirt-taobao-1-18","5","positive","版型材质","颜色比较耐看，日常通勤搭配起来不费力。","近 60 天","基于商品字段生成的拟真模拟评论"
"fashion-shirt-taobao-1","fashion-shirt","男士蓝白格纹宽松长袖衬衫 淘宝 618 活动款","服装","衬衫","淘宝 · Plain Works 品牌授权专卖店","fashion-shirt-taobao-1-19","5","positive","履约服务","7 天无理由，需保持吊牌，下单前能比较明确地判断售后成本。","近 61 天","基于商品字段生成的拟真模拟评论"
"fashion-shirt-taobao-1","fashion-shirt","男士蓝白格纹宽松长袖衬衫 淘宝 618 活动款","服装","衬衫","淘宝 · Plain Works 品牌授权专卖店","fashion-shirt-taobao-1-20","5","positive","体验","实物和页面描述基本一致，整体满意。","近 3 天","基于商品字段生成的拟真模拟评论"
"fashion-shirt-taobao-1","fashion-shirt","男士蓝白格纹宽松长袖衬衫 淘宝 618 活动款","服装","衬衫","淘宝 · Plain Works 品牌授权专卖店","fashion-shirt-taobao-1-21","2","negative","售后规则","退换仍需按“7 天无理由，需保持吊牌”执行，拆封或使用前要先确认条件。","近 39 天","基于商品字段生成的拟真模拟评论"
"fashion-shirt-taobao-1","fashion-shirt","男士蓝白格纹宽松长袖衬衫 淘宝 618 活动款","服装","衬衫","淘宝 · Plain Works 品牌授权专卖店","fashion-shirt-taobao-1-22","5","positive","价格","活动价入手比较划算，性价比可以。","近 11 天","基于商品字段生成的拟真模拟评论"
"fashion-shirt-taobao-1","fashion-shirt","男士蓝白格纹宽松长袖衬衫 淘宝 618 活动款","服装","衬衫","淘宝 · Plain Works 品牌授权专卖店","fashion-shirt-taobao-1-23","5","positive","版型材质","版型和详情页描述基本一致，面料上身质感也不错。","近 59 天","基于商品字段生成的拟真模拟评论"
"fashion-shirt-taobao-1","fashion-shirt","男士蓝白格纹宽松长袖衬衫 淘宝 618 活动款","服装","衬衫","淘宝 · Plain Works 品牌授权专卖店","fashion-shirt-taobao-1-24","5","positive","履约服务","淘宝发货信息清楚，预计 2-4 天送达。","近 72 天","基于商品字段生成的拟真模拟评论"
"fashion-shirt-taobao-2","fashion-shirt","男士蓝白格纹宽松长袖衬衫 天猫 618 活动款","服装","衬衫","天猫 · Plain Works 品牌天猫官方旗舰店","fashion-shirt-taobao-2-1","5","positive","体验","实物和页面描述基本一致，整体满意。","近 65 天","基于商品字段生成的拟真模拟评论"
"fashion-shirt-taobao-2","fashion-shirt","男士蓝白格纹宽松长袖衬衫 天猫 618 活动款","服装","衬衫","天猫 · Plain Works 品牌天猫官方旗舰店","fashion-shirt-taobao-2-2","5","positive","价格","活动价入手比较划算，性价比可以。","近 27 天","基于商品字段生成的拟真模拟评论"
"fashion-shirt-taobao-2","fashion-shirt","男士蓝白格纹宽松长袖衬衫 天猫 618 活动款","服装","衬衫","天猫 · Plain Works 品牌天猫官方旗舰店","fashion-shirt-taobao-2-3","4","positive","版型材质","版型和详情页描述基本一致，面料上身质感也不错。","近 10 天","基于商品字段生成的拟真模拟评论"
"fashion-shirt-taobao-2","fashion-shirt","男士蓝白格纹宽松长袖衬衫 天猫 618 活动款","服装","衬衫","天猫 · Plain Works 品牌天猫官方旗舰店","fashion-shirt-taobao-2-4","5","positive","履约服务","天猫发货信息清楚，预计 2 天送达。","近 21 天","基于商品字段生成的拟真模拟评论"
"fashion-shirt-taobao-2","fashion-shirt","男士蓝白格纹宽松长袖衬衫 天猫 618 活动款","服装","衬衫","天猫 · Plain Works 品牌天猫官方旗舰店","fashion-shirt-taobao-2-5","5","positive","体验","发货速度快，包装也比较完整。","近 87 天","基于商品字段生成的拟真模拟评论"
"fashion-shirt-taobao-2","fashion-shirt","男士蓝白格纹宽松长袖衬衫 天猫 618 活动款","服装","衬衫","天猫 · Plain Works 品牌天猫官方旗舰店","fashion-shirt-taobao-2-6","4","positive","价格","券后价格比线下便宜一些。","近 68 天","基于商品字段生成的拟真模拟评论"
"fashion-shirt-taobao-2","fashion-shirt","男士蓝白格纹宽松长袖衬衫 天猫 618 活动款","服装","衬衫","天猫 · Plain Works 品牌天猫官方旗舰店","fashion-shirt-taobao-2-7","5","positive","版型材质","颜色比较耐看，日常通勤搭配起来不费力。","近 1 天","基于商品字段生成的拟真模拟评论"
"fashion-shirt-taobao-2","fashion-shirt","男士蓝白格纹宽松长袖衬衫 天猫 618 活动款","服装","衬衫","天猫 · Plain Works 品牌天猫官方旗舰店","fashion-shirt-taobao-2-8","5","positive","履约服务","7 天无理由，退货运费险，下单前能比较明确地判断售后成本。","近 53 天","基于商品字段生成的拟真模拟评论"
"fashion-shirt-taobao-2","fashion-shirt","男士蓝白格纹宽松长袖衬衫 天猫 618 活动款","服装","衬衫","天猫 · Plain Works 品牌天猫官方旗舰店","fashion-shirt-taobao-2-9","5","positive","体验","实物和页面描述基本一致，整体满意。","近 45 天","基于商品字段生成的拟真模拟评论"
"fashion-shirt-taobao-2","fashion-shirt","男士蓝白格纹宽松长袖衬衫 天猫 618 活动款","服装","衬衫","天猫 · Plain Works 品牌天猫官方旗舰店","fashion-shirt-taobao-2-10","2","negative","细节","部分细节和预期有差距，下单前要看清规格。","近 66 天","基于商品字段生成的拟真模拟评论"
"fashion-shirt-taobao-2","fashion-shirt","男士蓝白格纹宽松长袖衬衫 天猫 618 活动款","服装","衬衫","天猫 · Plain Works 品牌天猫官方旗舰店","fashion-shirt-taobao-2-11","4","positive","价格","活动价入手比较划算，性价比可以。","近 31 天","基于商品字段生成的拟真模拟评论"
"fashion-shirt-taobao-2","fashion-shirt","男士蓝白格纹宽松长袖衬衫 天猫 618 活动款","服装","衬衫","天猫 · Plain Works 品牌天猫官方旗舰店","fashion-shirt-taobao-2-12","4","positive","版型材质","版型和详情页描述基本一致，面料上身质感也不错。","近 38 天","基于商品字段生成的拟真模拟评论"
"fashion-shirt-taobao-2","fashion-shirt","男士蓝白格纹宽松长袖衬衫 天猫 618 活动款","服装","衬衫","天猫 · Plain Works 品牌天猫官方旗舰店","fashion-shirt-taobao-2-13","5","positive","履约服务","天猫发货信息清楚，预计 2 天送达。","近 66 天","基于商品字段生成的拟真模拟评论"
"fashion-shirt-taobao-2","fashion-shirt","男士蓝白格纹宽松长袖衬衫 天猫 618 活动款","服装","衬衫","天猫 · Plain Works 品牌天猫官方旗舰店","fashion-shirt-taobao-2-14","5","positive","体验","发货速度快，包装也比较完整。","近 31 天","基于商品字段生成的拟真模拟评论"
"fashion-shirt-taobao-2","fashion-shirt","男士蓝白格纹宽松长袖衬衫 天猫 618 活动款","服装","衬衫","天猫 · Plain Works 品牌天猫官方旗舰店","fashion-shirt-taobao-2-15","4","positive","价格","券后价格比线下便宜一些。","近 56 天","基于商品字段生成的拟真模拟评论"
"fashion-shirt-taobao-2","fashion-shirt","男士蓝白格纹宽松长袖衬衫 天猫 618 活动款","服装","衬衫","天猫 · Plain Works 品牌天猫官方旗舰店","fashion-shirt-taobao-2-16","5","positive","版型材质","颜色比较耐看，日常通勤搭配起来不费力。","近 55 天","基于商品字段生成的拟真模拟评论"
"fashion-shirt-taobao-2","fashion-shirt","男士蓝白格纹宽松长袖衬衫 天猫 618 活动款","服装","衬衫","天猫 · Plain Works 品牌天猫官方旗舰店","fashion-shirt-taobao-2-17","5","positive","履约服务","7 天无理由，退货运费险，下单前能比较明确地判断售后成本。","近 21 天","基于商品字段生成的拟真模拟评论"
"fashion-shirt-taobao-2","fashion-shirt","男士蓝白格纹宽松长袖衬衫 天猫 618 活动款","服装","衬衫","天猫 · Plain Works 品牌天猫官方旗舰店","fashion-shirt-taobao-2-18","5","positive","体验","实物和页面描述基本一致，整体满意。","近 2 天","基于商品字段生成的拟真模拟评论"
"fashion-shirt-taobao-2","fashion-shirt","男士蓝白格纹宽松长袖衬衫 天猫 618 活动款","服装","衬衫","天猫 · Plain Works 品牌天猫官方旗舰店","fashion-shirt-taobao-2-19","3","negative","售后","退换流程需要按平台规则走，不算特别快。","近 33 天","基于商品字段生成的拟真模拟评论"
"fashion-shirt-taobao-2","fashion-shirt","男士蓝白格纹宽松长袖衬衫 天猫 618 活动款","服装","衬衫","天猫 · Plain Works 品牌天猫官方旗舰店","fashion-shirt-taobao-2-20","5","positive","价格","活动价入手比较划算，性价比可以。","近 80 天","基于商品字段生成的拟真模拟评论"
"fashion-shirt-taobao-2","fashion-shirt","男士蓝白格纹宽松长袖衬衫 天猫 618 活动款","服装","衬衫","天猫 · Plain Works 品牌天猫官方旗舰店","fashion-shirt-taobao-2-21","3","negative","尺码色差","尺码受身材和穿着习惯影响，建议先核对尺寸表。","近 45 天","基于商品字段生成的拟真模拟评论"
"fashion-shirt-taobao-2","fashion-shirt","男士蓝白格纹宽松长袖衬衫 天猫 618 活动款","服装","衬衫","天猫 · Plain Works 品牌天猫官方旗舰店","fashion-shirt-taobao-2-22","5","positive","版型材质","版型和详情页描述基本一致，面料上身质感也不错。","近 23 天","基于商品字段生成的拟真模拟评论"
"fashion-shirt-taobao-2","fashion-shirt","男士蓝白格纹宽松长袖衬衫 天猫 618 活动款","服装","衬衫","天猫 · Plain Works 品牌天猫官方旗舰店","fashion-shirt-taobao-2-23","2","negative","售后规则","退换仍需按“7 天无理由，退货运费险”执行，拆封或使用前要先确认条件。","近 39 天","基于商品字段生成的拟真模拟评论"
"fashion-shirt-taobao-2","fashion-shirt","男士蓝白格纹宽松长袖衬衫 天猫 618 活动款","服装","衬衫","天猫 · Plain Works 品牌天猫官方旗舰店","fashion-shirt-taobao-2-24","5","positive","履约服务","天猫发货信息清楚，预计 2 天送达。","近 38 天","基于商品字段生成的拟真模拟评论"
"fashion-skirt-taobao-2","fashion-skirt","高腰百褶垂感通勤半身裙 天猫 618 活动款","服装","半身裙","天猫 · Morrow Studio 品牌天猫官方旗舰店","fashion-skirt-taobao-2-1","2","negative","细节","部分细节和预期有差距，下单前要看清规格。","近 51 天","基于商品字段生成的拟真模拟评论"
"fashion-skirt-taobao-2","fashion-skirt","高腰百褶垂感通勤半身裙 天猫 618 活动款","服装","半身裙","天猫 · Morrow Studio 品牌天猫官方旗舰店","fashion-skirt-taobao-2-2","5","positive","体验","实物和页面描述基本一致，整体满意。","近 11 天","基于商品字段生成的拟真模拟评论"
"fashion-skirt-taobao-2","fashion-skirt","高腰百褶垂感通勤半身裙 天猫 618 活动款","服装","半身裙","天猫 · Morrow Studio 品牌天猫官方旗舰店","fashion-skirt-taobao-2-3","4","positive","价格","活动价入手比较划算，性价比可以。","近 75 天","基于商品字段生成的拟真模拟评论"
"fashion-skirt-taobao-2","fashion-skirt","高腰百褶垂感通勤半身裙 天猫 618 活动款","服装","半身裙","天猫 · Morrow Studio 品牌天猫官方旗舰店","fashion-skirt-taobao-2-4","5","positive","版型材质","版型和详情页描述基本一致，面料上身质感也不错。","近 8 天","基于商品字段生成的拟真模拟评论"
"fashion-skirt-taobao-2","fashion-skirt","高腰百褶垂感通勤半身裙 天猫 618 活动款","服装","半身裙","天猫 · Morrow Studio 品牌天猫官方旗舰店","fashion-skirt-taobao-2-5","4","positive","履约服务","天猫发货信息清楚，预计 2 天送达。","近 37 天","基于商品字段生成的拟真模拟评论"
"fashion-skirt-taobao-2","fashion-skirt","高腰百褶垂感通勤半身裙 天猫 618 活动款","服装","半身裙","天猫 · Morrow Studio 品牌天猫官方旗舰店","fashion-skirt-taobao-2-6","4","positive","体验","发货速度快，包装也比较完整。","近 26 天","基于商品字段生成的拟真模拟评论"
"fashion-skirt-taobao-2","fashion-skirt","高腰百褶垂感通勤半身裙 天猫 618 活动款","服装","半身裙","天猫 · Morrow Studio 品牌天猫官方旗舰店","fashion-skirt-taobao-2-7","4","positive","价格","券后价格比线下便宜一些。","近 33 天","基于商品字段生成的拟真模拟评论"
"fashion-skirt-taobao-2","fashion-skirt","高腰百褶垂感通勤半身裙 天猫 618 活动款","服装","半身裙","天猫 · Morrow Studio 品牌天猫官方旗舰店","fashion-skirt-taobao-2-8","5","positive","版型材质","颜色比较耐看，日常通勤搭配起来不费力。","近 50 天","基于商品字段生成的拟真模拟评论"
"fashion-skirt-taobao-2","fashion-skirt","高腰百褶垂感通勤半身裙 天猫 618 活动款","服装","半身裙","天猫 · Morrow Studio 品牌天猫官方旗舰店","fashion-skirt-taobao-2-9","5","positive","履约服务","7 天无理由，退货运费险，下单前能比较明确地判断售后成本。","近 47 天","基于商品字段生成的拟真模拟评论"
"fashion-skirt-taobao-2","fashion-skirt","高腰百褶垂感通勤半身裙 天猫 618 活动款","服装","半身裙","天猫 · Morrow Studio 品牌天猫官方旗舰店","fashion-skirt-taobao-2-10","5","positive","体验","实物和页面描述基本一致，整体满意。","近 22 天","基于商品字段生成的拟真模拟评论"
"fashion-skirt-taobao-2","fashion-skirt","高腰百褶垂感通勤半身裙 天猫 618 活动款","服装","半身裙","天猫 · Morrow Studio 品牌天猫官方旗舰店","fashion-skirt-taobao-2-11","5","positive","价格","活动价入手比较划算，性价比可以。","近 55 天","基于商品字段生成的拟真模拟评论"
"fashion-skirt-taobao-2","fashion-skirt","高腰百褶垂感通勤半身裙 天猫 618 活动款","服装","半身裙","天猫 · Morrow Studio 品牌天猫官方旗舰店","fashion-skirt-taobao-2-12","2","negative","售后","退换流程需要按平台规则走，不算特别快。","近 85 天","基于商品字段生成的拟真模拟评论"
"fashion-skirt-taobao-2","fashion-skirt","高腰百褶垂感通勤半身裙 天猫 618 活动款","服装","半身裙","天猫 · Morrow Studio 品牌天猫官方旗舰店","fashion-skirt-taobao-2-13","5","positive","版型材质","版型和详情页描述基本一致，面料上身质感也不错。","近 54 天","基于商品字段生成的拟真模拟评论"
"fashion-skirt-taobao-2","fashion-skirt","高腰百褶垂感通勤半身裙 天猫 618 活动款","服装","半身裙","天猫 · Morrow Studio 品牌天猫官方旗舰店","fashion-skirt-taobao-2-14","5","positive","履约服务","天猫发货信息清楚，预计 2 天送达。","近 22 天","基于商品字段生成的拟真模拟评论"
"fashion-skirt-taobao-2","fashion-skirt","高腰百褶垂感通勤半身裙 天猫 618 活动款","服装","半身裙","天猫 · Morrow Studio 品牌天猫官方旗舰店","fashion-skirt-taobao-2-15","5","positive","体验","发货速度快，包装也比较完整。","近 31 天","基于商品字段生成的拟真模拟评论"
"fashion-skirt-taobao-2","fashion-skirt","高腰百褶垂感通勤半身裙 天猫 618 活动款","服装","半身裙","天猫 · Morrow Studio 品牌天猫官方旗舰店","fashion-skirt-taobao-2-16","5","positive","价格","券后价格比线下便宜一些。","近 88 天","基于商品字段生成的拟真模拟评论"
"fashion-skirt-taobao-2","fashion-skirt","高腰百褶垂感通勤半身裙 天猫 618 活动款","服装","半身裙","天猫 · Morrow Studio 品牌天猫官方旗舰店","fashion-skirt-taobao-2-17","4","positive","版型材质","颜色比较耐看，日常通勤搭配起来不费力。","近 4 天","基于商品字段生成的拟真模拟评论"
"fashion-skirt-taobao-2","fashion-skirt","高腰百褶垂感通勤半身裙 天猫 618 活动款","服装","半身裙","天猫 · Morrow Studio 品牌天猫官方旗舰店","fashion-skirt-taobao-2-18","5","positive","履约服务","7 天无理由，退货运费险，下单前能比较明确地判断售后成本。","近 22 天","基于商品字段生成的拟真模拟评论"
"fashion-skirt-taobao-2","fashion-skirt","高腰百褶垂感通勤半身裙 天猫 618 活动款","服装","半身裙","天猫 · Morrow Studio 品牌天猫官方旗舰店","fashion-skirt-taobao-2-19","4","positive","体验","实物和页面描述基本一致，整体满意。","近 33 天","基于商品字段生成的拟真模拟评论"
"fashion-skirt-taobao-2","fashion-skirt","高腰百褶垂感通勤半身裙 天猫 618 活动款","服装","半身裙","天猫 · Morrow Studio 品牌天猫官方旗舰店","fashion-skirt-taobao-2-20","5","positive","价格","活动价入手比较划算，性价比可以。","近 9 天","基于商品字段生成的拟真模拟评论"
"fashion-skirt-taobao-2","fashion-skirt","高腰百褶垂感通勤半身裙 天猫 618 活动款","服装","半身裙","天猫 · Morrow Studio 品牌天猫官方旗舰店","fashion-skirt-taobao-2-21","5","positive","版型材质","版型和详情页描述基本一致，面料上身质感也不错。","近 26 天","基于商品字段生成的拟真模拟评论"
"fashion-skirt-taobao-2","fashion-skirt","高腰百褶垂感通勤半身裙 天猫 618 活动款","服装","半身裙","天猫 · Morrow Studio 品牌天猫官方旗舰店","fashion-skirt-taobao-2-22","5","positive","履约服务","天猫发货信息清楚，预计 2 天送达。","近 30 天","基于商品字段生成的拟真模拟评论"
"fashion-skirt-taobao-2","fashion-skirt","高腰百褶垂感通勤半身裙 天猫 618 活动款","服装","半身裙","天猫 · Morrow Studio 品牌天猫官方旗舰店","fashion-skirt-taobao-2-23","2","negative","尺码色差","尺码受身材和穿着习惯影响，建议先核对尺寸表。","近 5 天","基于商品字段生成的拟真模拟评论"
"fashion-skirt-taobao-2","fashion-skirt","高腰百褶垂感通勤半身裙 天猫 618 活动款","服装","半身裙","天猫 · Morrow Studio 品牌天猫官方旗舰店","fashion-skirt-taobao-2-24","2","negative","售后规则","退换仍需按“7 天无理由，退货运费险”执行，拆封或使用前要先确认条件。","近 56 天","基于商品字段生成的拟真模拟评论"
"fashion-skirt-taobao-1","fashion-skirt","高腰百褶垂感通勤半身裙 淘宝 618 活动款","服装","半身裙","淘宝 · Morrow Studio 品牌授权专卖店","fashion-skirt-taobao-1-1","4","positive","体验","实物和页面描述基本一致，整体满意。","近 5 天","基于商品字段生成的拟真模拟评论"
"fashion-skirt-taobao-1","fashion-skirt","高腰百褶垂感通勤半身裙 淘宝 618 活动款","服装","半身裙","淘宝 · Morrow Studio 品牌授权专卖店","fashion-skirt-taobao-1-2","5","positive","价格","活动价入手比较划算，性价比可以。","近 47 天","基于商品字段生成的拟真模拟评论"
"fashion-skirt-taobao-1","fashion-skirt","高腰百褶垂感通勤半身裙 淘宝 618 活动款","服装","半身裙","淘宝 · Morrow Studio 品牌授权专卖店","fashion-skirt-taobao-1-3","5","positive","版型材质","版型和详情页描述基本一致，面料上身质感也不错。","近 81 天","基于商品字段生成的拟真模拟评论"
"fashion-skirt-taobao-1","fashion-skirt","高腰百褶垂感通勤半身裙 淘宝 618 活动款","服装","半身裙","淘宝 · Morrow Studio 品牌授权专卖店","fashion-skirt-taobao-1-4","2","negative","细节","部分细节和预期有差距，下单前要看清规格。","近 14 天","基于商品字段生成的拟真模拟评论"
"fashion-skirt-taobao-1","fashion-skirt","高腰百褶垂感通勤半身裙 淘宝 618 活动款","服装","半身裙","淘宝 · Morrow Studio 品牌授权专卖店","fashion-skirt-taobao-1-5","5","positive","履约服务","淘宝发货信息清楚，预计 2-4 天送达。","近 83 天","基于商品字段生成的拟真模拟评论"
"fashion-skirt-taobao-1","fashion-skirt","高腰百褶垂感通勤半身裙 淘宝 618 活动款","服装","半身裙","淘宝 · Morrow Studio 品牌授权专卖店","fashion-skirt-taobao-1-6","5","positive","体验","发货速度快，包装也比较完整。","近 10 天","基于商品字段生成的拟真模拟评论"
"fashion-skirt-taobao-1","fashion-skirt","高腰百褶垂感通勤半身裙 淘宝 618 活动款","服装","半身裙","淘宝 · Morrow Studio 品牌授权专卖店","fashion-skirt-taobao-1-7","5","positive","价格","券后价格比线下便宜一些。","近 2 天","基于商品字段生成的拟真模拟评论"
"fashion-skirt-taobao-1","fashion-skirt","高腰百褶垂感通勤半身裙 淘宝 618 活动款","服装","半身裙","淘宝 · Morrow Studio 品牌授权专卖店","fashion-skirt-taobao-1-8","4","positive","版型材质","颜色比较耐看，日常通勤搭配起来不费力。","近 22 天","基于商品字段生成的拟真模拟评论"
"fashion-skirt-taobao-1","fashion-skirt","高腰百褶垂感通勤半身裙 淘宝 618 活动款","服装","半身裙","淘宝 · Morrow Studio 品牌授权专卖店","fashion-skirt-taobao-1-9","5","positive","履约服务","7 天无理由，需保持吊牌，下单前能比较明确地判断售后成本。","近 81 天","基于商品字段生成的拟真模拟评论"
"fashion-skirt-taobao-1","fashion-skirt","高腰百褶垂感通勤半身裙 淘宝 618 活动款","服装","半身裙","淘宝 · Morrow Studio 品牌授权专卖店","fashion-skirt-taobao-1-10","5","positive","体验","实物和页面描述基本一致，整体满意。","近 37 天","基于商品字段生成的拟真模拟评论"
"fashion-skirt-taobao-1","fashion-skirt","高腰百褶垂感通勤半身裙 淘宝 618 活动款","服装","半身裙","淘宝 · Morrow Studio 品牌授权专卖店","fashion-skirt-taobao-1-11","4","positive","价格","活动价入手比较划算，性价比可以。","近 49 天","基于商品字段生成的拟真模拟评论"
"fashion-skirt-taobao-1","fashion-skirt","高腰百褶垂感通勤半身裙 淘宝 618 活动款","服装","半身裙","淘宝 · Morrow Studio 品牌授权专卖店","fashion-skirt-taobao-1-12","3","negative","售后","退换流程需要按平台规则走，不算特别快。","近 5 天","基于商品字段生成的拟真模拟评论"
"fashion-skirt-taobao-1","fashion-skirt","高腰百褶垂感通勤半身裙 淘宝 618 活动款","服装","半身裙","淘宝 · Morrow Studio 品牌授权专卖店","fashion-skirt-taobao-1-13","2","negative","尺码色差","尺码受身材和穿着习惯影响，建议先核对尺寸表。","近 61 天","基于商品字段生成的拟真模拟评论"
"fashion-skirt-taobao-1","fashion-skirt","高腰百褶垂感通勤半身裙 淘宝 618 活动款","服装","半身裙","淘宝 · Morrow Studio 品牌授权专卖店","fashion-skirt-taobao-1-14","5","positive","版型材质","版型和详情页描述基本一致，面料上身质感也不错。","近 77 天","基于商品字段生成的拟真模拟评论"
"fashion-skirt-taobao-1","fashion-skirt","高腰百褶垂感通勤半身裙 淘宝 618 活动款","服装","半身裙","淘宝 · Morrow Studio 品牌授权专卖店","fashion-skirt-taobao-1-15","4","positive","履约服务","淘宝发货信息清楚，预计 2-4 天送达。","近 13 天","基于商品字段生成的拟真模拟评论"
"fashion-skirt-taobao-1","fashion-skirt","高腰百褶垂感通勤半身裙 淘宝 618 活动款","服装","半身裙","淘宝 · Morrow Studio 品牌授权专卖店","fashion-skirt-taobao-1-16","5","positive","体验","发货速度快，包装也比较完整。","近 63 天","基于商品字段生成的拟真模拟评论"
"fashion-skirt-taobao-1","fashion-skirt","高腰百褶垂感通勤半身裙 淘宝 618 活动款","服装","半身裙","淘宝 · Morrow Studio 品牌授权专卖店","fashion-skirt-taobao-1-17","5","positive","价格","券后价格比线下便宜一些。","近 83 天","基于商品字段生成的拟真模拟评论"
"fashion-skirt-taobao-1","fashion-skirt","高腰百褶垂感通勤半身裙 淘宝 618 活动款","服装","半身裙","淘宝 · Morrow Studio 品牌授权专卖店","fashion-skirt-taobao-1-18","5","positive","版型材质","颜色比较耐看，日常通勤搭配起来不费力。","近 84 天","基于商品字段生成的拟真模拟评论"
"fashion-skirt-taobao-1","fashion-skirt","高腰百褶垂感通勤半身裙 淘宝 618 活动款","服装","半身裙","淘宝 · Morrow Studio 品牌授权专卖店","fashion-skirt-taobao-1-19","5","positive","履约服务","7 天无理由，需保持吊牌，下单前能比较明确地判断售后成本。","近 61 天","基于商品字段生成的拟真模拟评论"
"fashion-skirt-taobao-1","fashion-skirt","高腰百褶垂感通勤半身裙 淘宝 618 活动款","服装","半身裙","淘宝 · Morrow Studio 品牌授权专卖店","fashion-skirt-taobao-1-20","5","positive","体验","实物和页面描述基本一致，整体满意。","近 22 天","基于商品字段生成的拟真模拟评论"
"fashion-skirt-taobao-1","fashion-skirt","高腰百褶垂感通勤半身裙 淘宝 618 活动款","服装","半身裙","淘宝 · Morrow Studio 品牌授权专卖店","fashion-skirt-taobao-1-21","5","positive","价格","活动价入手比较划算，性价比可以。","近 26 天","基于商品字段生成的拟真模拟评论"
"fashion-skirt-taobao-1","fashion-skirt","高腰百褶垂感通勤半身裙 淘宝 618 活动款","服装","半身裙","淘宝 · Morrow Studio 品牌授权专卖店","fashion-skirt-taobao-1-22","5","positive","版型材质","版型和详情页描述基本一致，面料上身质感也不错。","近 80 天","基于商品字段生成的拟真模拟评论"
"fashion-skirt-taobao-1","fashion-skirt","高腰百褶垂感通勤半身裙 淘宝 618 活动款","服装","半身裙","淘宝 · Morrow Studio 品牌授权专卖店","fashion-skirt-taobao-1-23","4","positive","履约服务","淘宝发货信息清楚，预计 2-4 天送达。","近 60 天","基于商品字段生成的拟真模拟评论"
"fashion-skirt-taobao-1","fashion-skirt","高腰百褶垂感通勤半身裙 淘宝 618 活动款","服装","半身裙","淘宝 · Morrow Studio 品牌授权专卖店","fashion-skirt-taobao-1-24","2","negative","售后规则","退换仍需按“7 天无理由，需保持吊牌”执行，拆封或使用前要先确认条件。","近 68 天","基于商品字段生成的拟真模拟评论"
"fashion-skirt-douyin-5","fashion-skirt","高腰百褶垂感通勤半身裙 抖音商城 618 活动款","服装","半身裙","抖音商城 · Morrow Studio 品牌直播旗舰店","fashion-skirt-douyin-5-1","4","positive","体验","实物和页面描述基本一致，整体满意。","近 49 天","基于商品字段生成的拟真模拟评论"
"fashion-skirt-douyin-5","fashion-skirt","高腰百褶垂感通勤半身裙 抖音商城 618 活动款","服装","半身裙","抖音商城 · Morrow Studio 品牌直播旗舰店","fashion-skirt-douyin-5-2","4","positive","价格","活动价入手比较划算，性价比可以。","近 48 天","基于商品字段生成的拟真模拟评论"
"fashion-skirt-douyin-5","fashion-skirt","高腰百褶垂感通勤半身裙 抖音商城 618 活动款","服装","半身裙","抖音商城 · Morrow Studio 品牌直播旗舰店","fashion-skirt-douyin-5-3","3","negative","细节","部分细节和预期有差距，下单前要看清规格。","近 51 天","基于商品字段生成的拟真模拟评论"
"fashion-skirt-douyin-5","fashion-skirt","高腰百褶垂感通勤半身裙 抖音商城 618 活动款","服装","半身裙","抖音商城 · Morrow Studio 品牌直播旗舰店","fashion-skirt-douyin-5-4","5","positive","版型材质","版型和详情页描述基本一致，面料上身质感也不错。","近 13 天","基于商品字段生成的拟真模拟评论"
"fashion-skirt-douyin-5","fashion-skirt","高腰百褶垂感通勤半身裙 抖音商城 618 活动款","服装","半身裙","抖音商城 · Morrow Studio 品牌直播旗舰店","fashion-skirt-douyin-5-5","5","positive","履约服务","抖音商城发货信息清楚，预计 2-4 天送达。","近 45 天","基于商品字段生成的拟真模拟评论"
"fashion-skirt-douyin-5","fashion-skirt","高腰百褶垂感通勤半身裙 抖音商城 618 活动款","服装","半身裙","抖音商城 · Morrow Studio 品牌直播旗舰店","fashion-skirt-douyin-5-6","5","positive","体验","发货速度快，包装也比较完整。","近 63 天","基于商品字段生成的拟真模拟评论"
"fashion-skirt-douyin-5","fashion-skirt","高腰百褶垂感通勤半身裙 抖音商城 618 活动款","服装","半身裙","抖音商城 · Morrow Studio 品牌直播旗舰店","fashion-skirt-douyin-5-7","4","positive","价格","券后价格比线下便宜一些。","近 87 天","基于商品字段生成的拟真模拟评论"
"fashion-skirt-douyin-5","fashion-skirt","高腰百褶垂感通勤半身裙 抖音商城 618 活动款","服装","半身裙","抖音商城 · Morrow Studio 品牌直播旗舰店","fashion-skirt-douyin-5-8","5","positive","版型材质","颜色比较耐看，日常通勤搭配起来不费力。","近 74 天","基于商品字段生成的拟真模拟评论"
"fashion-skirt-douyin-5","fashion-skirt","高腰百褶垂感通勤半身裙 抖音商城 618 活动款","服装","半身裙","抖音商城 · Morrow Studio 品牌直播旗舰店","fashion-skirt-douyin-5-9","4","positive","履约服务","7 天无理由，直播赠品需一并退回，下单前能比较明确地判断售后成本。","近 73 天","基于商品字段生成的拟真模拟评论"
"fashion-skirt-douyin-5","fashion-skirt","高腰百褶垂感通勤半身裙 抖音商城 618 活动款","服装","半身裙","抖音商城 · Morrow Studio 品牌直播旗舰店","fashion-skirt-douyin-5-10","2","negative","售后","退换流程需要按平台规则走，不算特别快。","近 14 天","基于商品字段生成的拟真模拟评论"
"fashion-skirt-douyin-5","fashion-skirt","高腰百褶垂感通勤半身裙 抖音商城 618 活动款","服装","半身裙","抖音商城 · Morrow Studio 品牌直播旗舰店","fashion-skirt-douyin-5-11","5","positive","体验","实物和页面描述基本一致，整体满意。","近 28 天","基于商品字段生成的拟真模拟评论"
"fashion-skirt-douyin-5","fashion-skirt","高腰百褶垂感通勤半身裙 抖音商城 618 活动款","服装","半身裙","抖音商城 · Morrow Studio 品牌直播旗舰店","fashion-skirt-douyin-5-12","5","positive","价格","活动价入手比较划算，性价比可以。","近 35 天","基于商品字段生成的拟真模拟评论"
"fashion-skirt-douyin-5","fashion-skirt","高腰百褶垂感通勤半身裙 抖音商城 618 活动款","服装","半身裙","抖音商城 · Morrow Studio 品牌直播旗舰店","fashion-skirt-douyin-5-13","3","negative","尺码色差","尺码受身材和穿着习惯影响，建议先核对尺寸表。","近 55 天","基于商品字段生成的拟真模拟评论"
"fashion-skirt-douyin-5","fashion-skirt","高腰百褶垂感通勤半身裙 抖音商城 618 活动款","服装","半身裙","抖音商城 · Morrow Studio 品牌直播旗舰店","fashion-skirt-douyin-5-14","5","positive","版型材质","版型和详情页描述基本一致，面料上身质感也不错。","近 24 天","基于商品字段生成的拟真模拟评论"
"fashion-skirt-douyin-5","fashion-skirt","高腰百褶垂感通勤半身裙 抖音商城 618 活动款","服装","半身裙","抖音商城 · Morrow Studio 品牌直播旗舰店","fashion-skirt-douyin-5-15","5","positive","履约服务","抖音商城发货信息清楚，预计 2-4 天送达。","近 31 天","基于商品字段生成的拟真模拟评论"
"fashion-skirt-douyin-5","fashion-skirt","高腰百褶垂感通勤半身裙 抖音商城 618 活动款","服装","半身裙","抖音商城 · Morrow Studio 品牌直播旗舰店","fashion-skirt-douyin-5-16","4","positive","体验","发货速度快，包装也比较完整。","近 28 天","基于商品字段生成的拟真模拟评论"
"fashion-skirt-douyin-5","fashion-skirt","高腰百褶垂感通勤半身裙 抖音商城 618 活动款","服装","半身裙","抖音商城 · Morrow Studio 品牌直播旗舰店","fashion-skirt-douyin-5-17","5","positive","价格","券后价格比线下便宜一些。","近 31 天","基于商品字段生成的拟真模拟评论"
"fashion-skirt-douyin-5","fashion-skirt","高腰百褶垂感通勤半身裙 抖音商城 618 活动款","服装","半身裙","抖音商城 · Morrow Studio 品牌直播旗舰店","fashion-skirt-douyin-5-18","5","positive","版型材质","颜色比较耐看，日常通勤搭配起来不费力。","近 71 天","基于商品字段生成的拟真模拟评论"
"fashion-skirt-douyin-5","fashion-skirt","高腰百褶垂感通勤半身裙 抖音商城 618 活动款","服装","半身裙","抖音商城 · Morrow Studio 品牌直播旗舰店","fashion-skirt-douyin-5-19","4","positive","履约服务","7 天无理由，直播赠品需一并退回，下单前能比较明确地判断售后成本。","近 22 天","基于商品字段生成的拟真模拟评论"
"fashion-skirt-douyin-5","fashion-skirt","高腰百褶垂感通勤半身裙 抖音商城 618 活动款","服装","半身裙","抖音商城 · Morrow Studio 品牌直播旗舰店","fashion-skirt-douyin-5-20","4","positive","体验","实物和页面描述基本一致，整体满意。","近 55 天","基于商品字段生成的拟真模拟评论"
"fashion-skirt-douyin-5","fashion-skirt","高腰百褶垂感通勤半身裙 抖音商城 618 活动款","服装","半身裙","抖音商城 · Morrow Studio 品牌直播旗舰店","fashion-skirt-douyin-5-21","4","positive","价格","活动价入手比较划算，性价比可以。","近 86 天","基于商品字段生成的拟真模拟评论"
"fashion-skirt-douyin-5","fashion-skirt","高腰百褶垂感通勤半身裙 抖音商城 618 活动款","服装","半身裙","抖音商城 · Morrow Studio 品牌直播旗舰店","fashion-skirt-douyin-5-22","5","positive","版型材质","版型和详情页描述基本一致，面料上身质感也不错。","近 76 天","基于商品字段生成的拟真模拟评论"
"fashion-skirt-douyin-5","fashion-skirt","高腰百褶垂感通勤半身裙 抖音商城 618 活动款","服装","半身裙","抖音商城 · Morrow Studio 品牌直播旗舰店","fashion-skirt-douyin-5-23","5","positive","履约服务","抖音商城发货信息清楚，预计 2-4 天送达。","近 43 天","基于商品字段生成的拟真模拟评论"
"fashion-skirt-douyin-5","fashion-skirt","高腰百褶垂感通勤半身裙 抖音商城 618 活动款","服装","半身裙","抖音商城 · Morrow Studio 品牌直播旗舰店","fashion-skirt-douyin-5-24","3","negative","售后规则","退换仍需按“7 天无理由，直播赠品需一并退回”执行，拆封或使用前要先确认条件。","近 60 天","基于商品字段生成的拟真模拟评论"
"fashion-skirt-xiaohongshu-4","fashion-skirt","高腰百褶垂感通勤半身裙 小红书商城 618 活动款","服装","半身裙","小红书商城 · Morrow Studio 小红书精选品牌店","fashion-skirt-xiaohongshu-4-1","4","positive","体验","实物和页面描述基本一致，整体满意。","近 25 天","基于商品字段生成的拟真模拟评论"
"fashion-skirt-xiaohongshu-4","fashion-skirt","高腰百褶垂感通勤半身裙 小红书商城 618 活动款","服装","半身裙","小红书商城 · Morrow Studio 小红书精选品牌店","fashion-skirt-xiaohongshu-4-2","5","positive","价格","活动价入手比较划算，性价比可以。","近 70 天","基于商品字段生成的拟真模拟评论"
"fashion-skirt-xiaohongshu-4","fashion-skirt","高腰百褶垂感通勤半身裙 小红书商城 618 活动款","服装","半身裙","小红书商城 · Morrow Studio 小红书精选品牌店","fashion-skirt-xiaohongshu-4-3","3","negative","细节","部分细节和预期有差距，下单前要看清规格。","近 77 天","基于商品字段生成的拟真模拟评论"
"fashion-skirt-xiaohongshu-4","fashion-skirt","高腰百褶垂感通勤半身裙 小红书商城 618 活动款","服装","半身裙","小红书商城 · Morrow Studio 小红书精选品牌店","fashion-skirt-xiaohongshu-4-4","5","positive","版型材质","版型和详情页描述基本一致，面料上身质感也不错。","近 16 天","基于商品字段生成的拟真模拟评论"
"fashion-skirt-xiaohongshu-4","fashion-skirt","高腰百褶垂感通勤半身裙 小红书商城 618 活动款","服装","半身裙","小红书商城 · Morrow Studio 小红书精选品牌店","fashion-skirt-xiaohongshu-4-5","5","positive","履约服务","小红书商城发货信息清楚，预计 3 天送达。","近 62 天","基于商品字段生成的拟真模拟评论"
"fashion-skirt-xiaohongshu-4","fashion-skirt","高腰百褶垂感通勤半身裙 小红书商城 618 活动款","服装","半身裙","小红书商城 · Morrow Studio 小红书精选品牌店","fashion-skirt-xiaohongshu-4-6","5","positive","体验","发货速度快，包装也比较完整。","近 85 天","基于商品字段生成的拟真模拟评论"
"fashion-skirt-xiaohongshu-4","fashion-skirt","高腰百褶垂感通勤半身裙 小红书商城 618 活动款","服装","半身裙","小红书商城 · Morrow Studio 小红书精选品牌店","fashion-skirt-xiaohongshu-4-7","5","positive","价格","券后价格比线下便宜一些。","近 74 天","基于商品字段生成的拟真模拟评论"
"fashion-skirt-xiaohongshu-4","fashion-skirt","高腰百褶垂感通勤半身裙 小红书商城 618 活动款","服装","半身裙","小红书商城 · Morrow Studio 小红书精选品牌店","fashion-skirt-xiaohongshu-4-8","2","negative","售后","退换流程需要按平台规则走，不算特别快。","近 44 天","基于商品字段生成的拟真模拟评论"
"fashion-skirt-xiaohongshu-4","fashion-skirt","高腰百褶垂感通勤半身裙 小红书商城 618 活动款","服装","半身裙","小红书商城 · Morrow Studio 小红书精选品牌店","fashion-skirt-xiaohongshu-4-9","5","positive","版型材质","颜色比较耐看，日常通勤搭配起来不费力。","近 7 天","基于商品字段生成的拟真模拟评论"
"fashion-skirt-xiaohongshu-4","fashion-skirt","高腰百褶垂感通勤半身裙 小红书商城 618 活动款","服装","半身裙","小红书商城 · Morrow Studio 小红书精选品牌店","fashion-skirt-xiaohongshu-4-10","4","positive","履约服务","未拆封支持 7 天退货，下单前能比较明确地判断售后成本。","近 49 天","基于商品字段生成的拟真模拟评论"
"fashion-skirt-xiaohongshu-4","fashion-skirt","高腰百褶垂感通勤半身裙 小红书商城 618 活动款","服装","半身裙","小红书商城 · Morrow Studio 小红书精选品牌店","fashion-skirt-xiaohongshu-4-11","2","negative","尺码色差","尺码受身材和穿着习惯影响，建议先核对尺寸表。","近 75 天","基于商品字段生成的拟真模拟评论"
"fashion-skirt-xiaohongshu-4","fashion-skirt","高腰百褶垂感通勤半身裙 小红书商城 618 活动款","服装","半身裙","小红书商城 · Morrow Studio 小红书精选品牌店","fashion-skirt-xiaohongshu-4-12","2","negative","售后规则","退换仍需按“未拆封支持 7 天退货”执行，拆封或使用前要先确认条件。","近 56 天","基于商品字段生成的拟真模拟评论"
"fashion-skirt-xiaohongshu-4","fashion-skirt","高腰百褶垂感通勤半身裙 小红书商城 618 活动款","服装","半身裙","小红书商城 · Morrow Studio 小红书精选品牌店","fashion-skirt-xiaohongshu-4-13","5","positive","体验","实物和页面描述基本一致，整体满意。","近 38 天","基于商品字段生成的拟真模拟评论"
"fashion-skirt-xiaohongshu-4","fashion-skirt","高腰百褶垂感通勤半身裙 小红书商城 618 活动款","服装","半身裙","小红书商城 · Morrow Studio 小红书精选品牌店","fashion-skirt-xiaohongshu-4-14","5","positive","价格","活动价入手比较划算，性价比可以。","近 42 天","基于商品字段生成的拟真模拟评论"
"fashion-skirt-xiaohongshu-4","fashion-skirt","高腰百褶垂感通勤半身裙 小红书商城 618 活动款","服装","半身裙","小红书商城 · Morrow Studio 小红书精选品牌店","fashion-skirt-xiaohongshu-4-15","2","negative","细节","客服解释比较慢，急用要提前确认。","近 27 天","基于商品字段生成的拟真模拟评论"
"fashion-skirt-xiaohongshu-4","fashion-skirt","高腰百褶垂感通勤半身裙 小红书商城 618 活动款","服装","半身裙","小红书商城 · Morrow Studio 小红书精选品牌店","fashion-skirt-xiaohongshu-4-16","5","positive","版型材质","版型和详情页描述基本一致，面料上身质感也不错。","近 48 天","基于商品字段生成的拟真模拟评论"
"fashion-skirt-xiaohongshu-4","fashion-skirt","高腰百褶垂感通勤半身裙 小红书商城 618 活动款","服装","半身裙","小红书商城 · Morrow Studio 小红书精选品牌店","fashion-skirt-xiaohongshu-4-17","2","negative","售后","赠品和主商品分开发货，等待时间更久。","近 54 天","基于商品字段生成的拟真模拟评论"
"fashion-skirt-xiaohongshu-4","fashion-skirt","高腰百褶垂感通勤半身裙 小红书商城 618 活动款","服装","半身裙","小红书商城 · Morrow Studio 小红书精选品牌店","fashion-skirt-xiaohongshu-4-18","5","positive","履约服务","小红书商城发货信息清楚，预计 3 天送达。","近 9 天","基于商品字段生成的拟真模拟评论"
"fashion-skirt-xiaohongshu-4","fashion-skirt","高腰百褶垂感通勤半身裙 小红书商城 618 活动款","服装","半身裙","小红书商城 · Morrow Studio 小红书精选品牌店","fashion-skirt-xiaohongshu-4-19","2","negative","尺码色差","不同光线下颜色会有差异，面料也需要按洗护说明处理。","近 58 天","基于商品字段生成的拟真模拟评论"
"fashion-skirt-xiaohongshu-4","fashion-skirt","高腰百褶垂感通勤半身裙 小红书商城 618 活动款","服装","半身裙","小红书商城 · Morrow Studio 小红书精选品牌店","fashion-skirt-xiaohongshu-4-20","5","positive","体验","发货速度快，包装也比较完整。","近 34 天","基于商品字段生成的拟真模拟评论"
"fashion-skirt-xiaohongshu-4","fashion-skirt","高腰百褶垂感通勤半身裙 小红书商城 618 活动款","服装","半身裙","小红书商城 · Morrow Studio 小红书精选品牌店","fashion-skirt-xiaohongshu-4-21","4","positive","价格","券后价格比线下便宜一些。","近 63 天","基于商品字段生成的拟真模拟评论"
"fashion-skirt-xiaohongshu-4","fashion-skirt","高腰百褶垂感通勤半身裙 小红书商城 618 活动款","服装","半身裙","小红书商城 · Morrow Studio 小红书精选品牌店","fashion-skirt-xiaohongshu-4-22","5","positive","版型材质","颜色比较耐看，日常通勤搭配起来不费力。","近 7 天","基于商品字段生成的拟真模拟评论"
"fashion-skirt-xiaohongshu-4","fashion-skirt","高腰百褶垂感通勤半身裙 小红书商城 618 活动款","服装","半身裙","小红书商城 · Morrow Studio 小红书精选品牌店","fashion-skirt-xiaohongshu-4-23","4","positive","履约服务","未拆封支持 7 天退货，下单前能比较明确地判断售后成本。","近 48 天","基于商品字段生成的拟真模拟评论"
"fashion-skirt-xiaohongshu-4","fashion-skirt","高腰百褶垂感通勤半身裙 小红书商城 618 活动款","服装","半身裙","小红书商城 · Morrow Studio 小红书精选品牌店","fashion-skirt-xiaohongshu-4-24","5","positive","体验","实物和页面描述基本一致，整体满意。","近 73 天","基于商品字段生成的拟真模拟评论"
"fashion-skirt-vip-3","fashion-skirt","高腰百褶垂感通勤半身裙 唯品会 618 活动款","服装","半身裙","唯品会 · Morrow Studio 唯品会品牌特卖","fashion-skirt-vip-3-1","4","positive","体验","实物和页面描述基本一致，整体满意。","近 83 天","基于商品字段生成的拟真模拟评论"
"fashion-skirt-vip-3","fashion-skirt","高腰百褶垂感通勤半身裙 唯品会 618 活动款","服装","半身裙","唯品会 · Morrow Studio 唯品会品牌特卖","fashion-skirt-vip-3-2","4","positive","价格","活动价入手比较划算，性价比可以。","近 87 天","基于商品字段生成的拟真模拟评论"
"fashion-skirt-vip-3","fashion-skirt","高腰百褶垂感通勤半身裙 唯品会 618 活动款","服装","半身裙","唯品会 · Morrow Studio 唯品会品牌特卖","fashion-skirt-vip-3-3","5","positive","版型材质","版型和详情页描述基本一致，面料上身质感也不错。","近 32 天","基于商品字段生成的拟真模拟评论"
"fashion-skirt-vip-3","fashion-skirt","高腰百褶垂感通勤半身裙 唯品会 618 活动款","服装","半身裙","唯品会 · Morrow Studio 唯品会品牌特卖","fashion-skirt-vip-3-4","5","positive","履约服务","唯品会发货信息清楚，预计 2 天送达。","近 55 天","基于商品字段生成的拟真模拟评论"
"fashion-skirt-vip-3","fashion-skirt","高腰百褶垂感通勤半身裙 唯品会 618 活动款","服装","半身裙","唯品会 · Morrow Studio 唯品会品牌特卖","fashion-skirt-vip-3-5","5","positive","体验","发货速度快，包装也比较完整。","近 52 天","基于商品字段生成的拟真模拟评论"
"fashion-skirt-vip-3","fashion-skirt","高腰百褶垂感通勤半身裙 唯品会 618 活动款","服装","半身裙","唯品会 · Morrow Studio 唯品会品牌特卖","fashion-skirt-vip-3-6","5","positive","价格","券后价格比线下便宜一些。","近 70 天","基于商品字段生成的拟真模拟评论"
"fashion-skirt-vip-3","fashion-skirt","高腰百褶垂感通勤半身裙 唯品会 618 活动款","服装","半身裙","唯品会 · Morrow Studio 唯品会品牌特卖","fashion-skirt-vip-3-7","2","negative","细节","部分细节和预期有差距，下单前要看清规格。","近 6 天","基于商品字段生成的拟真模拟评论"
"fashion-skirt-vip-3","fashion-skirt","高腰百褶垂感通勤半身裙 唯品会 618 活动款","服装","半身裙","唯品会 · Morrow Studio 唯品会品牌特卖","fashion-skirt-vip-3-8","5","positive","版型材质","颜色比较耐看，日常通勤搭配起来不费力。","近 49 天","基于商品字段生成的拟真模拟评论"
"fashion-skirt-vip-3","fashion-skirt","高腰百褶垂感通勤半身裙 唯品会 618 活动款","服装","半身裙","唯品会 · Morrow Studio 唯品会品牌特卖","fashion-skirt-vip-3-9","5","positive","履约服务","7 天无理由，支持退货运费险，下单前能比较明确地判断售后成本。","近 47 天","基于商品字段生成的拟真模拟评论"
"fashion-skirt-vip-3","fashion-skirt","高腰百褶垂感通勤半身裙 唯品会 618 活动款","服装","半身裙","唯品会 · Morrow Studio 唯品会品牌特卖","fashion-skirt-vip-3-10","5","positive","体验","实物和页面描述基本一致，整体满意。","近 14 天","基于商品字段生成的拟真模拟评论"
"fashion-skirt-vip-3","fashion-skirt","高腰百褶垂感通勤半身裙 唯品会 618 活动款","服装","半身裙","唯品会 · Morrow Studio 唯品会品牌特卖","fashion-skirt-vip-3-11","5","positive","价格","活动价入手比较划算，性价比可以。","近 35 天","基于商品字段生成的拟真模拟评论"
"fashion-skirt-vip-3","fashion-skirt","高腰百褶垂感通勤半身裙 唯品会 618 活动款","服装","半身裙","唯品会 · Morrow Studio 唯品会品牌特卖","fashion-skirt-vip-3-12","4","positive","版型材质","版型和详情页描述基本一致，面料上身质感也不错。","近 28 天","基于商品字段生成的拟真模拟评论"
"fashion-skirt-vip-3","fashion-skirt","高腰百褶垂感通勤半身裙 唯品会 618 活动款","服装","半身裙","唯品会 · Morrow Studio 唯品会品牌特卖","fashion-skirt-vip-3-13","3","negative","售后","退换流程需要按平台规则走，不算特别快。","近 67 天","基于商品字段生成的拟真模拟评论"
"fashion-skirt-vip-3","fashion-skirt","高腰百褶垂感通勤半身裙 唯品会 618 活动款","服装","半身裙","唯品会 · Morrow Studio 唯品会品牌特卖","fashion-skirt-vip-3-14","5","positive","履约服务","唯品会发货信息清楚，预计 2 天送达。","近 67 天","基于商品字段生成的拟真模拟评论"
"fashion-skirt-vip-3","fashion-skirt","高腰百褶垂感通勤半身裙 唯品会 618 活动款","服装","半身裙","唯品会 · Morrow Studio 唯品会品牌特卖","fashion-skirt-vip-3-15","5","positive","体验","发货速度快，包装也比较完整。","近 1 天","基于商品字段生成的拟真模拟评论"
"fashion-skirt-vip-3","fashion-skirt","高腰百褶垂感通勤半身裙 唯品会 618 活动款","服装","半身裙","唯品会 · Morrow Studio 唯品会品牌特卖","fashion-skirt-vip-3-16","5","positive","价格","券后价格比线下便宜一些。","近 78 天","基于商品字段生成的拟真模拟评论"
"fashion-skirt-vip-3","fashion-skirt","高腰百褶垂感通勤半身裙 唯品会 618 活动款","服装","半身裙","唯品会 · Morrow Studio 唯品会品牌特卖","fashion-skirt-vip-3-17","4","positive","版型材质","颜色比较耐看，日常通勤搭配起来不费力。","近 7 天","基于商品字段生成的拟真模拟评论"
"fashion-skirt-vip-3","fashion-skirt","高腰百褶垂感通勤半身裙 唯品会 618 活动款","服装","半身裙","唯品会 · Morrow Studio 唯品会品牌特卖","fashion-skirt-vip-3-18","4","positive","履约服务","7 天无理由，支持退货运费险，下单前能比较明确地判断售后成本。","近 86 天","基于商品字段生成的拟真模拟评论"
"fashion-skirt-vip-3","fashion-skirt","高腰百褶垂感通勤半身裙 唯品会 618 活动款","服装","半身裙","唯品会 · Morrow Studio 唯品会品牌特卖","fashion-skirt-vip-3-19","5","positive","体验","实物和页面描述基本一致，整体满意。","近 61 天","基于商品字段生成的拟真模拟评论"
"fashion-skirt-vip-3","fashion-skirt","高腰百褶垂感通勤半身裙 唯品会 618 活动款","服装","半身裙","唯品会 · Morrow Studio 唯品会品牌特卖","fashion-skirt-vip-3-20","4","positive","价格","活动价入手比较划算，性价比可以。","近 23 天","基于商品字段生成的拟真模拟评论"
"fashion-skirt-vip-3","fashion-skirt","高腰百褶垂感通勤半身裙 唯品会 618 活动款","服装","半身裙","唯品会 · Morrow Studio 唯品会品牌特卖","fashion-skirt-vip-3-21","2","negative","尺码色差","尺码受身材和穿着习惯影响，建议先核对尺寸表。","近 74 天","基于商品字段生成的拟真模拟评论"
"fashion-skirt-vip-3","fashion-skirt","高腰百褶垂感通勤半身裙 唯品会 618 活动款","服装","半身裙","唯品会 · Morrow Studio 唯品会品牌特卖","fashion-skirt-vip-3-22","4","positive","版型材质","版型和详情页描述基本一致，面料上身质感也不错。","近 77 天","基于商品字段生成的拟真模拟评论"
"fashion-skirt-vip-3","fashion-skirt","高腰百褶垂感通勤半身裙 唯品会 618 活动款","服装","半身裙","唯品会 · Morrow Studio 唯品会品牌特卖","fashion-skirt-vip-3-23","5","positive","履约服务","唯品会发货信息清楚，预计 2 天送达。","近 77 天","基于商品字段生成的拟真模拟评论"
"fashion-skirt-vip-3","fashion-skirt","高腰百褶垂感通勤半身裙 唯品会 618 活动款","服装","半身裙","唯品会 · Morrow Studio 唯品会品牌特卖","fashion-skirt-vip-3-24","3","negative","售后规则","退换仍需按“7 天无理由，支持退货运费险”执行，拆封或使用前要先确认条件。","近 41 天","基于商品字段生成的拟真模拟评论"
"beauty-foundation-taobao-1","beauty-foundation","兰蔻持妆粉底液 PO-01 30ml 天猫 618 活动款","美妆护肤","粉底液","天猫 · Lancôme 兰蔻 品牌天猫官方旗舰店","beauty-foundation-taobao-1-1","4","positive","体验","实物和页面描述基本一致，整体满意。","近 84 天","基于商品字段生成的拟真模拟评论"
"beauty-foundation-taobao-1","beauty-foundation","兰蔻持妆粉底液 PO-01 30ml 天猫 618 活动款","美妆护肤","粉底液","天猫 · Lancôme 兰蔻 品牌天猫官方旗舰店","beauty-foundation-taobao-1-2","5","positive","价格","活动价入手比较划算，性价比可以。","近 32 天","基于商品字段生成的拟真模拟评论"
"beauty-foundation-taobao-1","beauty-foundation","兰蔻持妆粉底液 PO-01 30ml 天猫 618 活动款","美妆护肤","粉底液","天猫 · Lancôme 兰蔻 品牌天猫官方旗舰店","beauty-foundation-taobao-1-3","5","positive","使用感受","质地和页面描述接近，日常使用的肤感比较舒服。","近 53 天","基于商品字段生成的拟真模拟评论"
"beauty-foundation-taobao-1","beauty-foundation","兰蔻持妆粉底液 PO-01 30ml 天猫 618 活动款","美妆护肤","粉底液","天猫 · Lancôme 兰蔻 品牌天猫官方旗舰店","beauty-foundation-taobao-1-4","4","positive","履约服务","天猫发货信息清楚，预计 2 天送达。","近 14 天","基于商品字段生成的拟真模拟评论"
"beauty-foundation-taobao-1","beauty-foundation","兰蔻持妆粉底液 PO-01 30ml 天猫 618 活动款","美妆护肤","粉底液","天猫 · Lancôme 兰蔻 品牌天猫官方旗舰店","beauty-foundation-taobao-1-5","5","positive","体验","发货速度快，包装也比较完整。","近 87 天","基于商品字段生成的拟真模拟评论"
"beauty-foundation-taobao-1","beauty-foundation","兰蔻持妆粉底液 PO-01 30ml 天猫 618 活动款","美妆护肤","粉底液","天猫 · Lancôme 兰蔻 品牌天猫官方旗舰店","beauty-foundation-taobao-1-6","3","negative","细节","部分细节和预期有差距，下单前要看清规格。","近 53 天","基于商品字段生成的拟真模拟评论"
"beauty-foundation-taobao-1","beauty-foundation","兰蔻持妆粉底液 PO-01 30ml 天猫 618 活动款","美妆护肤","粉底液","天猫 · Lancôme 兰蔻 品牌天猫官方旗舰店","beauty-foundation-taobao-1-7","5","positive","价格","券后价格比线下便宜一些。","近 36 天","基于商品字段生成的拟真模拟评论"
"beauty-foundation-taobao-1","beauty-foundation","兰蔻持妆粉底液 PO-01 30ml 天猫 618 活动款","美妆护肤","粉底液","天猫 · Lancôme 兰蔻 品牌天猫官方旗舰店","beauty-foundation-taobao-1-8","3","negative","售后","退换流程需要按平台规则走，不算特别快。","近 14 天","基于商品字段生成的拟真模拟评论"
"beauty-foundation-taobao-1","beauty-foundation","兰蔻持妆粉底液 PO-01 30ml 天猫 618 活动款","美妆护肤","粉底液","天猫 · Lancôme 兰蔻 品牌天猫官方旗舰店","beauty-foundation-taobao-1-9","5","positive","使用感受","包装完整，批次和规格信息清楚，使用体验符合预期。","近 37 天","基于商品字段生成的拟真模拟评论"
"beauty-foundation-taobao-1","beauty-foundation","兰蔻持妆粉底液 PO-01 30ml 天猫 618 活动款","美妆护肤","粉底液","天猫 · Lancôme 兰蔻 品牌天猫官方旗舰店","beauty-foundation-taobao-1-10","5","positive","履约服务","7 天无理由，退货运费险，下单前能比较明确地判断售后成本。","近 7 天","基于商品字段生成的拟真模拟评论"
"beauty-foundation-taobao-1","beauty-foundation","兰蔻持妆粉底液 PO-01 30ml 天猫 618 活动款","美妆护肤","粉底液","天猫 · Lancôme 兰蔻 品牌天猫官方旗舰店","beauty-foundation-taobao-1-11","4","positive","体验","实物和页面描述基本一致，整体满意。","近 10 天","基于商品字段生成的拟真模拟评论"
"beauty-foundation-taobao-1","beauty-foundation","兰蔻持妆粉底液 PO-01 30ml 天猫 618 活动款","美妆护肤","粉底液","天猫 · Lancôme 兰蔻 品牌天猫官方旗舰店","beauty-foundation-taobao-1-12","5","positive","价格","活动价入手比较划算，性价比可以。","近 60 天","基于商品字段生成的拟真模拟评论"
"beauty-foundation-taobao-1","beauty-foundation","兰蔻持妆粉底液 PO-01 30ml 天猫 618 活动款","美妆护肤","粉底液","天猫 · Lancôme 兰蔻 品牌天猫官方旗舰店","beauty-foundation-taobao-1-13","3","negative","个体适配","效果和肤质、色号或使用习惯相关，建议先试用再决定。","近 23 天","基于商品字段生成的拟真模拟评论"
"beauty-foundation-taobao-1","beauty-foundation","兰蔻持妆粉底液 PO-01 30ml 天猫 618 活动款","美妆护肤","粉底液","天猫 · Lancôme 兰蔻 品牌天猫官方旗舰店","beauty-foundation-taobao-1-14","5","positive","使用感受","质地和页面描述接近，日常使用的肤感比较舒服。","近 82 天","基于商品字段生成的拟真模拟评论"
"beauty-foundation-taobao-1","beauty-foundation","兰蔻持妆粉底液 PO-01 30ml 天猫 618 活动款","美妆护肤","粉底液","天猫 · Lancôme 兰蔻 品牌天猫官方旗舰店","beauty-foundation-taobao-1-15","5","positive","履约服务","天猫发货信息清楚，预计 2 天送达。","近 63 天","基于商品字段生成的拟真模拟评论"
"beauty-foundation-taobao-1","beauty-foundation","兰蔻持妆粉底液 PO-01 30ml 天猫 618 活动款","美妆护肤","粉底液","天猫 · Lancôme 兰蔻 品牌天猫官方旗舰店","beauty-foundation-taobao-1-16","5","positive","体验","发货速度快，包装也比较完整。","近 68 天","基于商品字段生成的拟真模拟评论"
"beauty-foundation-taobao-1","beauty-foundation","兰蔻持妆粉底液 PO-01 30ml 天猫 618 活动款","美妆护肤","粉底液","天猫 · Lancôme 兰蔻 品牌天猫官方旗舰店","beauty-foundation-taobao-1-17","5","positive","价格","券后价格比线下便宜一些。","近 74 天","基于商品字段生成的拟真模拟评论"
"beauty-foundation-taobao-1","beauty-foundation","兰蔻持妆粉底液 PO-01 30ml 天猫 618 活动款","美妆护肤","粉底液","天猫 · Lancôme 兰蔻 品牌天猫官方旗舰店","beauty-foundation-taobao-1-18","4","positive","使用感受","包装完整，批次和规格信息清楚，使用体验符合预期。","近 16 天","基于商品字段生成的拟真模拟评论"
"beauty-foundation-taobao-1","beauty-foundation","兰蔻持妆粉底液 PO-01 30ml 天猫 618 活动款","美妆护肤","粉底液","天猫 · Lancôme 兰蔻 品牌天猫官方旗舰店","beauty-foundation-taobao-1-19","3","negative","售后规则","退换仍需按“7 天无理由，退货运费险”执行，拆封或使用前要先确认条件。","近 36 天","基于商品字段生成的拟真模拟评论"
"beauty-foundation-taobao-1","beauty-foundation","兰蔻持妆粉底液 PO-01 30ml 天猫 618 活动款","美妆护肤","粉底液","天猫 · Lancôme 兰蔻 品牌天猫官方旗舰店","beauty-foundation-taobao-1-20","5","positive","履约服务","7 天无理由，退货运费险，下单前能比较明确地判断售后成本。","近 29 天","基于商品字段生成的拟真模拟评论"
"beauty-foundation-taobao-1","beauty-foundation","兰蔻持妆粉底液 PO-01 30ml 天猫 618 活动款","美妆护肤","粉底液","天猫 · Lancôme 兰蔻 品牌天猫官方旗舰店","beauty-foundation-taobao-1-21","5","positive","体验","实物和页面描述基本一致，整体满意。","近 53 天","基于商品字段生成的拟真模拟评论"
"beauty-foundation-taobao-1","beauty-foundation","兰蔻持妆粉底液 PO-01 30ml 天猫 618 活动款","美妆护肤","粉底液","天猫 · Lancôme 兰蔻 品牌天猫官方旗舰店","beauty-foundation-taobao-1-22","5","positive","价格","活动价入手比较划算，性价比可以。","近 7 天","基于商品字段生成的拟真模拟评论"
"beauty-foundation-taobao-1","beauty-foundation","兰蔻持妆粉底液 PO-01 30ml 天猫 618 活动款","美妆护肤","粉底液","天猫 · Lancôme 兰蔻 品牌天猫官方旗舰店","beauty-foundation-taobao-1-23","5","positive","使用感受","质地和页面描述接近，日常使用的肤感比较舒服。","近 6 天","基于商品字段生成的拟真模拟评论"
"beauty-foundation-taobao-1","beauty-foundation","兰蔻持妆粉底液 PO-01 30ml 天猫 618 活动款","美妆护肤","粉底液","天猫 · Lancôme 兰蔻 品牌天猫官方旗舰店","beauty-foundation-taobao-1-24","5","positive","履约服务","天猫发货信息清楚，预计 2 天送达。","近 11 天","基于商品字段生成的拟真模拟评论"
"beauty-foundation-kaola-4","beauty-foundation","兰蔻持妆粉底液 PO-01 30ml 考拉海购 618 活动款","美妆护肤","粉底液","考拉海购 · Lancôme 兰蔻 考拉海购自营","beauty-foundation-kaola-4-1","5","positive","体验","实物和页面描述基本一致，整体满意。","近 22 天","基于商品字段生成的拟真模拟评论"
"beauty-foundation-kaola-4","beauty-foundation","兰蔻持妆粉底液 PO-01 30ml 考拉海购 618 活动款","美妆护肤","粉底液","考拉海购 · Lancôme 兰蔻 考拉海购自营","beauty-foundation-kaola-4-2","5","positive","价格","活动价入手比较划算，性价比可以。","近 50 天","基于商品字段生成的拟真模拟评论"
"beauty-foundation-kaola-4","beauty-foundation","兰蔻持妆粉底液 PO-01 30ml 考拉海购 618 活动款","美妆护肤","粉底液","考拉海购 · Lancôme 兰蔻 考拉海购自营","beauty-foundation-kaola-4-3","4","positive","使用感受","质地和页面描述接近，日常使用的肤感比较舒服。","近 51 天","基于商品字段生成的拟真模拟评论"
"beauty-foundation-kaola-4","beauty-foundation","兰蔻持妆粉底液 PO-01 30ml 考拉海购 618 活动款","美妆护肤","粉底液","考拉海购 · Lancôme 兰蔻 考拉海购自营","beauty-foundation-kaola-4-4","4","positive","履约服务","考拉海购发货信息清楚，预计 4-7 天送达。","近 46 天","基于商品字段生成的拟真模拟评论"
"beauty-foundation-kaola-4","beauty-foundation","兰蔻持妆粉底液 PO-01 30ml 考拉海购 618 活动款","美妆护肤","粉底液","考拉海购 · Lancôme 兰蔻 考拉海购自营","beauty-foundation-kaola-4-5","5","positive","体验","发货速度快，包装也比较完整。","近 4 天","基于商品字段生成的拟真模拟评论"
"beauty-foundation-kaola-4","beauty-foundation","兰蔻持妆粉底液 PO-01 30ml 考拉海购 618 活动款","美妆护肤","粉底液","考拉海购 · Lancôme 兰蔻 考拉海购自营","beauty-foundation-kaola-4-6","5","positive","价格","券后价格比线下便宜一些。","近 84 天","基于商品字段生成的拟真模拟评论"
"beauty-foundation-kaola-4","beauty-foundation","兰蔻持妆粉底液 PO-01 30ml 考拉海购 618 活动款","美妆护肤","粉底液","考拉海购 · Lancôme 兰蔻 考拉海购自营","beauty-foundation-kaola-4-7","5","positive","使用感受","包装完整，批次和规格信息清楚，使用体验符合预期。","近 48 天","基于商品字段生成的拟真模拟评论"
"beauty-foundation-kaola-4","beauty-foundation","兰蔻持妆粉底液 PO-01 30ml 考拉海购 618 活动款","美妆护肤","粉底液","考拉海购 · Lancôme 兰蔻 考拉海购自营","beauty-foundation-kaola-4-8","5","positive","履约服务","跨境商品未拆封支持退货，下单前能比较明确地判断售后成本。","近 64 天","基于商品字段生成的拟真模拟评论"
"beauty-foundation-kaola-4","beauty-foundation","兰蔻持妆粉底液 PO-01 30ml 考拉海购 618 活动款","美妆护肤","粉底液","考拉海购 · Lancôme 兰蔻 考拉海购自营","beauty-foundation-kaola-4-9","4","positive","体验","实物和页面描述基本一致，整体满意。","近 52 天","基于商品字段生成的拟真模拟评论"
"beauty-foundation-kaola-4","beauty-foundation","兰蔻持妆粉底液 PO-01 30ml 考拉海购 618 活动款","美妆护肤","粉底液","考拉海购 · Lancôme 兰蔻 考拉海购自营","beauty-foundation-kaola-4-10","5","positive","价格","活动价入手比较划算，性价比可以。","近 68 天","基于商品字段生成的拟真模拟评论"
"beauty-foundation-kaola-4","beauty-foundation","兰蔻持妆粉底液 PO-01 30ml 考拉海购 618 活动款","美妆护肤","粉底液","考拉海购 · Lancôme 兰蔻 考拉海购自营","beauty-foundation-kaola-4-11","5","positive","使用感受","质地和页面描述接近，日常使用的肤感比较舒服。","近 80 天","基于商品字段生成的拟真模拟评论"
"beauty-foundation-kaola-4","beauty-foundation","兰蔻持妆粉底液 PO-01 30ml 考拉海购 618 活动款","美妆护肤","粉底液","考拉海购 · Lancôme 兰蔻 考拉海购自营","beauty-foundation-kaola-4-12","4","positive","履约服务","考拉海购发货信息清楚，预计 4-7 天送达。","近 26 天","基于商品字段生成的拟真模拟评论"
"beauty-foundation-kaola-4","beauty-foundation","兰蔻持妆粉底液 PO-01 30ml 考拉海购 618 活动款","美妆护肤","粉底液","考拉海购 · Lancôme 兰蔻 考拉海购自营","beauty-foundation-kaola-4-13","5","positive","体验","发货速度快，包装也比较完整。","近 25 天","基于商品字段生成的拟真模拟评论"
"beauty-foundation-kaola-4","beauty-foundation","兰蔻持妆粉底液 PO-01 30ml 考拉海购 618 活动款","美妆护肤","粉底液","考拉海购 · Lancôme 兰蔻 考拉海购自营","beauty-foundation-kaola-4-14","5","positive","价格","券后价格比线下便宜一些。","近 14 天","基于商品字段生成的拟真模拟评论"
"beauty-foundation-kaola-4","beauty-foundation","兰蔻持妆粉底液 PO-01 30ml 考拉海购 618 活动款","美妆护肤","粉底液","考拉海购 · Lancôme 兰蔻 考拉海购自营","beauty-foundation-kaola-4-15","4","positive","使用感受","包装完整，批次和规格信息清楚，使用体验符合预期。","近 2 天","基于商品字段生成的拟真模拟评论"
"beauty-foundation-kaola-4","beauty-foundation","兰蔻持妆粉底液 PO-01 30ml 考拉海购 618 活动款","美妆护肤","粉底液","考拉海购 · Lancôme 兰蔻 考拉海购自营","beauty-foundation-kaola-4-16","5","positive","履约服务","跨境商品未拆封支持退货，下单前能比较明确地判断售后成本。","近 2 天","基于商品字段生成的拟真模拟评论"
"beauty-foundation-kaola-4","beauty-foundation","兰蔻持妆粉底液 PO-01 30ml 考拉海购 618 活动款","美妆护肤","粉底液","考拉海购 · Lancôme 兰蔻 考拉海购自营","beauty-foundation-kaola-4-17","2","negative","细节","部分细节和预期有差距，下单前要看清规格。","近 14 天","基于商品字段生成的拟真模拟评论"
"beauty-foundation-kaola-4","beauty-foundation","兰蔻持妆粉底液 PO-01 30ml 考拉海购 618 活动款","美妆护肤","粉底液","考拉海购 · Lancôme 兰蔻 考拉海购自营","beauty-foundation-kaola-4-18","2","negative","售后","退换流程需要按平台规则走，不算特别快。","近 65 天","基于商品字段生成的拟真模拟评论"
"beauty-foundation-kaola-4","beauty-foundation","兰蔻持妆粉底液 PO-01 30ml 考拉海购 618 活动款","美妆护肤","粉底液","考拉海购 · Lancôme 兰蔻 考拉海购自营","beauty-foundation-kaola-4-19","3","negative","个体适配","效果和肤质、色号或使用习惯相关，建议先试用再决定。","近 78 天","基于商品字段生成的拟真模拟评论"
"beauty-foundation-kaola-4","beauty-foundation","兰蔻持妆粉底液 PO-01 30ml 考拉海购 618 活动款","美妆护肤","粉底液","考拉海购 · Lancôme 兰蔻 考拉海购自营","beauty-foundation-kaola-4-20","5","positive","体验","实物和页面描述基本一致，整体满意。","近 39 天","基于商品字段生成的拟真模拟评论"
"beauty-foundation-kaola-4","beauty-foundation","兰蔻持妆粉底液 PO-01 30ml 考拉海购 618 活动款","美妆护肤","粉底液","考拉海购 · Lancôme 兰蔻 考拉海购自营","beauty-foundation-kaola-4-21","2","negative","售后规则","退换仍需按“跨境商品未拆封支持退货”执行，拆封或使用前要先确认条件。","近 3 天","基于商品字段生成的拟真模拟评论"
"beauty-foundation-kaola-4","beauty-foundation","兰蔻持妆粉底液 PO-01 30ml 考拉海购 618 活动款","美妆护肤","粉底液","考拉海购 · Lancôme 兰蔻 考拉海购自营","beauty-foundation-kaola-4-22","5","positive","价格","活动价入手比较划算，性价比可以。","近 32 天","基于商品字段生成的拟真模拟评论"
"beauty-foundation-kaola-4","beauty-foundation","兰蔻持妆粉底液 PO-01 30ml 考拉海购 618 活动款","美妆护肤","粉底液","考拉海购 · Lancôme 兰蔻 考拉海购自营","beauty-foundation-kaola-4-23","5","positive","使用感受","质地和页面描述接近，日常使用的肤感比较舒服。","近 24 天","基于商品字段生成的拟真模拟评论"
"beauty-foundation-kaola-4","beauty-foundation","兰蔻持妆粉底液 PO-01 30ml 考拉海购 618 活动款","美妆护肤","粉底液","考拉海购 · Lancôme 兰蔻 考拉海购自营","beauty-foundation-kaola-4-24","4","positive","履约服务","考拉海购发货信息清楚，预计 4-7 天送达。","近 25 天","基于商品字段生成的拟真模拟评论"
"beauty-foundation-xiaohongshu-3","beauty-foundation","兰蔻持妆粉底液 PO-01 30ml 小红书商城 618 活动款","美妆护肤","粉底液","小红书商城 · Lancôme 兰蔻 小红书精选品牌店","beauty-foundation-xiaohongshu-3-1","5","positive","体验","实物和页面描述基本一致，整体满意。","近 35 天","基于商品字段生成的拟真模拟评论"
"beauty-foundation-xiaohongshu-3","beauty-foundation","兰蔻持妆粉底液 PO-01 30ml 小红书商城 618 活动款","美妆护肤","粉底液","小红书商城 · Lancôme 兰蔻 小红书精选品牌店","beauty-foundation-xiaohongshu-3-2","5","positive","价格","活动价入手比较划算，性价比可以。","近 75 天","基于商品字段生成的拟真模拟评论"
"beauty-foundation-xiaohongshu-3","beauty-foundation","兰蔻持妆粉底液 PO-01 30ml 小红书商城 618 活动款","美妆护肤","粉底液","小红书商城 · Lancôme 兰蔻 小红书精选品牌店","beauty-foundation-xiaohongshu-3-3","5","positive","使用感受","质地和页面描述接近，日常使用的肤感比较舒服。","近 71 天","基于商品字段生成的拟真模拟评论"
"beauty-foundation-xiaohongshu-3","beauty-foundation","兰蔻持妆粉底液 PO-01 30ml 小红书商城 618 活动款","美妆护肤","粉底液","小红书商城 · Lancôme 兰蔻 小红书精选品牌店","beauty-foundation-xiaohongshu-3-4","5","positive","履约服务","小红书商城发货信息清楚，预计 3 天送达。","近 3 天","基于商品字段生成的拟真模拟评论"
"beauty-foundation-xiaohongshu-3","beauty-foundation","兰蔻持妆粉底液 PO-01 30ml 小红书商城 618 活动款","美妆护肤","粉底液","小红书商城 · Lancôme 兰蔻 小红书精选品牌店","beauty-foundation-xiaohongshu-3-5","5","positive","体验","发货速度快，包装也比较完整。","近 50 天","基于商品字段生成的拟真模拟评论"
"beauty-foundation-xiaohongshu-3","beauty-foundation","兰蔻持妆粉底液 PO-01 30ml 小红书商城 618 活动款","美妆护肤","粉底液","小红书商城 · Lancôme 兰蔻 小红书精选品牌店","beauty-foundation-xiaohongshu-3-6","3","negative","细节","部分细节和预期有差距，下单前要看清规格。","近 55 天","基于商品字段生成的拟真模拟评论"
"beauty-foundation-xiaohongshu-3","beauty-foundation","兰蔻持妆粉底液 PO-01 30ml 小红书商城 618 活动款","美妆护肤","粉底液","小红书商城 · Lancôme 兰蔻 小红书精选品牌店","beauty-foundation-xiaohongshu-3-7","4","positive","价格","券后价格比线下便宜一些。","近 81 天","基于商品字段生成的拟真模拟评论"
"beauty-foundation-xiaohongshu-3","beauty-foundation","兰蔻持妆粉底液 PO-01 30ml 小红书商城 618 活动款","美妆护肤","粉底液","小红书商城 · Lancôme 兰蔻 小红书精选品牌店","beauty-foundation-xiaohongshu-3-8","5","positive","使用感受","包装完整，批次和规格信息清楚，使用体验符合预期。","近 44 天","基于商品字段生成的拟真模拟评论"
"beauty-foundation-xiaohongshu-3","beauty-foundation","兰蔻持妆粉底液 PO-01 30ml 小红书商城 618 活动款","美妆护肤","粉底液","小红书商城 · Lancôme 兰蔻 小红书精选品牌店","beauty-foundation-xiaohongshu-3-9","3","negative","售后","退换流程需要按平台规则走，不算特别快。","近 73 天","基于商品字段生成的拟真模拟评论"
"beauty-foundation-xiaohongshu-3","beauty-foundation","兰蔻持妆粉底液 PO-01 30ml 小红书商城 618 活动款","美妆护肤","粉底液","小红书商城 · Lancôme 兰蔻 小红书精选品牌店","beauty-foundation-xiaohongshu-3-10","2","negative","个体适配","效果和肤质、色号或使用习惯相关，建议先试用再决定。","近 67 天","基于商品字段生成的拟真模拟评论"
"beauty-foundation-xiaohongshu-3","beauty-foundation","兰蔻持妆粉底液 PO-01 30ml 小红书商城 618 活动款","美妆护肤","粉底液","小红书商城 · Lancôme 兰蔻 小红书精选品牌店","beauty-foundation-xiaohongshu-3-11","2","negative","售后规则","退换仍需按“未拆封支持 7 天退货”执行，拆封或使用前要先确认条件。","近 36 天","基于商品字段生成的拟真模拟评论"
"beauty-foundation-xiaohongshu-3","beauty-foundation","兰蔻持妆粉底液 PO-01 30ml 小红书商城 618 活动款","美妆护肤","粉底液","小红书商城 · Lancôme 兰蔻 小红书精选品牌店","beauty-foundation-xiaohongshu-3-12","5","positive","履约服务","未拆封支持 7 天退货，下单前能比较明确地判断售后成本。","近 40 天","基于商品字段生成的拟真模拟评论"
"beauty-foundation-xiaohongshu-3","beauty-foundation","兰蔻持妆粉底液 PO-01 30ml 小红书商城 618 活动款","美妆护肤","粉底液","小红书商城 · Lancôme 兰蔻 小红书精选品牌店","beauty-foundation-xiaohongshu-3-13","4","positive","体验","实物和页面描述基本一致，整体满意。","近 54 天","基于商品字段生成的拟真模拟评论"
"beauty-foundation-xiaohongshu-3","beauty-foundation","兰蔻持妆粉底液 PO-01 30ml 小红书商城 618 活动款","美妆护肤","粉底液","小红书商城 · Lancôme 兰蔻 小红书精选品牌店","beauty-foundation-xiaohongshu-3-14","5","positive","价格","活动价入手比较划算，性价比可以。","近 83 天","基于商品字段生成的拟真模拟评论"
"beauty-foundation-xiaohongshu-3","beauty-foundation","兰蔻持妆粉底液 PO-01 30ml 小红书商城 618 活动款","美妆护肤","粉底液","小红书商城 · Lancôme 兰蔻 小红书精选品牌店","beauty-foundation-xiaohongshu-3-15","2","negative","细节","客服解释比较慢，急用要提前确认。","近 56 天","基于商品字段生成的拟真模拟评论"
"beauty-foundation-xiaohongshu-3","beauty-foundation","兰蔻持妆粉底液 PO-01 30ml 小红书商城 618 活动款","美妆护肤","粉底液","小红书商城 · Lancôme 兰蔻 小红书精选品牌店","beauty-foundation-xiaohongshu-3-16","5","positive","使用感受","质地和页面描述接近，日常使用的肤感比较舒服。","近 68 天","基于商品字段生成的拟真模拟评论"
"beauty-foundation-xiaohongshu-3","beauty-foundation","兰蔻持妆粉底液 PO-01 30ml 小红书商城 618 活动款","美妆护肤","粉底液","小红书商城 · Lancôme 兰蔻 小红书精选品牌店","beauty-foundation-xiaohongshu-3-17","5","positive","履约服务","小红书商城发货信息清楚，预计 3 天送达。","近 19 天","基于商品字段生成的拟真模拟评论"
"beauty-foundation-xiaohongshu-3","beauty-foundation","兰蔻持妆粉底液 PO-01 30ml 小红书商城 618 活动款","美妆护肤","粉底液","小红书商城 · Lancôme 兰蔻 小红书精选品牌店","beauty-foundation-xiaohongshu-3-18","3","negative","售后","赠品和主商品分开发货，等待时间更久。","近 49 天","基于商品字段生成的拟真模拟评论"
"beauty-foundation-xiaohongshu-3","beauty-foundation","兰蔻持妆粉底液 PO-01 30ml 小红书商城 618 活动款","美妆护肤","粉底液","小红书商城 · Lancôme 兰蔻 小红书精选品牌店","beauty-foundation-xiaohongshu-3-19","5","positive","体验","发货速度快，包装也比较完整。","近 63 天","基于商品字段生成的拟真模拟评论"
"beauty-foundation-xiaohongshu-3","beauty-foundation","兰蔻持妆粉底液 PO-01 30ml 小红书商城 618 活动款","美妆护肤","粉底液","小红书商城 · Lancôme 兰蔻 小红书精选品牌店","beauty-foundation-xiaohongshu-3-20","5","positive","价格","券后价格比线下便宜一些。","近 2 天","基于商品字段生成的拟真模拟评论"
"beauty-foundation-xiaohongshu-3","beauty-foundation","兰蔻持妆粉底液 PO-01 30ml 小红书商城 618 活动款","美妆护肤","粉底液","小红书商城 · Lancôme 兰蔻 小红书精选品牌店","beauty-foundation-xiaohongshu-3-21","5","positive","使用感受","包装完整，批次和规格信息清楚，使用体验符合预期。","近 48 天","基于商品字段生成的拟真模拟评论"
"beauty-foundation-xiaohongshu-3","beauty-foundation","兰蔻持妆粉底液 PO-01 30ml 小红书商城 618 活动款","美妆护肤","粉底液","小红书商城 · Lancôme 兰蔻 小红书精选品牌店","beauty-foundation-xiaohongshu-3-22","3","negative","个体适配","香味、色号和肤感主观差异较大，不一定适合所有人。","近 31 天","基于商品字段生成的拟真模拟评论"
"beauty-foundation-xiaohongshu-3","beauty-foundation","兰蔻持妆粉底液 PO-01 30ml 小红书商城 618 活动款","美妆护肤","粉底液","小红书商城 · Lancôme 兰蔻 小红书精选品牌店","beauty-foundation-xiaohongshu-3-23","4","positive","履约服务","未拆封支持 7 天退货，下单前能比较明确地判断售后成本。","近 1 天","基于商品字段生成的拟真模拟评论"
"beauty-foundation-xiaohongshu-3","beauty-foundation","兰蔻持妆粉底液 PO-01 30ml 小红书商城 618 活动款","美妆护肤","粉底液","小红书商城 · Lancôme 兰蔻 小红书精选品牌店","beauty-foundation-xiaohongshu-3-24","5","positive","体验","实物和页面描述基本一致，整体满意。","近 64 天","基于商品字段生成的拟真模拟评论"
"beauty-foundation-jd-2","beauty-foundation","兰蔻持妆粉底液 PO-01 30ml 京东 618 活动款","美妆护肤","粉底液","京东 · Lancôme 兰蔻 京东自营旗舰店","beauty-foundation-jd-2-1","5","positive","体验","实物和页面描述基本一致，整体满意。","近 80 天","基于商品字段生成的拟真模拟评论"
"beauty-foundation-jd-2","beauty-foundation","兰蔻持妆粉底液 PO-01 30ml 京东 618 活动款","美妆护肤","粉底液","京东 · Lancôme 兰蔻 京东自营旗舰店","beauty-foundation-jd-2-2","5","positive","价格","活动价入手比较划算，性价比可以。","近 52 天","基于商品字段生成的拟真模拟评论"
"beauty-foundation-jd-2","beauty-foundation","兰蔻持妆粉底液 PO-01 30ml 京东 618 活动款","美妆护肤","粉底液","京东 · Lancôme 兰蔻 京东自营旗舰店","beauty-foundation-jd-2-3","4","positive","使用感受","质地和页面描述接近，日常使用的肤感比较舒服。","近 82 天","基于商品字段生成的拟真模拟评论"
"beauty-foundation-jd-2","beauty-foundation","兰蔻持妆粉底液 PO-01 30ml 京东 618 活动款","美妆护肤","粉底液","京东 · Lancôme 兰蔻 京东自营旗舰店","beauty-foundation-jd-2-4","2","negative","细节","部分细节和预期有差距，下单前要看清规格。","近 32 天","基于商品字段生成的拟真模拟评论"
"beauty-foundation-jd-2","beauty-foundation","兰蔻持妆粉底液 PO-01 30ml 京东 618 活动款","美妆护肤","粉底液","京东 · Lancôme 兰蔻 京东自营旗舰店","beauty-foundation-jd-2-5","5","positive","履约服务","京东发货信息清楚，次日送达。","近 57 天","基于商品字段生成的拟真模拟评论"
"beauty-foundation-jd-2","beauty-foundation","兰蔻持妆粉底液 PO-01 30ml 京东 618 活动款","美妆护肤","粉底液","京东 · Lancôme 兰蔻 京东自营旗舰店","beauty-foundation-jd-2-6","5","positive","体验","发货速度快，包装也比较完整。","近 28 天","基于商品字段生成的拟真模拟评论"
"beauty-foundation-jd-2","beauty-foundation","兰蔻持妆粉底液 PO-01 30ml 京东 618 活动款","美妆护肤","粉底液","京东 · Lancôme 兰蔻 京东自营旗舰店","beauty-foundation-jd-2-7","5","positive","价格","券后价格比线下便宜一些。","近 74 天","基于商品字段生成的拟真模拟评论"
"beauty-foundation-jd-2","beauty-foundation","兰蔻持妆粉底液 PO-01 30ml 京东 618 活动款","美妆护肤","粉底液","京东 · Lancôme 兰蔻 京东自营旗舰店","beauty-foundation-jd-2-8","5","positive","使用感受","包装完整，批次和规格信息清楚，使用体验符合预期。","近 7 天","基于商品字段生成的拟真模拟评论"
"beauty-foundation-jd-2","beauty-foundation","兰蔻持妆粉底液 PO-01 30ml 京东 618 活动款","美妆护肤","粉底液","京东 · Lancôme 兰蔻 京东自营旗舰店","beauty-foundation-jd-2-9","5","positive","履约服务","7 天无理由，支持上门取件，下单前能比较明确地判断售后成本。","近 37 天","基于商品字段生成的拟真模拟评论"
"beauty-foundation-jd-2","beauty-foundation","兰蔻持妆粉底液 PO-01 30ml 京东 618 活动款","美妆护肤","粉底液","京东 · Lancôme 兰蔻 京东自营旗舰店","beauty-foundation-jd-2-10","4","positive","体验","实物和页面描述基本一致，整体满意。","近 3 天","基于商品字段生成的拟真模拟评论"
"beauty-foundation-jd-2","beauty-foundation","兰蔻持妆粉底液 PO-01 30ml 京东 618 活动款","美妆护肤","粉底液","京东 · Lancôme 兰蔻 京东自营旗舰店","beauty-foundation-jd-2-11","3","negative","售后","退换流程需要按平台规则走，不算特别快。","近 17 天","基于商品字段生成的拟真模拟评论"
"beauty-foundation-jd-2","beauty-foundation","兰蔻持妆粉底液 PO-01 30ml 京东 618 活动款","美妆护肤","粉底液","京东 · Lancôme 兰蔻 京东自营旗舰店","beauty-foundation-jd-2-12","3","negative","个体适配","效果和肤质、色号或使用习惯相关，建议先试用再决定。","近 46 天","基于商品字段生成的拟真模拟评论"
"beauty-foundation-jd-2","beauty-foundation","兰蔻持妆粉底液 PO-01 30ml 京东 618 活动款","美妆护肤","粉底液","京东 · Lancôme 兰蔻 京东自营旗舰店","beauty-foundation-jd-2-13","4","positive","价格","活动价入手比较划算，性价比可以。","近 1 天","基于商品字段生成的拟真模拟评论"
"beauty-foundation-jd-2","beauty-foundation","兰蔻持妆粉底液 PO-01 30ml 京东 618 活动款","美妆护肤","粉底液","京东 · Lancôme 兰蔻 京东自营旗舰店","beauty-foundation-jd-2-14","5","positive","使用感受","质地和页面描述接近，日常使用的肤感比较舒服。","近 60 天","基于商品字段生成的拟真模拟评论"
"beauty-foundation-jd-2","beauty-foundation","兰蔻持妆粉底液 PO-01 30ml 京东 618 活动款","美妆护肤","粉底液","京东 · Lancôme 兰蔻 京东自营旗舰店","beauty-foundation-jd-2-15","4","positive","履约服务","京东发货信息清楚，次日送达。","近 38 天","基于商品字段生成的拟真模拟评论"
"beauty-foundation-jd-2","beauty-foundation","兰蔻持妆粉底液 PO-01 30ml 京东 618 活动款","美妆护肤","粉底液","京东 · Lancôme 兰蔻 京东自营旗舰店","beauty-foundation-jd-2-16","5","positive","体验","发货速度快，包装也比较完整。","近 49 天","基于商品字段生成的拟真模拟评论"
"beauty-foundation-jd-2","beauty-foundation","兰蔻持妆粉底液 PO-01 30ml 京东 618 活动款","美妆护肤","粉底液","京东 · Lancôme 兰蔻 京东自营旗舰店","beauty-foundation-jd-2-17","5","positive","价格","券后价格比线下便宜一些。","近 44 天","基于商品字段生成的拟真模拟评论"
"beauty-foundation-jd-2","beauty-foundation","兰蔻持妆粉底液 PO-01 30ml 京东 618 活动款","美妆护肤","粉底液","京东 · Lancôme 兰蔻 京东自营旗舰店","beauty-foundation-jd-2-18","5","positive","使用感受","包装完整，批次和规格信息清楚，使用体验符合预期。","近 32 天","基于商品字段生成的拟真模拟评论"
"beauty-foundation-jd-2","beauty-foundation","兰蔻持妆粉底液 PO-01 30ml 京东 618 活动款","美妆护肤","粉底液","京东 · Lancôme 兰蔻 京东自营旗舰店","beauty-foundation-jd-2-19","5","positive","履约服务","7 天无理由，支持上门取件，下单前能比较明确地判断售后成本。","近 47 天","基于商品字段生成的拟真模拟评论"
"beauty-foundation-jd-2","beauty-foundation","兰蔻持妆粉底液 PO-01 30ml 京东 618 活动款","美妆护肤","粉底液","京东 · Lancôme 兰蔻 京东自营旗舰店","beauty-foundation-jd-2-20","5","positive","体验","实物和页面描述基本一致，整体满意。","近 25 天","基于商品字段生成的拟真模拟评论"
"beauty-foundation-jd-2","beauty-foundation","兰蔻持妆粉底液 PO-01 30ml 京东 618 活动款","美妆护肤","粉底液","京东 · Lancôme 兰蔻 京东自营旗舰店","beauty-foundation-jd-2-21","5","positive","价格","活动价入手比较划算，性价比可以。","近 80 天","基于商品字段生成的拟真模拟评论"
"beauty-foundation-jd-2","beauty-foundation","兰蔻持妆粉底液 PO-01 30ml 京东 618 活动款","美妆护肤","粉底液","京东 · Lancôme 兰蔻 京东自营旗舰店","beauty-foundation-jd-2-22","3","negative","售后规则","退换仍需按“7 天无理由，支持上门取件”执行，拆封或使用前要先确认条件。","近 43 天","基于商品字段生成的拟真模拟评论"
"beauty-foundation-jd-2","beauty-foundation","兰蔻持妆粉底液 PO-01 30ml 京东 618 活动款","美妆护肤","粉底液","京东 · Lancôme 兰蔻 京东自营旗舰店","beauty-foundation-jd-2-23","5","positive","使用感受","质地和页面描述接近，日常使用的肤感比较舒服。","近 8 天","基于商品字段生成的拟真模拟评论"
"beauty-foundation-jd-2","beauty-foundation","兰蔻持妆粉底液 PO-01 30ml 京东 618 活动款","美妆护肤","粉底液","京东 · Lancôme 兰蔻 京东自营旗舰店","beauty-foundation-jd-2-24","4","positive","履约服务","京东发货信息清楚，次日送达。","近 17 天","基于商品字段生成的拟真模拟评论"
"beauty-foundation-brand-5","beauty-foundation","兰蔻持妆粉底液 PO-01 30ml 品牌官网 618 活动款","美妆护肤","粉底液","品牌官网 · Lancôme 兰蔻 品牌官方网站","beauty-foundation-brand-5-1","5","positive","体验","实物和页面描述基本一致，整体满意。","近 55 天","基于商品字段生成的拟真模拟评论"
"beauty-foundation-brand-5","beauty-foundation","兰蔻持妆粉底液 PO-01 30ml 品牌官网 618 活动款","美妆护肤","粉底液","品牌官网 · Lancôme 兰蔻 品牌官方网站","beauty-foundation-brand-5-2","5","positive","价格","活动价入手比较划算，性价比可以。","近 39 天","基于商品字段生成的拟真模拟评论"
"beauty-foundation-brand-5","beauty-foundation","兰蔻持妆粉底液 PO-01 30ml 品牌官网 618 活动款","美妆护肤","粉底液","品牌官网 · Lancôme 兰蔻 品牌官方网站","beauty-foundation-brand-5-3","3","negative","细节","部分细节和预期有差距，下单前要看清规格。","近 85 天","基于商品字段生成的拟真模拟评论"
"beauty-foundation-brand-5","beauty-foundation","兰蔻持妆粉底液 PO-01 30ml 品牌官网 618 活动款","美妆护肤","粉底液","品牌官网 · Lancôme 兰蔻 品牌官方网站","beauty-foundation-brand-5-4","4","positive","使用感受","质地和页面描述接近，日常使用的肤感比较舒服。","近 62 天","基于商品字段生成的拟真模拟评论"
"beauty-foundation-brand-5","beauty-foundation","兰蔻持妆粉底液 PO-01 30ml 品牌官网 618 活动款","美妆护肤","粉底液","品牌官网 · Lancôme 兰蔻 品牌官方网站","beauty-foundation-brand-5-5","4","positive","履约服务","品牌官网发货信息清楚，预计 2-3 天送达。","近 86 天","基于商品字段生成的拟真模拟评论"
"beauty-foundation-brand-5","beauty-foundation","兰蔻持妆粉底液 PO-01 30ml 品牌官网 618 活动款","美妆护肤","粉底液","品牌官网 · Lancôme 兰蔻 品牌官方网站","beauty-foundation-brand-5-6","5","positive","体验","发货速度快，包装也比较完整。","近 8 天","基于商品字段生成的拟真模拟评论"
"beauty-foundation-brand-5","beauty-foundation","兰蔻持妆粉底液 PO-01 30ml 品牌官网 618 活动款","美妆护肤","粉底液","品牌官网 · Lancôme 兰蔻 品牌官方网站","beauty-foundation-brand-5-7","2","negative","售后","退换流程需要按平台规则走，不算特别快。","近 73 天","基于商品字段生成的拟真模拟评论"
"beauty-foundation-brand-5","beauty-foundation","兰蔻持妆粉底液 PO-01 30ml 品牌官网 618 活动款","美妆护肤","粉底液","品牌官网 · Lancôme 兰蔻 品牌官方网站","beauty-foundation-brand-5-8","5","positive","价格","券后价格比线下便宜一些。","近 3 天","基于商品字段生成的拟真模拟评论"
"beauty-foundation-brand-5","beauty-foundation","兰蔻持妆粉底液 PO-01 30ml 品牌官网 618 活动款","美妆护肤","粉底液","品牌官网 · Lancôme 兰蔻 品牌官方网站","beauty-foundation-brand-5-9","5","positive","使用感受","包装完整，批次和规格信息清楚，使用体验符合预期。","近 44 天","基于商品字段生成的拟真模拟评论"
"beauty-foundation-brand-5","beauty-foundation","兰蔻持妆粉底液 PO-01 30ml 品牌官网 618 活动款","美妆护肤","粉底液","品牌官网 · Lancôme 兰蔻 品牌官方网站","beauty-foundation-brand-5-10","5","positive","履约服务","官方 7 天退换政策，下单前能比较明确地判断售后成本。","近 24 天","基于商品字段生成的拟真模拟评论"
"beauty-foundation-brand-5","beauty-foundation","兰蔻持妆粉底液 PO-01 30ml 品牌官网 618 活动款","美妆护肤","粉底液","品牌官网 · Lancôme 兰蔻 品牌官方网站","beauty-foundation-brand-5-11","5","positive","体验","实物和页面描述基本一致，整体满意。","近 21 天","基于商品字段生成的拟真模拟评论"
"beauty-foundation-brand-5","beauty-foundation","兰蔻持妆粉底液 PO-01 30ml 品牌官网 618 活动款","美妆护肤","粉底液","品牌官网 · Lancôme 兰蔻 品牌官方网站","beauty-foundation-brand-5-12","2","negative","个体适配","效果和肤质、色号或使用习惯相关，建议先试用再决定。","近 13 天","基于商品字段生成的拟真模拟评论"
"beauty-foundation-brand-5","beauty-foundation","兰蔻持妆粉底液 PO-01 30ml 品牌官网 618 活动款","美妆护肤","粉底液","品牌官网 · Lancôme 兰蔻 品牌官方网站","beauty-foundation-brand-5-13","4","positive","价格","活动价入手比较划算，性价比可以。","近 15 天","基于商品字段生成的拟真模拟评论"
"beauty-foundation-brand-5","beauty-foundation","兰蔻持妆粉底液 PO-01 30ml 品牌官网 618 活动款","美妆护肤","粉底液","品牌官网 · Lancôme 兰蔻 品牌官方网站","beauty-foundation-brand-5-14","5","positive","使用感受","质地和页面描述接近，日常使用的肤感比较舒服。","近 26 天","基于商品字段生成的拟真模拟评论"
"beauty-foundation-brand-5","beauty-foundation","兰蔻持妆粉底液 PO-01 30ml 品牌官网 618 活动款","美妆护肤","粉底液","品牌官网 · Lancôme 兰蔻 品牌官方网站","beauty-foundation-brand-5-15","5","positive","履约服务","品牌官网发货信息清楚，预计 2-3 天送达。","近 87 天","基于商品字段生成的拟真模拟评论"
"beauty-foundation-brand-5","beauty-foundation","兰蔻持妆粉底液 PO-01 30ml 品牌官网 618 活动款","美妆护肤","粉底液","品牌官网 · Lancôme 兰蔻 品牌官方网站","beauty-foundation-brand-5-16","4","positive","体验","发货速度快，包装也比较完整。","近 25 天","基于商品字段生成的拟真模拟评论"
"beauty-foundation-brand-5","beauty-foundation","兰蔻持妆粉底液 PO-01 30ml 品牌官网 618 活动款","美妆护肤","粉底液","品牌官网 · Lancôme 兰蔻 品牌官方网站","beauty-foundation-brand-5-17","5","positive","价格","券后价格比线下便宜一些。","近 8 天","基于商品字段生成的拟真模拟评论"
"beauty-foundation-brand-5","beauty-foundation","兰蔻持妆粉底液 PO-01 30ml 品牌官网 618 活动款","美妆护肤","粉底液","品牌官网 · Lancôme 兰蔻 品牌官方网站","beauty-foundation-brand-5-18","4","positive","使用感受","包装完整，批次和规格信息清楚，使用体验符合预期。","近 82 天","基于商品字段生成的拟真模拟评论"
"beauty-foundation-brand-5","beauty-foundation","兰蔻持妆粉底液 PO-01 30ml 品牌官网 618 活动款","美妆护肤","粉底液","品牌官网 · Lancôme 兰蔻 品牌官方网站","beauty-foundation-brand-5-19","5","positive","履约服务","官方 7 天退换政策，下单前能比较明确地判断售后成本。","近 26 天","基于商品字段生成的拟真模拟评论"
"beauty-foundation-brand-5","beauty-foundation","兰蔻持妆粉底液 PO-01 30ml 品牌官网 618 活动款","美妆护肤","粉底液","品牌官网 · Lancôme 兰蔻 品牌官方网站","beauty-foundation-brand-5-20","4","positive","体验","实物和页面描述基本一致，整体满意。","近 30 天","基于商品字段生成的拟真模拟评论"
"beauty-foundation-brand-5","beauty-foundation","兰蔻持妆粉底液 PO-01 30ml 品牌官网 618 活动款","美妆护肤","粉底液","品牌官网 · Lancôme 兰蔻 品牌官方网站","beauty-foundation-brand-5-21","5","positive","价格","活动价入手比较划算，性价比可以。","近 52 天","基于商品字段生成的拟真模拟评论"
"beauty-foundation-brand-5","beauty-foundation","兰蔻持妆粉底液 PO-01 30ml 品牌官网 618 活动款","美妆护肤","粉底液","品牌官网 · Lancôme 兰蔻 品牌官方网站","beauty-foundation-brand-5-22","2","negative","售后规则","退换仍需按“官方 7 天退换政策”执行，拆封或使用前要先确认条件。","近 80 天","基于商品字段生成的拟真模拟评论"
"beauty-foundation-brand-5","beauty-foundation","兰蔻持妆粉底液 PO-01 30ml 品牌官网 618 活动款","美妆护肤","粉底液","品牌官网 · Lancôme 兰蔻 品牌官方网站","beauty-foundation-brand-5-23","5","positive","使用感受","质地和页面描述接近，日常使用的肤感比较舒服。","近 12 天","基于商品字段生成的拟真模拟评论"
"beauty-foundation-brand-5","beauty-foundation","兰蔻持妆粉底液 PO-01 30ml 品牌官网 618 活动款","美妆护肤","粉底液","品牌官网 · Lancôme 兰蔻 品牌官方网站","beauty-foundation-brand-5-24","5","positive","履约服务","品牌官网发货信息清楚，预计 2-3 天送达。","近 26 天","基于商品字段生成的拟真模拟评论"
"beauty-lipstick-taobao-1","beauty-lipstick","Dior 迪奥烈艳蓝金唇膏 999 天猫 618 活动款","美妆护肤","口红","天猫 · Dior 迪奥 品牌天猫官方旗舰店","beauty-lipstick-taobao-1-1","5","positive","体验","实物和页面描述基本一致，整体满意。","近 70 天","基于商品字段生成的拟真模拟评论"
"beauty-lipstick-taobao-1","beauty-lipstick","Dior 迪奥烈艳蓝金唇膏 999 天猫 618 活动款","美妆护肤","口红","天猫 · Dior 迪奥 品牌天猫官方旗舰店","beauty-lipstick-taobao-1-2","5","positive","价格","活动价入手比较划算，性价比可以。","近 2 天","基于商品字段生成的拟真模拟评论"
"beauty-lipstick-taobao-1","beauty-lipstick","Dior 迪奥烈艳蓝金唇膏 999 天猫 618 活动款","美妆护肤","口红","天猫 · Dior 迪奥 品牌天猫官方旗舰店","beauty-lipstick-taobao-1-3","5","positive","使用感受","质地和页面描述接近，日常使用的肤感比较舒服。","近 83 天","基于商品字段生成的拟真模拟评论"
"beauty-lipstick-taobao-1","beauty-lipstick","Dior 迪奥烈艳蓝金唇膏 999 天猫 618 活动款","美妆护肤","口红","天猫 · Dior 迪奥 品牌天猫官方旗舰店","beauty-lipstick-taobao-1-4","4","positive","履约服务","天猫发货信息清楚，预计 2 天送达。","近 40 天","基于商品字段生成的拟真模拟评论"
"beauty-lipstick-taobao-1","beauty-lipstick","Dior 迪奥烈艳蓝金唇膏 999 天猫 618 活动款","美妆护肤","口红","天猫 · Dior 迪奥 品牌天猫官方旗舰店","beauty-lipstick-taobao-1-5","5","positive","体验","发货速度快，包装也比较完整。","近 87 天","基于商品字段生成的拟真模拟评论"
"beauty-lipstick-taobao-1","beauty-lipstick","Dior 迪奥烈艳蓝金唇膏 999 天猫 618 活动款","美妆护肤","口红","天猫 · Dior 迪奥 品牌天猫官方旗舰店","beauty-lipstick-taobao-1-6","2","negative","细节","部分细节和预期有差距，下单前要看清规格。","近 5 天","基于商品字段生成的拟真模拟评论"
"beauty-lipstick-taobao-1","beauty-lipstick","Dior 迪奥烈艳蓝金唇膏 999 天猫 618 活动款","美妆护肤","口红","天猫 · Dior 迪奥 品牌天猫官方旗舰店","beauty-lipstick-taobao-1-7","5","positive","价格","券后价格比线下便宜一些。","近 85 天","基于商品字段生成的拟真模拟评论"
"beauty-lipstick-taobao-1","beauty-lipstick","Dior 迪奥烈艳蓝金唇膏 999 天猫 618 活动款","美妆护肤","口红","天猫 · Dior 迪奥 品牌天猫官方旗舰店","beauty-lipstick-taobao-1-8","5","positive","使用感受","包装完整，批次和规格信息清楚，使用体验符合预期。","近 45 天","基于商品字段生成的拟真模拟评论"
"beauty-lipstick-taobao-1","beauty-lipstick","Dior 迪奥烈艳蓝金唇膏 999 天猫 618 活动款","美妆护肤","口红","天猫 · Dior 迪奥 品牌天猫官方旗舰店","beauty-lipstick-taobao-1-9","5","positive","履约服务","7 天无理由，退货运费险，下单前能比较明确地判断售后成本。","近 53 天","基于商品字段生成的拟真模拟评论"
"beauty-lipstick-taobao-1","beauty-lipstick","Dior 迪奥烈艳蓝金唇膏 999 天猫 618 活动款","美妆护肤","口红","天猫 · Dior 迪奥 品牌天猫官方旗舰店","beauty-lipstick-taobao-1-10","4","positive","体验","实物和页面描述基本一致，整体满意。","近 34 天","基于商品字段生成的拟真模拟评论"
"beauty-lipstick-taobao-1","beauty-lipstick","Dior 迪奥烈艳蓝金唇膏 999 天猫 618 活动款","美妆护肤","口红","天猫 · Dior 迪奥 品牌天猫官方旗舰店","beauty-lipstick-taobao-1-11","2","negative","售后","退换流程需要按平台规则走，不算特别快。","近 50 天","基于商品字段生成的拟真模拟评论"
"beauty-lipstick-taobao-1","beauty-lipstick","Dior 迪奥烈艳蓝金唇膏 999 天猫 618 活动款","美妆护肤","口红","天猫 · Dior 迪奥 品牌天猫官方旗舰店","beauty-lipstick-taobao-1-12","5","positive","价格","活动价入手比较划算，性价比可以。","近 4 天","基于商品字段生成的拟真模拟评论"
"beauty-lipstick-taobao-1","beauty-lipstick","Dior 迪奥烈艳蓝金唇膏 999 天猫 618 活动款","美妆护肤","口红","天猫 · Dior 迪奥 品牌天猫官方旗舰店","beauty-lipstick-taobao-1-13","4","positive","使用感受","质地和页面描述接近，日常使用的肤感比较舒服。","近 17 天","基于商品字段生成的拟真模拟评论"
"beauty-lipstick-taobao-1","beauty-lipstick","Dior 迪奥烈艳蓝金唇膏 999 天猫 618 活动款","美妆护肤","口红","天猫 · Dior 迪奥 品牌天猫官方旗舰店","beauty-lipstick-taobao-1-14","2","negative","个体适配","效果和肤质、色号或使用习惯相关，建议先试用再决定。","近 22 天","基于商品字段生成的拟真模拟评论"
"beauty-lipstick-taobao-1","beauty-lipstick","Dior 迪奥烈艳蓝金唇膏 999 天猫 618 活动款","美妆护肤","口红","天猫 · Dior 迪奥 品牌天猫官方旗舰店","beauty-lipstick-taobao-1-15","4","positive","履约服务","天猫发货信息清楚，预计 2 天送达。","近 36 天","基于商品字段生成的拟真模拟评论"
"beauty-lipstick-taobao-1","beauty-lipstick","Dior 迪奥烈艳蓝金唇膏 999 天猫 618 活动款","美妆护肤","口红","天猫 · Dior 迪奥 品牌天猫官方旗舰店","beauty-lipstick-taobao-1-16","4","positive","体验","发货速度快，包装也比较完整。","近 66 天","基于商品字段生成的拟真模拟评论"
"beauty-lipstick-taobao-1","beauty-lipstick","Dior 迪奥烈艳蓝金唇膏 999 天猫 618 活动款","美妆护肤","口红","天猫 · Dior 迪奥 品牌天猫官方旗舰店","beauty-lipstick-taobao-1-17","5","positive","价格","券后价格比线下便宜一些。","近 11 天","基于商品字段生成的拟真模拟评论"
"beauty-lipstick-taobao-1","beauty-lipstick","Dior 迪奥烈艳蓝金唇膏 999 天猫 618 活动款","美妆护肤","口红","天猫 · Dior 迪奥 品牌天猫官方旗舰店","beauty-lipstick-taobao-1-18","2","negative","售后规则","退换仍需按“7 天无理由，退货运费险”执行，拆封或使用前要先确认条件。","近 2 天","基于商品字段生成的拟真模拟评论"
"beauty-lipstick-taobao-1","beauty-lipstick","Dior 迪奥烈艳蓝金唇膏 999 天猫 618 活动款","美妆护肤","口红","天猫 · Dior 迪奥 品牌天猫官方旗舰店","beauty-lipstick-taobao-1-19","5","positive","使用感受","包装完整，批次和规格信息清楚，使用体验符合预期。","近 17 天","基于商品字段生成的拟真模拟评论"
"beauty-lipstick-taobao-1","beauty-lipstick","Dior 迪奥烈艳蓝金唇膏 999 天猫 618 活动款","美妆护肤","口红","天猫 · Dior 迪奥 品牌天猫官方旗舰店","beauty-lipstick-taobao-1-20","5","positive","履约服务","7 天无理由，退货运费险，下单前能比较明确地判断售后成本。","近 8 天","基于商品字段生成的拟真模拟评论"
"beauty-lipstick-taobao-1","beauty-lipstick","Dior 迪奥烈艳蓝金唇膏 999 天猫 618 活动款","美妆护肤","口红","天猫 · Dior 迪奥 品牌天猫官方旗舰店","beauty-lipstick-taobao-1-21","4","positive","体验","实物和页面描述基本一致，整体满意。","近 26 天","基于商品字段生成的拟真模拟评论"
"beauty-lipstick-taobao-1","beauty-lipstick","Dior 迪奥烈艳蓝金唇膏 999 天猫 618 活动款","美妆护肤","口红","天猫 · Dior 迪奥 品牌天猫官方旗舰店","beauty-lipstick-taobao-1-22","5","positive","价格","活动价入手比较划算，性价比可以。","近 38 天","基于商品字段生成的拟真模拟评论"
"beauty-lipstick-taobao-1","beauty-lipstick","Dior 迪奥烈艳蓝金唇膏 999 天猫 618 活动款","美妆护肤","口红","天猫 · Dior 迪奥 品牌天猫官方旗舰店","beauty-lipstick-taobao-1-23","5","positive","使用感受","质地和页面描述接近，日常使用的肤感比较舒服。","近 30 天","基于商品字段生成的拟真模拟评论"
"beauty-lipstick-taobao-1","beauty-lipstick","Dior 迪奥烈艳蓝金唇膏 999 天猫 618 活动款","美妆护肤","口红","天猫 · Dior 迪奥 品牌天猫官方旗舰店","beauty-lipstick-taobao-1-24","5","positive","履约服务","天猫发货信息清楚，预计 2 天送达。","近 52 天","基于商品字段生成的拟真模拟评论"
"beauty-lipstick-kaola-4","beauty-lipstick","Dior 迪奥烈艳蓝金唇膏 999 考拉海购 618 活动款","美妆护肤","口红","考拉海购 · Dior 迪奥 考拉海购自营","beauty-lipstick-kaola-4-1","4","positive","体验","实物和页面描述基本一致，整体满意。","近 29 天","基于商品字段生成的拟真模拟评论"
"beauty-lipstick-kaola-4","beauty-lipstick","Dior 迪奥烈艳蓝金唇膏 999 考拉海购 618 活动款","美妆护肤","口红","考拉海购 · Dior 迪奥 考拉海购自营","beauty-lipstick-kaola-4-2","5","positive","价格","活动价入手比较划算，性价比可以。","近 2 天","基于商品字段生成的拟真模拟评论"
"beauty-lipstick-kaola-4","beauty-lipstick","Dior 迪奥烈艳蓝金唇膏 999 考拉海购 618 活动款","美妆护肤","口红","考拉海购 · Dior 迪奥 考拉海购自营","beauty-lipstick-kaola-4-3","5","positive","使用感受","质地和页面描述接近，日常使用的肤感比较舒服。","近 7 天","基于商品字段生成的拟真模拟评论"
"beauty-lipstick-kaola-4","beauty-lipstick","Dior 迪奥烈艳蓝金唇膏 999 考拉海购 618 活动款","美妆护肤","口红","考拉海购 · Dior 迪奥 考拉海购自营","beauty-lipstick-kaola-4-4","3","negative","细节","部分细节和预期有差距，下单前要看清规格。","近 71 天","基于商品字段生成的拟真模拟评论"
"beauty-lipstick-kaola-4","beauty-lipstick","Dior 迪奥烈艳蓝金唇膏 999 考拉海购 618 活动款","美妆护肤","口红","考拉海购 · Dior 迪奥 考拉海购自营","beauty-lipstick-kaola-4-5","5","positive","履约服务","考拉海购发货信息清楚，预计 4-7 天送达。","近 59 天","基于商品字段生成的拟真模拟评论"
"beauty-lipstick-kaola-4","beauty-lipstick","Dior 迪奥烈艳蓝金唇膏 999 考拉海购 618 活动款","美妆护肤","口红","考拉海购 · Dior 迪奥 考拉海购自营","beauty-lipstick-kaola-4-6","5","positive","体验","发货速度快，包装也比较完整。","近 20 天","基于商品字段生成的拟真模拟评论"
"beauty-lipstick-kaola-4","beauty-lipstick","Dior 迪奥烈艳蓝金唇膏 999 考拉海购 618 活动款","美妆护肤","口红","考拉海购 · Dior 迪奥 考拉海购自营","beauty-lipstick-kaola-4-7","4","positive","价格","券后价格比线下便宜一些。","近 61 天","基于商品字段生成的拟真模拟评论"
"beauty-lipstick-kaola-4","beauty-lipstick","Dior 迪奥烈艳蓝金唇膏 999 考拉海购 618 活动款","美妆护肤","口红","考拉海购 · Dior 迪奥 考拉海购自营","beauty-lipstick-kaola-4-8","5","positive","使用感受","包装完整，批次和规格信息清楚，使用体验符合预期。","近 83 天","基于商品字段生成的拟真模拟评论"
"beauty-lipstick-kaola-4","beauty-lipstick","Dior 迪奥烈艳蓝金唇膏 999 考拉海购 618 活动款","美妆护肤","口红","考拉海购 · Dior 迪奥 考拉海购自营","beauty-lipstick-kaola-4-9","5","positive","履约服务","跨境商品未拆封支持退货，下单前能比较明确地判断售后成本。","近 26 天","基于商品字段生成的拟真模拟评论"
"beauty-lipstick-kaola-4","beauty-lipstick","Dior 迪奥烈艳蓝金唇膏 999 考拉海购 618 活动款","美妆护肤","口红","考拉海购 · Dior 迪奥 考拉海购自营","beauty-lipstick-kaola-4-10","2","negative","售后","退换流程需要按平台规则走，不算特别快。","近 53 天","基于商品字段生成的拟真模拟评论"
"beauty-lipstick-kaola-4","beauty-lipstick","Dior 迪奥烈艳蓝金唇膏 999 考拉海购 618 活动款","美妆护肤","口红","考拉海购 · Dior 迪奥 考拉海购自营","beauty-lipstick-kaola-4-11","5","positive","体验","实物和页面描述基本一致，整体满意。","近 65 天","基于商品字段生成的拟真模拟评论"
"beauty-lipstick-kaola-4","beauty-lipstick","Dior 迪奥烈艳蓝金唇膏 999 考拉海购 618 活动款","美妆护肤","口红","考拉海购 · Dior 迪奥 考拉海购自营","beauty-lipstick-kaola-4-12","5","positive","价格","活动价入手比较划算，性价比可以。","近 9 天","基于商品字段生成的拟真模拟评论"
"beauty-lipstick-kaola-4","beauty-lipstick","Dior 迪奥烈艳蓝金唇膏 999 考拉海购 618 活动款","美妆护肤","口红","考拉海购 · Dior 迪奥 考拉海购自营","beauty-lipstick-kaola-4-13","3","negative","个体适配","效果和肤质、色号或使用习惯相关，建议先试用再决定。","近 29 天","基于商品字段生成的拟真模拟评论"
"beauty-lipstick-kaola-4","beauty-lipstick","Dior 迪奥烈艳蓝金唇膏 999 考拉海购 618 活动款","美妆护肤","口红","考拉海购 · Dior 迪奥 考拉海购自营","beauty-lipstick-kaola-4-14","5","positive","使用感受","质地和页面描述接近，日常使用的肤感比较舒服。","近 22 天","基于商品字段生成的拟真模拟评论"
"beauty-lipstick-kaola-4","beauty-lipstick","Dior 迪奥烈艳蓝金唇膏 999 考拉海购 618 活动款","美妆护肤","口红","考拉海购 · Dior 迪奥 考拉海购自营","beauty-lipstick-kaola-4-15","3","negative","售后规则","退换仍需按“跨境商品未拆封支持退货”执行，拆封或使用前要先确认条件。","近 76 天","基于商品字段生成的拟真模拟评论"
"beauty-lipstick-kaola-4","beauty-lipstick","Dior 迪奥烈艳蓝金唇膏 999 考拉海购 618 活动款","美妆护肤","口红","考拉海购 · Dior 迪奥 考拉海购自营","beauty-lipstick-kaola-4-16","4","positive","履约服务","考拉海购发货信息清楚，预计 4-7 天送达。","近 46 天","基于商品字段生成的拟真模拟评论"
"beauty-lipstick-kaola-4","beauty-lipstick","Dior 迪奥烈艳蓝金唇膏 999 考拉海购 618 活动款","美妆护肤","口红","考拉海购 · Dior 迪奥 考拉海购自营","beauty-lipstick-kaola-4-17","4","positive","体验","发货速度快，包装也比较完整。","近 6 天","基于商品字段生成的拟真模拟评论"
"beauty-lipstick-kaola-4","beauty-lipstick","Dior 迪奥烈艳蓝金唇膏 999 考拉海购 618 活动款","美妆护肤","口红","考拉海购 · Dior 迪奥 考拉海购自营","beauty-lipstick-kaola-4-18","5","positive","价格","券后价格比线下便宜一些。","近 61 天","基于商品字段生成的拟真模拟评论"
"beauty-lipstick-kaola-4","beauty-lipstick","Dior 迪奥烈艳蓝金唇膏 999 考拉海购 618 活动款","美妆护肤","口红","考拉海购 · Dior 迪奥 考拉海购自营","beauty-lipstick-kaola-4-19","5","positive","使用感受","包装完整，批次和规格信息清楚，使用体验符合预期。","近 30 天","基于商品字段生成的拟真模拟评论"
"beauty-lipstick-kaola-4","beauty-lipstick","Dior 迪奥烈艳蓝金唇膏 999 考拉海购 618 活动款","美妆护肤","口红","考拉海购 · Dior 迪奥 考拉海购自营","beauty-lipstick-kaola-4-20","5","positive","履约服务","跨境商品未拆封支持退货，下单前能比较明确地判断售后成本。","近 74 天","基于商品字段生成的拟真模拟评论"
"beauty-lipstick-kaola-4","beauty-lipstick","Dior 迪奥烈艳蓝金唇膏 999 考拉海购 618 活动款","美妆护肤","口红","考拉海购 · Dior 迪奥 考拉海购自营","beauty-lipstick-kaola-4-21","5","positive","体验","实物和页面描述基本一致，整体满意。","近 61 天","基于商品字段生成的拟真模拟评论"
"beauty-lipstick-kaola-4","beauty-lipstick","Dior 迪奥烈艳蓝金唇膏 999 考拉海购 618 活动款","美妆护肤","口红","考拉海购 · Dior 迪奥 考拉海购自营","beauty-lipstick-kaola-4-22","5","positive","价格","活动价入手比较划算，性价比可以。","近 68 天","基于商品字段生成的拟真模拟评论"
"beauty-lipstick-kaola-4","beauty-lipstick","Dior 迪奥烈艳蓝金唇膏 999 考拉海购 618 活动款","美妆护肤","口红","考拉海购 · Dior 迪奥 考拉海购自营","beauty-lipstick-kaola-4-23","5","positive","使用感受","质地和页面描述接近，日常使用的肤感比较舒服。","近 12 天","基于商品字段生成的拟真模拟评论"
"beauty-lipstick-kaola-4","beauty-lipstick","Dior 迪奥烈艳蓝金唇膏 999 考拉海购 618 活动款","美妆护肤","口红","考拉海购 · Dior 迪奥 考拉海购自营","beauty-lipstick-kaola-4-24","5","positive","履约服务","考拉海购发货信息清楚，预计 4-7 天送达。","近 56 天","基于商品字段生成的拟真模拟评论"
"beauty-lipstick-xiaohongshu-3","beauty-lipstick","Dior 迪奥烈艳蓝金唇膏 999 小红书商城 618 活动款","美妆护肤","口红","小红书商城 · Dior 迪奥 小红书精选品牌店","beauty-lipstick-xiaohongshu-3-1","2","negative","细节","部分细节和预期有差距，下单前要看清规格。","近 77 天","基于商品字段生成的拟真模拟评论"
"beauty-lipstick-xiaohongshu-3","beauty-lipstick","Dior 迪奥烈艳蓝金唇膏 999 小红书商城 618 活动款","美妆护肤","口红","小红书商城 · Dior 迪奥 小红书精选品牌店","beauty-lipstick-xiaohongshu-3-2","5","positive","体验","实物和页面描述基本一致，整体满意。","近 35 天","基于商品字段生成的拟真模拟评论"
"beauty-lipstick-xiaohongshu-3","beauty-lipstick","Dior 迪奥烈艳蓝金唇膏 999 小红书商城 618 活动款","美妆护肤","口红","小红书商城 · Dior 迪奥 小红书精选品牌店","beauty-lipstick-xiaohongshu-3-3","5","positive","价格","活动价入手比较划算，性价比可以。","近 34 天","基于商品字段生成的拟真模拟评论"
"beauty-lipstick-xiaohongshu-3","beauty-lipstick","Dior 迪奥烈艳蓝金唇膏 999 小红书商城 618 活动款","美妆护肤","口红","小红书商城 · Dior 迪奥 小红书精选品牌店","beauty-lipstick-xiaohongshu-3-4","5","positive","使用感受","质地和页面描述接近，日常使用的肤感比较舒服。","近 21 天","基于商品字段生成的拟真模拟评论"
"beauty-lipstick-xiaohongshu-3","beauty-lipstick","Dior 迪奥烈艳蓝金唇膏 999 小红书商城 618 活动款","美妆护肤","口红","小红书商城 · Dior 迪奥 小红书精选品牌店","beauty-lipstick-xiaohongshu-3-5","5","positive","履约服务","小红书商城发货信息清楚，预计 3 天送达。","近 34 天","基于商品字段生成的拟真模拟评论"
"beauty-lipstick-xiaohongshu-3","beauty-lipstick","Dior 迪奥烈艳蓝金唇膏 999 小红书商城 618 活动款","美妆护肤","口红","小红书商城 · Dior 迪奥 小红书精选品牌店","beauty-lipstick-xiaohongshu-3-6","2","negative","售后","退换流程需要按平台规则走，不算特别快。","近 34 天","基于商品字段生成的拟真模拟评论"
"beauty-lipstick-xiaohongshu-3","beauty-lipstick","Dior 迪奥烈艳蓝金唇膏 999 小红书商城 618 活动款","美妆护肤","口红","小红书商城 · Dior 迪奥 小红书精选品牌店","beauty-lipstick-xiaohongshu-3-7","4","positive","体验","发货速度快，包装也比较完整。","近 83 天","基于商品字段生成的拟真模拟评论"
"beauty-lipstick-xiaohongshu-3","beauty-lipstick","Dior 迪奥烈艳蓝金唇膏 999 小红书商城 618 活动款","美妆护肤","口红","小红书商城 · Dior 迪奥 小红书精选品牌店","beauty-lipstick-xiaohongshu-3-8","2","negative","个体适配","效果和肤质、色号或使用习惯相关，建议先试用再决定。","近 12 天","基于商品字段生成的拟真模拟评论"
"beauty-lipstick-xiaohongshu-3","beauty-lipstick","Dior 迪奥烈艳蓝金唇膏 999 小红书商城 618 活动款","美妆护肤","口红","小红书商城 · Dior 迪奥 小红书精选品牌店","beauty-lipstick-xiaohongshu-3-9","4","positive","价格","券后价格比线下便宜一些。","近 53 天","基于商品字段生成的拟真模拟评论"
"beauty-lipstick-xiaohongshu-3","beauty-lipstick","Dior 迪奥烈艳蓝金唇膏 999 小红书商城 618 活动款","美妆护肤","口红","小红书商城 · Dior 迪奥 小红书精选品牌店","beauty-lipstick-xiaohongshu-3-10","5","positive","使用感受","包装完整，批次和规格信息清楚，使用体验符合预期。","近 32 天","基于商品字段生成的拟真模拟评论"
"beauty-lipstick-xiaohongshu-3","beauty-lipstick","Dior 迪奥烈艳蓝金唇膏 999 小红书商城 618 活动款","美妆护肤","口红","小红书商城 · Dior 迪奥 小红书精选品牌店","beauty-lipstick-xiaohongshu-3-11","5","positive","履约服务","未拆封支持 7 天退货，下单前能比较明确地判断售后成本。","近 64 天","基于商品字段生成的拟真模拟评论"
"beauty-lipstick-xiaohongshu-3","beauty-lipstick","Dior 迪奥烈艳蓝金唇膏 999 小红书商城 618 活动款","美妆护肤","口红","小红书商城 · Dior 迪奥 小红书精选品牌店","beauty-lipstick-xiaohongshu-3-12","5","positive","体验","实物和页面描述基本一致，整体满意。","近 35 天","基于商品字段生成的拟真模拟评论"
"beauty-lipstick-xiaohongshu-3","beauty-lipstick","Dior 迪奥烈艳蓝金唇膏 999 小红书商城 618 活动款","美妆护肤","口红","小红书商城 · Dior 迪奥 小红书精选品牌店","beauty-lipstick-xiaohongshu-3-13","5","positive","价格","活动价入手比较划算，性价比可以。","近 53 天","基于商品字段生成的拟真模拟评论"
"beauty-lipstick-xiaohongshu-3","beauty-lipstick","Dior 迪奥烈艳蓝金唇膏 999 小红书商城 618 活动款","美妆护肤","口红","小红书商城 · Dior 迪奥 小红书精选品牌店","beauty-lipstick-xiaohongshu-3-14","5","positive","使用感受","质地和页面描述接近，日常使用的肤感比较舒服。","近 72 天","基于商品字段生成的拟真模拟评论"
"beauty-lipstick-xiaohongshu-3","beauty-lipstick","Dior 迪奥烈艳蓝金唇膏 999 小红书商城 618 活动款","美妆护肤","口红","小红书商城 · Dior 迪奥 小红书精选品牌店","beauty-lipstick-xiaohongshu-3-15","5","positive","履约服务","小红书商城发货信息清楚，预计 3 天送达。","近 66 天","基于商品字段生成的拟真模拟评论"
"beauty-lipstick-xiaohongshu-3","beauty-lipstick","Dior 迪奥烈艳蓝金唇膏 999 小红书商城 618 活动款","美妆护肤","口红","小红书商城 · Dior 迪奥 小红书精选品牌店","beauty-lipstick-xiaohongshu-3-16","3","negative","售后规则","退换仍需按“未拆封支持 7 天退货”执行，拆封或使用前要先确认条件。","近 68 天","基于商品字段生成的拟真模拟评论"
"beauty-lipstick-xiaohongshu-3","beauty-lipstick","Dior 迪奥烈艳蓝金唇膏 999 小红书商城 618 活动款","美妆护肤","口红","小红书商城 · Dior 迪奥 小红书精选品牌店","beauty-lipstick-xiaohongshu-3-17","3","negative","细节","客服解释比较慢，急用要提前确认。","近 57 天","基于商品字段生成的拟真模拟评论"
"beauty-lipstick-xiaohongshu-3","beauty-lipstick","Dior 迪奥烈艳蓝金唇膏 999 小红书商城 618 活动款","美妆护肤","口红","小红书商城 · Dior 迪奥 小红书精选品牌店","beauty-lipstick-xiaohongshu-3-18","5","positive","体验","发货速度快，包装也比较完整。","近 29 天","基于商品字段生成的拟真模拟评论"
"beauty-lipstick-xiaohongshu-3","beauty-lipstick","Dior 迪奥烈艳蓝金唇膏 999 小红书商城 618 活动款","美妆护肤","口红","小红书商城 · Dior 迪奥 小红书精选品牌店","beauty-lipstick-xiaohongshu-3-19","5","positive","价格","券后价格比线下便宜一些。","近 70 天","基于商品字段生成的拟真模拟评论"
"beauty-lipstick-xiaohongshu-3","beauty-lipstick","Dior 迪奥烈艳蓝金唇膏 999 小红书商城 618 活动款","美妆护肤","口红","小红书商城 · Dior 迪奥 小红书精选品牌店","beauty-lipstick-xiaohongshu-3-20","5","positive","使用感受","包装完整，批次和规格信息清楚，使用体验符合预期。","近 70 天","基于商品字段生成的拟真模拟评论"
"beauty-lipstick-xiaohongshu-3","beauty-lipstick","Dior 迪奥烈艳蓝金唇膏 999 小红书商城 618 活动款","美妆护肤","口红","小红书商城 · Dior 迪奥 小红书精选品牌店","beauty-lipstick-xiaohongshu-3-21","3","negative","售后","赠品和主商品分开发货，等待时间更久。","近 72 天","基于商品字段生成的拟真模拟评论"
"beauty-lipstick-xiaohongshu-3","beauty-lipstick","Dior 迪奥烈艳蓝金唇膏 999 小红书商城 618 活动款","美妆护肤","口红","小红书商城 · Dior 迪奥 小红书精选品牌店","beauty-lipstick-xiaohongshu-3-22","5","positive","履约服务","未拆封支持 7 天退货，下单前能比较明确地判断售后成本。","近 47 天","基于商品字段生成的拟真模拟评论"
"beauty-lipstick-xiaohongshu-3","beauty-lipstick","Dior 迪奥烈艳蓝金唇膏 999 小红书商城 618 活动款","美妆护肤","口红","小红书商城 · Dior 迪奥 小红书精选品牌店","beauty-lipstick-xiaohongshu-3-23","2","negative","个体适配","香味、色号和肤感主观差异较大，不一定适合所有人。","近 81 天","基于商品字段生成的拟真模拟评论"
"beauty-lipstick-xiaohongshu-3","beauty-lipstick","Dior 迪奥烈艳蓝金唇膏 999 小红书商城 618 活动款","美妆护肤","口红","小红书商城 · Dior 迪奥 小红书精选品牌店","beauty-lipstick-xiaohongshu-3-24","5","positive","体验","实物和页面描述基本一致，整体满意。","近 15 天","基于商品字段生成的拟真模拟评论"
"beauty-lipstick-jd-2","beauty-lipstick","Dior 迪奥烈艳蓝金唇膏 999 京东 618 活动款","美妆护肤","口红","京东 · Dior 迪奥 京东自营旗舰店","beauty-lipstick-jd-2-1","3","negative","细节","部分细节和预期有差距，下单前要看清规格。","近 28 天","基于商品字段生成的拟真模拟评论"
"beauty-lipstick-jd-2","beauty-lipstick","Dior 迪奥烈艳蓝金唇膏 999 京东 618 活动款","美妆护肤","口红","京东 · Dior 迪奥 京东自营旗舰店","beauty-lipstick-jd-2-2","2","negative","售后","退换流程需要按平台规则走，不算特别快。","近 20 天","基于商品字段生成的拟真模拟评论"
"beauty-lipstick-jd-2","beauty-lipstick","Dior 迪奥烈艳蓝金唇膏 999 京东 618 活动款","美妆护肤","口红","京东 · Dior 迪奥 京东自营旗舰店","beauty-lipstick-jd-2-3","5","positive","体验","实物和页面描述基本一致，整体满意。","近 72 天","基于商品字段生成的拟真模拟评论"
"beauty-lipstick-jd-2","beauty-lipstick","Dior 迪奥烈艳蓝金唇膏 999 京东 618 活动款","美妆护肤","口红","京东 · Dior 迪奥 京东自营旗舰店","beauty-lipstick-jd-2-4","3","negative","个体适配","效果和肤质、色号或使用习惯相关，建议先试用再决定。","近 40 天","基于商品字段生成的拟真模拟评论"
"beauty-lipstick-jd-2","beauty-lipstick","Dior 迪奥烈艳蓝金唇膏 999 京东 618 活动款","美妆护肤","口红","京东 · Dior 迪奥 京东自营旗舰店","beauty-lipstick-jd-2-5","5","positive","价格","活动价入手比较划算，性价比可以。","近 85 天","基于商品字段生成的拟真模拟评论"
"beauty-lipstick-jd-2","beauty-lipstick","Dior 迪奥烈艳蓝金唇膏 999 京东 618 活动款","美妆护肤","口红","京东 · Dior 迪奥 京东自营旗舰店","beauty-lipstick-jd-2-6","5","positive","使用感受","质地和页面描述接近，日常使用的肤感比较舒服。","近 40 天","基于商品字段生成的拟真模拟评论"
"beauty-lipstick-jd-2","beauty-lipstick","Dior 迪奥烈艳蓝金唇膏 999 京东 618 活动款","美妆护肤","口红","京东 · Dior 迪奥 京东自营旗舰店","beauty-lipstick-jd-2-7","5","positive","履约服务","京东发货信息清楚，次日送达。","近 50 天","基于商品字段生成的拟真模拟评论"
"beauty-lipstick-jd-2","beauty-lipstick","Dior 迪奥烈艳蓝金唇膏 999 京东 618 活动款","美妆护肤","口红","京东 · Dior 迪奥 京东自营旗舰店","beauty-lipstick-jd-2-8","5","positive","体验","发货速度快，包装也比较完整。","近 87 天","基于商品字段生成的拟真模拟评论"
"beauty-lipstick-jd-2","beauty-lipstick","Dior 迪奥烈艳蓝金唇膏 999 京东 618 活动款","美妆护肤","口红","京东 · Dior 迪奥 京东自营旗舰店","beauty-lipstick-jd-2-9","5","positive","价格","券后价格比线下便宜一些。","近 35 天","基于商品字段生成的拟真模拟评论"
"beauty-lipstick-jd-2","beauty-lipstick","Dior 迪奥烈艳蓝金唇膏 999 京东 618 活动款","美妆护肤","口红","京东 · Dior 迪奥 京东自营旗舰店","beauty-lipstick-jd-2-10","5","positive","使用感受","包装完整，批次和规格信息清楚，使用体验符合预期。","近 13 天","基于商品字段生成的拟真模拟评论"
"beauty-lipstick-jd-2","beauty-lipstick","Dior 迪奥烈艳蓝金唇膏 999 京东 618 活动款","美妆护肤","口红","京东 · Dior 迪奥 京东自营旗舰店","beauty-lipstick-jd-2-11","5","positive","履约服务","7 天无理由，支持上门取件，下单前能比较明确地判断售后成本。","近 69 天","基于商品字段生成的拟真模拟评论"
"beauty-lipstick-jd-2","beauty-lipstick","Dior 迪奥烈艳蓝金唇膏 999 京东 618 活动款","美妆护肤","口红","京东 · Dior 迪奥 京东自营旗舰店","beauty-lipstick-jd-2-12","5","positive","体验","实物和页面描述基本一致，整体满意。","近 57 天","基于商品字段生成的拟真模拟评论"
"beauty-lipstick-jd-2","beauty-lipstick","Dior 迪奥烈艳蓝金唇膏 999 京东 618 活动款","美妆护肤","口红","京东 · Dior 迪奥 京东自营旗舰店","beauty-lipstick-jd-2-13","5","positive","价格","活动价入手比较划算，性价比可以。","近 64 天","基于商品字段生成的拟真模拟评论"
"beauty-lipstick-jd-2","beauty-lipstick","Dior 迪奥烈艳蓝金唇膏 999 京东 618 活动款","美妆护肤","口红","京东 · Dior 迪奥 京东自营旗舰店","beauty-lipstick-jd-2-14","5","positive","使用感受","质地和页面描述接近，日常使用的肤感比较舒服。","近 82 天","基于商品字段生成的拟真模拟评论"
"beauty-lipstick-jd-2","beauty-lipstick","Dior 迪奥烈艳蓝金唇膏 999 京东 618 活动款","美妆护肤","口红","京东 · Dior 迪奥 京东自营旗舰店","beauty-lipstick-jd-2-15","5","positive","履约服务","京东发货信息清楚，次日送达。","近 54 天","基于商品字段生成的拟真模拟评论"
"beauty-lipstick-jd-2","beauty-lipstick","Dior 迪奥烈艳蓝金唇膏 999 京东 618 活动款","美妆护肤","口红","京东 · Dior 迪奥 京东自营旗舰店","beauty-lipstick-jd-2-16","5","positive","体验","发货速度快，包装也比较完整。","近 50 天","基于商品字段生成的拟真模拟评论"
"beauty-lipstick-jd-2","beauty-lipstick","Dior 迪奥烈艳蓝金唇膏 999 京东 618 活动款","美妆护肤","口红","京东 · Dior 迪奥 京东自营旗舰店","beauty-lipstick-jd-2-17","3","negative","售后规则","退换仍需按“7 天无理由，支持上门取件”执行，拆封或使用前要先确认条件。","近 68 天","基于商品字段生成的拟真模拟评论"
"beauty-lipstick-jd-2","beauty-lipstick","Dior 迪奥烈艳蓝金唇膏 999 京东 618 活动款","美妆护肤","口红","京东 · Dior 迪奥 京东自营旗舰店","beauty-lipstick-jd-2-18","5","positive","价格","券后价格比线下便宜一些。","近 4 天","基于商品字段生成的拟真模拟评论"
"beauty-lipstick-jd-2","beauty-lipstick","Dior 迪奥烈艳蓝金唇膏 999 京东 618 活动款","美妆护肤","口红","京东 · Dior 迪奥 京东自营旗舰店","beauty-lipstick-jd-2-19","5","positive","使用感受","包装完整，批次和规格信息清楚，使用体验符合预期。","近 74 天","基于商品字段生成的拟真模拟评论"
"beauty-lipstick-jd-2","beauty-lipstick","Dior 迪奥烈艳蓝金唇膏 999 京东 618 活动款","美妆护肤","口红","京东 · Dior 迪奥 京东自营旗舰店","beauty-lipstick-jd-2-20","4","positive","履约服务","7 天无理由，支持上门取件，下单前能比较明确地判断售后成本。","近 19 天","基于商品字段生成的拟真模拟评论"
"beauty-lipstick-jd-2","beauty-lipstick","Dior 迪奥烈艳蓝金唇膏 999 京东 618 活动款","美妆护肤","口红","京东 · Dior 迪奥 京东自营旗舰店","beauty-lipstick-jd-2-21","5","positive","体验","实物和页面描述基本一致，整体满意。","近 70 天","基于商品字段生成的拟真模拟评论"
"beauty-lipstick-jd-2","beauty-lipstick","Dior 迪奥烈艳蓝金唇膏 999 京东 618 活动款","美妆护肤","口红","京东 · Dior 迪奥 京东自营旗舰店","beauty-lipstick-jd-2-22","4","positive","价格","活动价入手比较划算，性价比可以。","近 26 天","基于商品字段生成的拟真模拟评论"
"beauty-lipstick-jd-2","beauty-lipstick","Dior 迪奥烈艳蓝金唇膏 999 京东 618 活动款","美妆护肤","口红","京东 · Dior 迪奥 京东自营旗舰店","beauty-lipstick-jd-2-23","5","positive","使用感受","质地和页面描述接近，日常使用的肤感比较舒服。","近 10 天","基于商品字段生成的拟真模拟评论"
"beauty-lipstick-jd-2","beauty-lipstick","Dior 迪奥烈艳蓝金唇膏 999 京东 618 活动款","美妆护肤","口红","京东 · Dior 迪奥 京东自营旗舰店","beauty-lipstick-jd-2-24","5","positive","履约服务","京东发货信息清楚，次日送达。","近 54 天","基于商品字段生成的拟真模拟评论"
"beauty-lipstick-brand-5","beauty-lipstick","Dior 迪奥烈艳蓝金唇膏 999 品牌官网 618 活动款","美妆护肤","口红","品牌官网 · Dior 迪奥 品牌官方网站","beauty-lipstick-brand-5-1","4","positive","体验","实物和页面描述基本一致，整体满意。","近 22 天","基于商品字段生成的拟真模拟评论"
"beauty-lipstick-brand-5","beauty-lipstick","Dior 迪奥烈艳蓝金唇膏 999 品牌官网 618 活动款","美妆护肤","口红","品牌官网 · Dior 迪奥 品牌官方网站","beauty-lipstick-brand-5-2","5","positive","价格","活动价入手比较划算，性价比可以。","近 14 天","基于商品字段生成的拟真模拟评论"
"beauty-lipstick-brand-5","beauty-lipstick","Dior 迪奥烈艳蓝金唇膏 999 品牌官网 618 活动款","美妆护肤","口红","品牌官网 · Dior 迪奥 品牌官方网站","beauty-lipstick-brand-5-3","3","negative","细节","部分细节和预期有差距，下单前要看清规格。","近 87 天","基于商品字段生成的拟真模拟评论"
"beauty-lipstick-brand-5","beauty-lipstick","Dior 迪奥烈艳蓝金唇膏 999 品牌官网 618 活动款","美妆护肤","口红","品牌官网 · Dior 迪奥 品牌官方网站","beauty-lipstick-brand-5-4","4","positive","使用感受","质地和页面描述接近，日常使用的肤感比较舒服。","近 17 天","基于商品字段生成的拟真模拟评论"
"beauty-lipstick-brand-5","beauty-lipstick","Dior 迪奥烈艳蓝金唇膏 999 品牌官网 618 活动款","美妆护肤","口红","品牌官网 · Dior 迪奥 品牌官方网站","beauty-lipstick-brand-5-5","5","positive","履约服务","品牌官网发货信息清楚，预计 2-3 天送达。","近 85 天","基于商品字段生成的拟真模拟评论"
"beauty-lipstick-brand-5","beauty-lipstick","Dior 迪奥烈艳蓝金唇膏 999 品牌官网 618 活动款","美妆护肤","口红","品牌官网 · Dior 迪奥 品牌官方网站","beauty-lipstick-brand-5-6","5","positive","体验","发货速度快，包装也比较完整。","近 81 天","基于商品字段生成的拟真模拟评论"
"beauty-lipstick-brand-5","beauty-lipstick","Dior 迪奥烈艳蓝金唇膏 999 品牌官网 618 活动款","美妆护肤","口红","品牌官网 · Dior 迪奥 品牌官方网站","beauty-lipstick-brand-5-7","5","positive","价格","券后价格比线下便宜一些。","近 45 天","基于商品字段生成的拟真模拟评论"
"beauty-lipstick-brand-5","beauty-lipstick","Dior 迪奥烈艳蓝金唇膏 999 品牌官网 618 活动款","美妆护肤","口红","品牌官网 · Dior 迪奥 品牌官方网站","beauty-lipstick-brand-5-8","5","positive","使用感受","包装完整，批次和规格信息清楚，使用体验符合预期。","近 58 天","基于商品字段生成的拟真模拟评论"
"beauty-lipstick-brand-5","beauty-lipstick","Dior 迪奥烈艳蓝金唇膏 999 品牌官网 618 活动款","美妆护肤","口红","品牌官网 · Dior 迪奥 品牌官方网站","beauty-lipstick-brand-5-9","5","positive","履约服务","官方 7 天退换政策，下单前能比较明确地判断售后成本。","近 51 天","基于商品字段生成的拟真模拟评论"
"beauty-lipstick-brand-5","beauty-lipstick","Dior 迪奥烈艳蓝金唇膏 999 品牌官网 618 活动款","美妆护肤","口红","品牌官网 · Dior 迪奥 品牌官方网站","beauty-lipstick-brand-5-10","2","negative","售后","退换流程需要按平台规则走，不算特别快。","近 80 天","基于商品字段生成的拟真模拟评论"
"beauty-lipstick-brand-5","beauty-lipstick","Dior 迪奥烈艳蓝金唇膏 999 品牌官网 618 活动款","美妆护肤","口红","品牌官网 · Dior 迪奥 品牌官方网站","beauty-lipstick-brand-5-11","4","positive","体验","实物和页面描述基本一致，整体满意。","近 26 天","基于商品字段生成的拟真模拟评论"
"beauty-lipstick-brand-5","beauty-lipstick","Dior 迪奥烈艳蓝金唇膏 999 品牌官网 618 活动款","美妆护肤","口红","品牌官网 · Dior 迪奥 品牌官方网站","beauty-lipstick-brand-5-12","5","positive","价格","活动价入手比较划算，性价比可以。","近 40 天","基于商品字段生成的拟真模拟评论"
"beauty-lipstick-brand-5","beauty-lipstick","Dior 迪奥烈艳蓝金唇膏 999 品牌官网 618 活动款","美妆护肤","口红","品牌官网 · Dior 迪奥 品牌官方网站","beauty-lipstick-brand-5-13","5","positive","使用感受","质地和页面描述接近，日常使用的肤感比较舒服。","近 74 天","基于商品字段生成的拟真模拟评论"
"beauty-lipstick-brand-5","beauty-lipstick","Dior 迪奥烈艳蓝金唇膏 999 品牌官网 618 活动款","美妆护肤","口红","品牌官网 · Dior 迪奥 品牌官方网站","beauty-lipstick-brand-5-14","5","positive","履约服务","品牌官网发货信息清楚，预计 2-3 天送达。","近 31 天","基于商品字段生成的拟真模拟评论"
"beauty-lipstick-brand-5","beauty-lipstick","Dior 迪奥烈艳蓝金唇膏 999 品牌官网 618 活动款","美妆护肤","口红","品牌官网 · Dior 迪奥 品牌官方网站","beauty-lipstick-brand-5-15","3","negative","个体适配","效果和肤质、色号或使用习惯相关，建议先试用再决定。","近 3 天","基于商品字段生成的拟真模拟评论"
"beauty-lipstick-brand-5","beauty-lipstick","Dior 迪奥烈艳蓝金唇膏 999 品牌官网 618 活动款","美妆护肤","口红","品牌官网 · Dior 迪奥 品牌官方网站","beauty-lipstick-brand-5-16","5","positive","体验","发货速度快，包装也比较完整。","近 69 天","基于商品字段生成的拟真模拟评论"
"beauty-lipstick-brand-5","beauty-lipstick","Dior 迪奥烈艳蓝金唇膏 999 品牌官网 618 活动款","美妆护肤","口红","品牌官网 · Dior 迪奥 品牌官方网站","beauty-lipstick-brand-5-17","3","negative","售后规则","退换仍需按“官方 7 天退换政策”执行，拆封或使用前要先确认条件。","近 39 天","基于商品字段生成的拟真模拟评论"
"beauty-lipstick-brand-5","beauty-lipstick","Dior 迪奥烈艳蓝金唇膏 999 品牌官网 618 活动款","美妆护肤","口红","品牌官网 · Dior 迪奥 品牌官方网站","beauty-lipstick-brand-5-18","5","positive","价格","券后价格比线下便宜一些。","近 18 天","基于商品字段生成的拟真模拟评论"
"beauty-lipstick-brand-5","beauty-lipstick","Dior 迪奥烈艳蓝金唇膏 999 品牌官网 618 活动款","美妆护肤","口红","品牌官网 · Dior 迪奥 品牌官方网站","beauty-lipstick-brand-5-19","5","positive","使用感受","包装完整，批次和规格信息清楚，使用体验符合预期。","近 59 天","基于商品字段生成的拟真模拟评论"
"beauty-lipstick-brand-5","beauty-lipstick","Dior 迪奥烈艳蓝金唇膏 999 品牌官网 618 活动款","美妆护肤","口红","品牌官网 · Dior 迪奥 品牌官方网站","beauty-lipstick-brand-5-20","5","positive","履约服务","官方 7 天退换政策，下单前能比较明确地判断售后成本。","近 53 天","基于商品字段生成的拟真模拟评论"
"beauty-lipstick-brand-5","beauty-lipstick","Dior 迪奥烈艳蓝金唇膏 999 品牌官网 618 活动款","美妆护肤","口红","品牌官网 · Dior 迪奥 品牌官方网站","beauty-lipstick-brand-5-21","5","positive","体验","实物和页面描述基本一致，整体满意。","近 74 天","基于商品字段生成的拟真模拟评论"
"beauty-lipstick-brand-5","beauty-lipstick","Dior 迪奥烈艳蓝金唇膏 999 品牌官网 618 活动款","美妆护肤","口红","品牌官网 · Dior 迪奥 品牌官方网站","beauty-lipstick-brand-5-22","5","positive","价格","活动价入手比较划算，性价比可以。","近 87 天","基于商品字段生成的拟真模拟评论"
"beauty-lipstick-brand-5","beauty-lipstick","Dior 迪奥烈艳蓝金唇膏 999 品牌官网 618 活动款","美妆护肤","口红","品牌官网 · Dior 迪奥 品牌官方网站","beauty-lipstick-brand-5-23","4","positive","使用感受","质地和页面描述接近，日常使用的肤感比较舒服。","近 44 天","基于商品字段生成的拟真模拟评论"
"beauty-lipstick-brand-5","beauty-lipstick","Dior 迪奥烈艳蓝金唇膏 999 品牌官网 618 活动款","美妆护肤","口红","品牌官网 · Dior 迪奥 品牌官方网站","beauty-lipstick-brand-5-24","5","positive","履约服务","品牌官网发货信息清楚，预计 2-3 天送达。","近 10 天","基于商品字段生成的拟真模拟评论"
"beauty-serum-taobao-1","beauty-serum","雅诗兰黛小棕瓶精华 50ml 天猫 618 活动款","美妆护肤","精华液","天猫 · Estée Lauder 雅诗兰黛 品牌天猫官方旗舰店","beauty-serum-taobao-1-1","5","positive","体验","实物和页面描述基本一致，整体满意。","近 85 天","基于商品字段生成的拟真模拟评论"
"beauty-serum-taobao-1","beauty-serum","雅诗兰黛小棕瓶精华 50ml 天猫 618 活动款","美妆护肤","精华液","天猫 · Estée Lauder 雅诗兰黛 品牌天猫官方旗舰店","beauty-serum-taobao-1-2","5","positive","价格","活动价入手比较划算，性价比可以。","近 77 天","基于商品字段生成的拟真模拟评论"
"beauty-serum-taobao-1","beauty-serum","雅诗兰黛小棕瓶精华 50ml 天猫 618 活动款","美妆护肤","精华液","天猫 · Estée Lauder 雅诗兰黛 品牌天猫官方旗舰店","beauty-serum-taobao-1-3","2","negative","细节","部分细节和预期有差距，下单前要看清规格。","近 5 天","基于商品字段生成的拟真模拟评论"
"beauty-serum-taobao-1","beauty-serum","雅诗兰黛小棕瓶精华 50ml 天猫 618 活动款","美妆护肤","精华液","天猫 · Estée Lauder 雅诗兰黛 品牌天猫官方旗舰店","beauty-serum-taobao-1-4","5","positive","使用感受","质地和页面描述接近，日常使用的肤感比较舒服。","近 11 天","基于商品字段生成的拟真模拟评论"
"beauty-serum-taobao-1","beauty-serum","雅诗兰黛小棕瓶精华 50ml 天猫 618 活动款","美妆护肤","精华液","天猫 · Estée Lauder 雅诗兰黛 品牌天猫官方旗舰店","beauty-serum-taobao-1-5","5","positive","履约服务","天猫发货信息清楚，预计 2 天送达。","近 30 天","基于商品字段生成的拟真模拟评论"
"beauty-serum-taobao-1","beauty-serum","雅诗兰黛小棕瓶精华 50ml 天猫 618 活动款","美妆护肤","精华液","天猫 · Estée Lauder 雅诗兰黛 品牌天猫官方旗舰店","beauty-serum-taobao-1-6","5","positive","体验","发货速度快，包装也比较完整。","近 34 天","基于商品字段生成的拟真模拟评论"
"beauty-serum-taobao-1","beauty-serum","雅诗兰黛小棕瓶精华 50ml 天猫 618 活动款","美妆护肤","精华液","天猫 · Estée Lauder 雅诗兰黛 品牌天猫官方旗舰店","beauty-serum-taobao-1-7","5","positive","价格","券后价格比线下便宜一些。","近 34 天","基于商品字段生成的拟真模拟评论"
"beauty-serum-taobao-1","beauty-serum","雅诗兰黛小棕瓶精华 50ml 天猫 618 活动款","美妆护肤","精华液","天猫 · Estée Lauder 雅诗兰黛 品牌天猫官方旗舰店","beauty-serum-taobao-1-8","5","positive","使用感受","包装完整，批次和规格信息清楚，使用体验符合预期。","近 26 天","基于商品字段生成的拟真模拟评论"
"beauty-serum-taobao-1","beauty-serum","雅诗兰黛小棕瓶精华 50ml 天猫 618 活动款","美妆护肤","精华液","天猫 · Estée Lauder 雅诗兰黛 品牌天猫官方旗舰店","beauty-serum-taobao-1-9","4","positive","履约服务","7 天无理由，退货运费险，下单前能比较明确地判断售后成本。","近 48 天","基于商品字段生成的拟真模拟评论"
"beauty-serum-taobao-1","beauty-serum","雅诗兰黛小棕瓶精华 50ml 天猫 618 活动款","美妆护肤","精华液","天猫 · Estée Lauder 雅诗兰黛 品牌天猫官方旗舰店","beauty-serum-taobao-1-10","5","positive","体验","实物和页面描述基本一致，整体满意。","近 71 天","基于商品字段生成的拟真模拟评论"
"beauty-serum-taobao-1","beauty-serum","雅诗兰黛小棕瓶精华 50ml 天猫 618 活动款","美妆护肤","精华液","天猫 · Estée Lauder 雅诗兰黛 品牌天猫官方旗舰店","beauty-serum-taobao-1-11","5","positive","价格","活动价入手比较划算，性价比可以。","近 83 天","基于商品字段生成的拟真模拟评论"
"beauty-serum-taobao-1","beauty-serum","雅诗兰黛小棕瓶精华 50ml 天猫 618 活动款","美妆护肤","精华液","天猫 · Estée Lauder 雅诗兰黛 品牌天猫官方旗舰店","beauty-serum-taobao-1-12","5","positive","使用感受","质地和页面描述接近，日常使用的肤感比较舒服。","近 70 天","基于商品字段生成的拟真模拟评论"
"beauty-serum-taobao-1","beauty-serum","雅诗兰黛小棕瓶精华 50ml 天猫 618 活动款","美妆护肤","精华液","天猫 · Estée Lauder 雅诗兰黛 品牌天猫官方旗舰店","beauty-serum-taobao-1-13","5","positive","履约服务","天猫发货信息清楚，预计 2 天送达。","近 78 天","基于商品字段生成的拟真模拟评论"
"beauty-serum-taobao-1","beauty-serum","雅诗兰黛小棕瓶精华 50ml 天猫 618 活动款","美妆护肤","精华液","天猫 · Estée Lauder 雅诗兰黛 品牌天猫官方旗舰店","beauty-serum-taobao-1-14","5","positive","体验","发货速度快，包装也比较完整。","近 65 天","基于商品字段生成的拟真模拟评论"
"beauty-serum-taobao-1","beauty-serum","雅诗兰黛小棕瓶精华 50ml 天猫 618 活动款","美妆护肤","精华液","天猫 · Estée Lauder 雅诗兰黛 品牌天猫官方旗舰店","beauty-serum-taobao-1-15","5","positive","价格","券后价格比线下便宜一些。","近 47 天","基于商品字段生成的拟真模拟评论"
"beauty-serum-taobao-1","beauty-serum","雅诗兰黛小棕瓶精华 50ml 天猫 618 活动款","美妆护肤","精华液","天猫 · Estée Lauder 雅诗兰黛 品牌天猫官方旗舰店","beauty-serum-taobao-1-16","3","negative","售后","退换流程需要按平台规则走，不算特别快。","近 45 天","基于商品字段生成的拟真模拟评论"
"beauty-serum-taobao-1","beauty-serum","雅诗兰黛小棕瓶精华 50ml 天猫 618 活动款","美妆护肤","精华液","天猫 · Estée Lauder 雅诗兰黛 品牌天猫官方旗舰店","beauty-serum-taobao-1-17","3","negative","个体适配","效果和肤质、色号或使用习惯相关，建议先试用再决定。","近 52 天","基于商品字段生成的拟真模拟评论"
"beauty-serum-taobao-1","beauty-serum","雅诗兰黛小棕瓶精华 50ml 天猫 618 活动款","美妆护肤","精华液","天猫 · Estée Lauder 雅诗兰黛 品牌天猫官方旗舰店","beauty-serum-taobao-1-18","5","positive","使用感受","包装完整，批次和规格信息清楚，使用体验符合预期。","近 53 天","基于商品字段生成的拟真模拟评论"
"beauty-serum-taobao-1","beauty-serum","雅诗兰黛小棕瓶精华 50ml 天猫 618 活动款","美妆护肤","精华液","天猫 · Estée Lauder 雅诗兰黛 品牌天猫官方旗舰店","beauty-serum-taobao-1-19","5","positive","履约服务","7 天无理由，退货运费险，下单前能比较明确地判断售后成本。","近 45 天","基于商品字段生成的拟真模拟评论"
"beauty-serum-taobao-1","beauty-serum","雅诗兰黛小棕瓶精华 50ml 天猫 618 活动款","美妆护肤","精华液","天猫 · Estée Lauder 雅诗兰黛 品牌天猫官方旗舰店","beauty-serum-taobao-1-20","4","positive","体验","实物和页面描述基本一致，整体满意。","近 64 天","基于商品字段生成的拟真模拟评论"
"beauty-serum-taobao-1","beauty-serum","雅诗兰黛小棕瓶精华 50ml 天猫 618 活动款","美妆护肤","精华液","天猫 · Estée Lauder 雅诗兰黛 品牌天猫官方旗舰店","beauty-serum-taobao-1-21","5","positive","价格","活动价入手比较划算，性价比可以。","近 17 天","基于商品字段生成的拟真模拟评论"
"beauty-serum-taobao-1","beauty-serum","雅诗兰黛小棕瓶精华 50ml 天猫 618 活动款","美妆护肤","精华液","天猫 · Estée Lauder 雅诗兰黛 品牌天猫官方旗舰店","beauty-serum-taobao-1-22","2","negative","售后规则","退换仍需按“7 天无理由，退货运费险”执行，拆封或使用前要先确认条件。","近 27 天","基于商品字段生成的拟真模拟评论"
"beauty-serum-taobao-1","beauty-serum","雅诗兰黛小棕瓶精华 50ml 天猫 618 活动款","美妆护肤","精华液","天猫 · Estée Lauder 雅诗兰黛 品牌天猫官方旗舰店","beauty-serum-taobao-1-23","5","positive","使用感受","质地和页面描述接近，日常使用的肤感比较舒服。","近 71 天","基于商品字段生成的拟真模拟评论"
"beauty-serum-taobao-1","beauty-serum","雅诗兰黛小棕瓶精华 50ml 天猫 618 活动款","美妆护肤","精华液","天猫 · Estée Lauder 雅诗兰黛 品牌天猫官方旗舰店","beauty-serum-taobao-1-24","4","positive","履约服务","天猫发货信息清楚，预计 2 天送达。","近 69 天","基于商品字段生成的拟真模拟评论"
"beauty-serum-kaola-4","beauty-serum","雅诗兰黛小棕瓶精华 50ml 考拉海购 618 活动款","美妆护肤","精华液","考拉海购 · Estée Lauder 雅诗兰黛 考拉海购自营","beauty-serum-kaola-4-1","5","positive","体验","实物和页面描述基本一致，整体满意。","近 73 天","基于商品字段生成的拟真模拟评论"
"beauty-serum-kaola-4","beauty-serum","雅诗兰黛小棕瓶精华 50ml 考拉海购 618 活动款","美妆护肤","精华液","考拉海购 · Estée Lauder 雅诗兰黛 考拉海购自营","beauty-serum-kaola-4-2","2","negative","细节","部分细节和预期有差距，下单前要看清规格。","近 83 天","基于商品字段生成的拟真模拟评论"
"beauty-serum-kaola-4","beauty-serum","雅诗兰黛小棕瓶精华 50ml 考拉海购 618 活动款","美妆护肤","精华液","考拉海购 · Estée Lauder 雅诗兰黛 考拉海购自营","beauty-serum-kaola-4-3","3","negative","售后","退换流程需要按平台规则走，不算特别快。","近 64 天","基于商品字段生成的拟真模拟评论"
"beauty-serum-kaola-4","beauty-serum","雅诗兰黛小棕瓶精华 50ml 考拉海购 618 活动款","美妆护肤","精华液","考拉海购 · Estée Lauder 雅诗兰黛 考拉海购自营","beauty-serum-kaola-4-4","5","positive","价格","活动价入手比较划算，性价比可以。","近 78 天","基于商品字段生成的拟真模拟评论"
"beauty-serum-kaola-4","beauty-serum","雅诗兰黛小棕瓶精华 50ml 考拉海购 618 活动款","美妆护肤","精华液","考拉海购 · Estée Lauder 雅诗兰黛 考拉海购自营","beauty-serum-kaola-4-5","4","positive","使用感受","质地和页面描述接近，日常使用的肤感比较舒服。","近 37 天","基于商品字段生成的拟真模拟评论"
"beauty-serum-kaola-4","beauty-serum","雅诗兰黛小棕瓶精华 50ml 考拉海购 618 活动款","美妆护肤","精华液","考拉海购 · Estée Lauder 雅诗兰黛 考拉海购自营","beauty-serum-kaola-4-6","4","positive","履约服务","考拉海购发货信息清楚，预计 4-7 天送达。","近 68 天","基于商品字段生成的拟真模拟评论"
"beauty-serum-kaola-4","beauty-serum","雅诗兰黛小棕瓶精华 50ml 考拉海购 618 活动款","美妆护肤","精华液","考拉海购 · Estée Lauder 雅诗兰黛 考拉海购自营","beauty-serum-kaola-4-7","5","positive","体验","发货速度快，包装也比较完整。","近 15 天","基于商品字段生成的拟真模拟评论"
"beauty-serum-kaola-4","beauty-serum","雅诗兰黛小棕瓶精华 50ml 考拉海购 618 活动款","美妆护肤","精华液","考拉海购 · Estée Lauder 雅诗兰黛 考拉海购自营","beauty-serum-kaola-4-8","4","positive","价格","券后价格比线下便宜一些。","近 24 天","基于商品字段生成的拟真模拟评论"
"beauty-serum-kaola-4","beauty-serum","雅诗兰黛小棕瓶精华 50ml 考拉海购 618 活动款","美妆护肤","精华液","考拉海购 · Estée Lauder 雅诗兰黛 考拉海购自营","beauty-serum-kaola-4-9","5","positive","使用感受","包装完整，批次和规格信息清楚，使用体验符合预期。","近 57 天","基于商品字段生成的拟真模拟评论"
"beauty-serum-kaola-4","beauty-serum","雅诗兰黛小棕瓶精华 50ml 考拉海购 618 活动款","美妆护肤","精华液","考拉海购 · Estée Lauder 雅诗兰黛 考拉海购自营","beauty-serum-kaola-4-10","5","positive","履约服务","跨境商品未拆封支持退货，下单前能比较明确地判断售后成本。","近 20 天","基于商品字段生成的拟真模拟评论"
"beauty-serum-kaola-4","beauty-serum","雅诗兰黛小棕瓶精华 50ml 考拉海购 618 活动款","美妆护肤","精华液","考拉海购 · Estée Lauder 雅诗兰黛 考拉海购自营","beauty-serum-kaola-4-11","5","positive","体验","实物和页面描述基本一致，整体满意。","近 39 天","基于商品字段生成的拟真模拟评论"
"beauty-serum-kaola-4","beauty-serum","雅诗兰黛小棕瓶精华 50ml 考拉海购 618 活动款","美妆护肤","精华液","考拉海购 · Estée Lauder 雅诗兰黛 考拉海购自营","beauty-serum-kaola-4-12","5","positive","价格","活动价入手比较划算，性价比可以。","近 5 天","基于商品字段生成的拟真模拟评论"
"beauty-serum-kaola-4","beauty-serum","雅诗兰黛小棕瓶精华 50ml 考拉海购 618 活动款","美妆护肤","精华液","考拉海购 · Estée Lauder 雅诗兰黛 考拉海购自营","beauty-serum-kaola-4-13","3","negative","个体适配","效果和肤质、色号或使用习惯相关，建议先试用再决定。","近 87 天","基于商品字段生成的拟真模拟评论"
"beauty-serum-kaola-4","beauty-serum","雅诗兰黛小棕瓶精华 50ml 考拉海购 618 活动款","美妆护肤","精华液","考拉海购 · Estée Lauder 雅诗兰黛 考拉海购自营","beauty-serum-kaola-4-14","5","positive","使用感受","质地和页面描述接近，日常使用的肤感比较舒服。","近 18 天","基于商品字段生成的拟真模拟评论"
"beauty-serum-kaola-4","beauty-serum","雅诗兰黛小棕瓶精华 50ml 考拉海购 618 活动款","美妆护肤","精华液","考拉海购 · Estée Lauder 雅诗兰黛 考拉海购自营","beauty-serum-kaola-4-15","4","positive","履约服务","考拉海购发货信息清楚，预计 4-7 天送达。","近 79 天","基于商品字段生成的拟真模拟评论"
"beauty-serum-kaola-4","beauty-serum","雅诗兰黛小棕瓶精华 50ml 考拉海购 618 活动款","美妆护肤","精华液","考拉海购 · Estée Lauder 雅诗兰黛 考拉海购自营","beauty-serum-kaola-4-16","5","positive","体验","发货速度快，包装也比较完整。","近 71 天","基于商品字段生成的拟真模拟评论"
"beauty-serum-kaola-4","beauty-serum","雅诗兰黛小棕瓶精华 50ml 考拉海购 618 活动款","美妆护肤","精华液","考拉海购 · Estée Lauder 雅诗兰黛 考拉海购自营","beauty-serum-kaola-4-17","4","positive","价格","券后价格比线下便宜一些。","近 71 天","基于商品字段生成的拟真模拟评论"
"beauty-serum-kaola-4","beauty-serum","雅诗兰黛小棕瓶精华 50ml 考拉海购 618 活动款","美妆护肤","精华液","考拉海购 · Estée Lauder 雅诗兰黛 考拉海购自营","beauty-serum-kaola-4-18","5","positive","使用感受","包装完整，批次和规格信息清楚，使用体验符合预期。","近 45 天","基于商品字段生成的拟真模拟评论"
"beauty-serum-kaola-4","beauty-serum","雅诗兰黛小棕瓶精华 50ml 考拉海购 618 活动款","美妆护肤","精华液","考拉海购 · Estée Lauder 雅诗兰黛 考拉海购自营","beauty-serum-kaola-4-19","4","positive","履约服务","跨境商品未拆封支持退货，下单前能比较明确地判断售后成本。","近 72 天","基于商品字段生成的拟真模拟评论"
"beauty-serum-kaola-4","beauty-serum","雅诗兰黛小棕瓶精华 50ml 考拉海购 618 活动款","美妆护肤","精华液","考拉海购 · Estée Lauder 雅诗兰黛 考拉海购自营","beauty-serum-kaola-4-20","5","positive","体验","实物和页面描述基本一致，整体满意。","近 75 天","基于商品字段生成的拟真模拟评论"
"beauty-serum-kaola-4","beauty-serum","雅诗兰黛小棕瓶精华 50ml 考拉海购 618 活动款","美妆护肤","精华液","考拉海购 · Estée Lauder 雅诗兰黛 考拉海购自营","beauty-serum-kaola-4-21","5","positive","价格","活动价入手比较划算，性价比可以。","近 73 天","基于商品字段生成的拟真模拟评论"
"beauty-serum-kaola-4","beauty-serum","雅诗兰黛小棕瓶精华 50ml 考拉海购 618 活动款","美妆护肤","精华液","考拉海购 · Estée Lauder 雅诗兰黛 考拉海购自营","beauty-serum-kaola-4-22","4","positive","使用感受","质地和页面描述接近，日常使用的肤感比较舒服。","近 5 天","基于商品字段生成的拟真模拟评论"
"beauty-serum-kaola-4","beauty-serum","雅诗兰黛小棕瓶精华 50ml 考拉海购 618 活动款","美妆护肤","精华液","考拉海购 · Estée Lauder 雅诗兰黛 考拉海购自营","beauty-serum-kaola-4-23","3","negative","售后规则","退换仍需按“跨境商品未拆封支持退货”执行，拆封或使用前要先确认条件。","近 4 天","基于商品字段生成的拟真模拟评论"
"beauty-serum-kaola-4","beauty-serum","雅诗兰黛小棕瓶精华 50ml 考拉海购 618 活动款","美妆护肤","精华液","考拉海购 · Estée Lauder 雅诗兰黛 考拉海购自营","beauty-serum-kaola-4-24","5","positive","履约服务","考拉海购发货信息清楚，预计 4-7 天送达。","近 86 天","基于商品字段生成的拟真模拟评论"
"beauty-serum-jd-2","beauty-serum","雅诗兰黛小棕瓶精华 50ml 京东 618 活动款","美妆护肤","精华液","京东 · Estée Lauder 雅诗兰黛 京东自营旗舰店","beauty-serum-jd-2-1","5","positive","体验","实物和页面描述基本一致，整体满意。","近 45 天","基于商品字段生成的拟真模拟评论"
"beauty-serum-jd-2","beauty-serum","雅诗兰黛小棕瓶精华 50ml 京东 618 活动款","美妆护肤","精华液","京东 · Estée Lauder 雅诗兰黛 京东自营旗舰店","beauty-serum-jd-2-2","3","negative","细节","部分细节和预期有差距，下单前要看清规格。","近 11 天","基于商品字段生成的拟真模拟评论"
"beauty-serum-jd-2","beauty-serum","雅诗兰黛小棕瓶精华 50ml 京东 618 活动款","美妆护肤","精华液","京东 · Estée Lauder 雅诗兰黛 京东自营旗舰店","beauty-serum-jd-2-3","5","positive","价格","活动价入手比较划算，性价比可以。","近 13 天","基于商品字段生成的拟真模拟评论"
"beauty-serum-jd-2","beauty-serum","雅诗兰黛小棕瓶精华 50ml 京东 618 活动款","美妆护肤","精华液","京东 · Estée Lauder 雅诗兰黛 京东自营旗舰店","beauty-serum-jd-2-4","2","negative","售后","退换流程需要按平台规则走，不算特别快。","近 17 天","基于商品字段生成的拟真模拟评论"
"beauty-serum-jd-2","beauty-serum","雅诗兰黛小棕瓶精华 50ml 京东 618 活动款","美妆护肤","精华液","京东 · Estée Lauder 雅诗兰黛 京东自营旗舰店","beauty-serum-jd-2-5","5","positive","使用感受","质地和页面描述接近，日常使用的肤感比较舒服。","近 13 天","基于商品字段生成的拟真模拟评论"
"beauty-serum-jd-2","beauty-serum","雅诗兰黛小棕瓶精华 50ml 京东 618 活动款","美妆护肤","精华液","京东 · Estée Lauder 雅诗兰黛 京东自营旗舰店","beauty-serum-jd-2-6","5","positive","履约服务","京东发货信息清楚，次日送达。","近 73 天","基于商品字段生成的拟真模拟评论"
"beauty-serum-jd-2","beauty-serum","雅诗兰黛小棕瓶精华 50ml 京东 618 活动款","美妆护肤","精华液","京东 · Estée Lauder 雅诗兰黛 京东自营旗舰店","beauty-serum-jd-2-7","5","positive","体验","发货速度快，包装也比较完整。","近 88 天","基于商品字段生成的拟真模拟评论"
"beauty-serum-jd-2","beauty-serum","雅诗兰黛小棕瓶精华 50ml 京东 618 活动款","美妆护肤","精华液","京东 · Estée Lauder 雅诗兰黛 京东自营旗舰店","beauty-serum-jd-2-8","4","positive","价格","券后价格比线下便宜一些。","近 6 天","基于商品字段生成的拟真模拟评论"
"beauty-serum-jd-2","beauty-serum","雅诗兰黛小棕瓶精华 50ml 京东 618 活动款","美妆护肤","精华液","京东 · Estée Lauder 雅诗兰黛 京东自营旗舰店","beauty-serum-jd-2-9","5","positive","使用感受","包装完整，批次和规格信息清楚，使用体验符合预期。","近 61 天","基于商品字段生成的拟真模拟评论"
"beauty-serum-jd-2","beauty-serum","雅诗兰黛小棕瓶精华 50ml 京东 618 活动款","美妆护肤","精华液","京东 · Estée Lauder 雅诗兰黛 京东自营旗舰店","beauty-serum-jd-2-10","5","positive","履约服务","7 天无理由，支持上门取件，下单前能比较明确地判断售后成本。","近 67 天","基于商品字段生成的拟真模拟评论"
"beauty-serum-jd-2","beauty-serum","雅诗兰黛小棕瓶精华 50ml 京东 618 活动款","美妆护肤","精华液","京东 · Estée Lauder 雅诗兰黛 京东自营旗舰店","beauty-serum-jd-2-11","5","positive","体验","实物和页面描述基本一致，整体满意。","近 13 天","基于商品字段生成的拟真模拟评论"
"beauty-serum-jd-2","beauty-serum","雅诗兰黛小棕瓶精华 50ml 京东 618 活动款","美妆护肤","精华液","京东 · Estée Lauder 雅诗兰黛 京东自营旗舰店","beauty-serum-jd-2-12","3","negative","个体适配","效果和肤质、色号或使用习惯相关，建议先试用再决定。","近 13 天","基于商品字段生成的拟真模拟评论"
"beauty-serum-jd-2","beauty-serum","雅诗兰黛小棕瓶精华 50ml 京东 618 活动款","美妆护肤","精华液","京东 · Estée Lauder 雅诗兰黛 京东自营旗舰店","beauty-serum-jd-2-13","4","positive","价格","活动价入手比较划算，性价比可以。","近 85 天","基于商品字段生成的拟真模拟评论"
"beauty-serum-jd-2","beauty-serum","雅诗兰黛小棕瓶精华 50ml 京东 618 活动款","美妆护肤","精华液","京东 · Estée Lauder 雅诗兰黛 京东自营旗舰店","beauty-serum-jd-2-14","4","positive","使用感受","质地和页面描述接近，日常使用的肤感比较舒服。","近 58 天","基于商品字段生成的拟真模拟评论"
"beauty-serum-jd-2","beauty-serum","雅诗兰黛小棕瓶精华 50ml 京东 618 活动款","美妆护肤","精华液","京东 · Estée Lauder 雅诗兰黛 京东自营旗舰店","beauty-serum-jd-2-15","5","positive","履约服务","京东发货信息清楚，次日送达。","近 50 天","基于商品字段生成的拟真模拟评论"
"beauty-serum-jd-2","beauty-serum","雅诗兰黛小棕瓶精华 50ml 京东 618 活动款","美妆护肤","精华液","京东 · Estée Lauder 雅诗兰黛 京东自营旗舰店","beauty-serum-jd-2-16","5","positive","体验","发货速度快，包装也比较完整。","近 76 天","基于商品字段生成的拟真模拟评论"
"beauty-serum-jd-2","beauty-serum","雅诗兰黛小棕瓶精华 50ml 京东 618 活动款","美妆护肤","精华液","京东 · Estée Lauder 雅诗兰黛 京东自营旗舰店","beauty-serum-jd-2-17","5","positive","价格","券后价格比线下便宜一些。","近 38 天","基于商品字段生成的拟真模拟评论"
"beauty-serum-jd-2","beauty-serum","雅诗兰黛小棕瓶精华 50ml 京东 618 活动款","美妆护肤","精华液","京东 · Estée Lauder 雅诗兰黛 京东自营旗舰店","beauty-serum-jd-2-18","3","negative","售后规则","退换仍需按“7 天无理由，支持上门取件”执行，拆封或使用前要先确认条件。","近 26 天","基于商品字段生成的拟真模拟评论"
"beauty-serum-jd-2","beauty-serum","雅诗兰黛小棕瓶精华 50ml 京东 618 活动款","美妆护肤","精华液","京东 · Estée Lauder 雅诗兰黛 京东自营旗舰店","beauty-serum-jd-2-19","4","positive","使用感受","包装完整，批次和规格信息清楚，使用体验符合预期。","近 59 天","基于商品字段生成的拟真模拟评论"
"beauty-serum-jd-2","beauty-serum","雅诗兰黛小棕瓶精华 50ml 京东 618 活动款","美妆护肤","精华液","京东 · Estée Lauder 雅诗兰黛 京东自营旗舰店","beauty-serum-jd-2-20","5","positive","履约服务","7 天无理由，支持上门取件，下单前能比较明确地判断售后成本。","近 43 天","基于商品字段生成的拟真模拟评论"
"beauty-serum-jd-2","beauty-serum","雅诗兰黛小棕瓶精华 50ml 京东 618 活动款","美妆护肤","精华液","京东 · Estée Lauder 雅诗兰黛 京东自营旗舰店","beauty-serum-jd-2-21","5","positive","体验","实物和页面描述基本一致，整体满意。","近 40 天","基于商品字段生成的拟真模拟评论"
"beauty-serum-jd-2","beauty-serum","雅诗兰黛小棕瓶精华 50ml 京东 618 活动款","美妆护肤","精华液","京东 · Estée Lauder 雅诗兰黛 京东自营旗舰店","beauty-serum-jd-2-22","5","positive","价格","活动价入手比较划算，性价比可以。","近 64 天","基于商品字段生成的拟真模拟评论"
"beauty-serum-jd-2","beauty-serum","雅诗兰黛小棕瓶精华 50ml 京东 618 活动款","美妆护肤","精华液","京东 · Estée Lauder 雅诗兰黛 京东自营旗舰店","beauty-serum-jd-2-23","5","positive","使用感受","质地和页面描述接近，日常使用的肤感比较舒服。","近 40 天","基于商品字段生成的拟真模拟评论"
"beauty-serum-jd-2","beauty-serum","雅诗兰黛小棕瓶精华 50ml 京东 618 活动款","美妆护肤","精华液","京东 · Estée Lauder 雅诗兰黛 京东自营旗舰店","beauty-serum-jd-2-24","5","positive","履约服务","京东发货信息清楚，次日送达。","近 28 天","基于商品字段生成的拟真模拟评论"
"beauty-serum-xiaohongshu-3","beauty-serum","雅诗兰黛小棕瓶精华 50ml 小红书商城 618 活动款","美妆护肤","精华液","小红书商城 · Estée Lauder 雅诗兰黛 小红书精选品牌店","beauty-serum-xiaohongshu-3-1","4","positive","体验","实物和页面描述基本一致，整体满意。","近 38 天","基于商品字段生成的拟真模拟评论"
"beauty-serum-xiaohongshu-3","beauty-serum","雅诗兰黛小棕瓶精华 50ml 小红书商城 618 活动款","美妆护肤","精华液","小红书商城 · Estée Lauder 雅诗兰黛 小红书精选品牌店","beauty-serum-xiaohongshu-3-2","4","positive","价格","活动价入手比较划算，性价比可以。","近 19 天","基于商品字段生成的拟真模拟评论"
"beauty-serum-xiaohongshu-3","beauty-serum","雅诗兰黛小棕瓶精华 50ml 小红书商城 618 活动款","美妆护肤","精华液","小红书商城 · Estée Lauder 雅诗兰黛 小红书精选品牌店","beauty-serum-xiaohongshu-3-3","5","positive","使用感受","质地和页面描述接近，日常使用的肤感比较舒服。","近 27 天","基于商品字段生成的拟真模拟评论"
"beauty-serum-xiaohongshu-3","beauty-serum","雅诗兰黛小棕瓶精华 50ml 小红书商城 618 活动款","美妆护肤","精华液","小红书商城 · Estée Lauder 雅诗兰黛 小红书精选品牌店","beauty-serum-xiaohongshu-3-4","4","positive","履约服务","小红书商城发货信息清楚，预计 3 天送达。","近 75 天","基于商品字段生成的拟真模拟评论"
"beauty-serum-xiaohongshu-3","beauty-serum","雅诗兰黛小棕瓶精华 50ml 小红书商城 618 活动款","美妆护肤","精华液","小红书商城 · Estée Lauder 雅诗兰黛 小红书精选品牌店","beauty-serum-xiaohongshu-3-5","2","negative","细节","部分细节和预期有差距，下单前要看清规格。","近 54 天","基于商品字段生成的拟真模拟评论"
"beauty-serum-xiaohongshu-3","beauty-serum","雅诗兰黛小棕瓶精华 50ml 小红书商城 618 活动款","美妆护肤","精华液","小红书商城 · Estée Lauder 雅诗兰黛 小红书精选品牌店","beauty-serum-xiaohongshu-3-6","3","negative","售后","退换流程需要按平台规则走，不算特别快。","近 43 天","基于商品字段生成的拟真模拟评论"
"beauty-serum-xiaohongshu-3","beauty-serum","雅诗兰黛小棕瓶精华 50ml 小红书商城 618 活动款","美妆护肤","精华液","小红书商城 · Estée Lauder 雅诗兰黛 小红书精选品牌店","beauty-serum-xiaohongshu-3-7","5","positive","体验","发货速度快，包装也比较完整。","近 60 天","基于商品字段生成的拟真模拟评论"
"beauty-serum-xiaohongshu-3","beauty-serum","雅诗兰黛小棕瓶精华 50ml 小红书商城 618 活动款","美妆护肤","精华液","小红书商城 · Estée Lauder 雅诗兰黛 小红书精选品牌店","beauty-serum-xiaohongshu-3-8","5","positive","价格","券后价格比线下便宜一些。","近 84 天","基于商品字段生成的拟真模拟评论"
"beauty-serum-xiaohongshu-3","beauty-serum","雅诗兰黛小棕瓶精华 50ml 小红书商城 618 活动款","美妆护肤","精华液","小红书商城 · Estée Lauder 雅诗兰黛 小红书精选品牌店","beauty-serum-xiaohongshu-3-9","5","positive","使用感受","包装完整，批次和规格信息清楚，使用体验符合预期。","近 19 天","基于商品字段生成的拟真模拟评论"
"beauty-serum-xiaohongshu-3","beauty-serum","雅诗兰黛小棕瓶精华 50ml 小红书商城 618 活动款","美妆护肤","精华液","小红书商城 · Estée Lauder 雅诗兰黛 小红书精选品牌店","beauty-serum-xiaohongshu-3-10","2","negative","个体适配","效果和肤质、色号或使用习惯相关，建议先试用再决定。","近 71 天","基于商品字段生成的拟真模拟评论"
"beauty-serum-xiaohongshu-3","beauty-serum","雅诗兰黛小棕瓶精华 50ml 小红书商城 618 活动款","美妆护肤","精华液","小红书商城 · Estée Lauder 雅诗兰黛 小红书精选品牌店","beauty-serum-xiaohongshu-3-11","4","positive","履约服务","未拆封支持 7 天退货，下单前能比较明确地判断售后成本。","近 49 天","基于商品字段生成的拟真模拟评论"
"beauty-serum-xiaohongshu-3","beauty-serum","雅诗兰黛小棕瓶精华 50ml 小红书商城 618 活动款","美妆护肤","精华液","小红书商城 · Estée Lauder 雅诗兰黛 小红书精选品牌店","beauty-serum-xiaohongshu-3-12","5","positive","体验","实物和页面描述基本一致，整体满意。","近 55 天","基于商品字段生成的拟真模拟评论"
"beauty-serum-xiaohongshu-3","beauty-serum","雅诗兰黛小棕瓶精华 50ml 小红书商城 618 活动款","美妆护肤","精华液","小红书商城 · Estée Lauder 雅诗兰黛 小红书精选品牌店","beauty-serum-xiaohongshu-3-13","5","positive","价格","活动价入手比较划算，性价比可以。","近 75 天","基于商品字段生成的拟真模拟评论"
"beauty-serum-xiaohongshu-3","beauty-serum","雅诗兰黛小棕瓶精华 50ml 小红书商城 618 活动款","美妆护肤","精华液","小红书商城 · Estée Lauder 雅诗兰黛 小红书精选品牌店","beauty-serum-xiaohongshu-3-14","5","positive","使用感受","质地和页面描述接近，日常使用的肤感比较舒服。","近 80 天","基于商品字段生成的拟真模拟评论"
"beauty-serum-xiaohongshu-3","beauty-serum","雅诗兰黛小棕瓶精华 50ml 小红书商城 618 活动款","美妆护肤","精华液","小红书商城 · Estée Lauder 雅诗兰黛 小红书精选品牌店","beauty-serum-xiaohongshu-3-15","5","positive","履约服务","小红书商城发货信息清楚，预计 3 天送达。","近 74 天","基于商品字段生成的拟真模拟评论"
"beauty-serum-xiaohongshu-3","beauty-serum","雅诗兰黛小棕瓶精华 50ml 小红书商城 618 活动款","美妆护肤","精华液","小红书商城 · Estée Lauder 雅诗兰黛 小红书精选品牌店","beauty-serum-xiaohongshu-3-16","5","positive","体验","发货速度快，包装也比较完整。","近 48 天","基于商品字段生成的拟真模拟评论"
"beauty-serum-xiaohongshu-3","beauty-serum","雅诗兰黛小棕瓶精华 50ml 小红书商城 618 活动款","美妆护肤","精华液","小红书商城 · Estée Lauder 雅诗兰黛 小红书精选品牌店","beauty-serum-xiaohongshu-3-17","3","negative","售后规则","退换仍需按“未拆封支持 7 天退货”执行，拆封或使用前要先确认条件。","近 34 天","基于商品字段生成的拟真模拟评论"
"beauty-serum-xiaohongshu-3","beauty-serum","雅诗兰黛小棕瓶精华 50ml 小红书商城 618 活动款","美妆护肤","精华液","小红书商城 · Estée Lauder 雅诗兰黛 小红书精选品牌店","beauty-serum-xiaohongshu-3-18","5","positive","价格","券后价格比线下便宜一些。","近 51 天","基于商品字段生成的拟真模拟评论"
"beauty-serum-xiaohongshu-3","beauty-serum","雅诗兰黛小棕瓶精华 50ml 小红书商城 618 活动款","美妆护肤","精华液","小红书商城 · Estée Lauder 雅诗兰黛 小红书精选品牌店","beauty-serum-xiaohongshu-3-19","5","positive","使用感受","包装完整，批次和规格信息清楚，使用体验符合预期。","近 70 天","基于商品字段生成的拟真模拟评论"
"beauty-serum-xiaohongshu-3","beauty-serum","雅诗兰黛小棕瓶精华 50ml 小红书商城 618 活动款","美妆护肤","精华液","小红书商城 · Estée Lauder 雅诗兰黛 小红书精选品牌店","beauty-serum-xiaohongshu-3-20","5","positive","履约服务","未拆封支持 7 天退货，下单前能比较明确地判断售后成本。","近 84 天","基于商品字段生成的拟真模拟评论"
"beauty-serum-xiaohongshu-3","beauty-serum","雅诗兰黛小棕瓶精华 50ml 小红书商城 618 活动款","美妆护肤","精华液","小红书商城 · Estée Lauder 雅诗兰黛 小红书精选品牌店","beauty-serum-xiaohongshu-3-21","5","positive","体验","实物和页面描述基本一致，整体满意。","近 14 天","基于商品字段生成的拟真模拟评论"
"beauty-serum-xiaohongshu-3","beauty-serum","雅诗兰黛小棕瓶精华 50ml 小红书商城 618 活动款","美妆护肤","精华液","小红书商城 · Estée Lauder 雅诗兰黛 小红书精选品牌店","beauty-serum-xiaohongshu-3-22","3","negative","细节","客服解释比较慢，急用要提前确认。","近 62 天","基于商品字段生成的拟真模拟评论"
"beauty-serum-xiaohongshu-3","beauty-serum","雅诗兰黛小棕瓶精华 50ml 小红书商城 618 活动款","美妆护肤","精华液","小红书商城 · Estée Lauder 雅诗兰黛 小红书精选品牌店","beauty-serum-xiaohongshu-3-23","3","negative","售后","赠品和主商品分开发货，等待时间更久。","近 20 天","基于商品字段生成的拟真模拟评论"
"beauty-serum-xiaohongshu-3","beauty-serum","雅诗兰黛小棕瓶精华 50ml 小红书商城 618 活动款","美妆护肤","精华液","小红书商城 · Estée Lauder 雅诗兰黛 小红书精选品牌店","beauty-serum-xiaohongshu-3-24","3","negative","个体适配","香味、色号和肤感主观差异较大，不一定适合所有人。","近 82 天","基于商品字段生成的拟真模拟评论"
"beauty-serum-brand-5","beauty-serum","雅诗兰黛小棕瓶精华 50ml 品牌官网 618 活动款","美妆护肤","精华液","品牌官网 · Estée Lauder 雅诗兰黛 品牌官方网站","beauty-serum-brand-5-1","5","positive","体验","实物和页面描述基本一致，整体满意。","近 9 天","基于商品字段生成的拟真模拟评论"
"beauty-serum-brand-5","beauty-serum","雅诗兰黛小棕瓶精华 50ml 品牌官网 618 活动款","美妆护肤","精华液","品牌官网 · Estée Lauder 雅诗兰黛 品牌官方网站","beauty-serum-brand-5-2","5","positive","价格","活动价入手比较划算，性价比可以。","近 41 天","基于商品字段生成的拟真模拟评论"
"beauty-serum-brand-5","beauty-serum","雅诗兰黛小棕瓶精华 50ml 品牌官网 618 活动款","美妆护肤","精华液","品牌官网 · Estée Lauder 雅诗兰黛 品牌官方网站","beauty-serum-brand-5-3","5","positive","使用感受","质地和页面描述接近，日常使用的肤感比较舒服。","近 32 天","基于商品字段生成的拟真模拟评论"
"beauty-serum-brand-5","beauty-serum","雅诗兰黛小棕瓶精华 50ml 品牌官网 618 活动款","美妆护肤","精华液","品牌官网 · Estée Lauder 雅诗兰黛 品牌官方网站","beauty-serum-brand-5-4","5","positive","履约服务","品牌官网发货信息清楚，预计 2-3 天送达。","近 17 天","基于商品字段生成的拟真模拟评论"
"beauty-serum-brand-5","beauty-serum","雅诗兰黛小棕瓶精华 50ml 品牌官网 618 活动款","美妆护肤","精华液","品牌官网 · Estée Lauder 雅诗兰黛 品牌官方网站","beauty-serum-brand-5-5","5","positive","体验","发货速度快，包装也比较完整。","近 66 天","基于商品字段生成的拟真模拟评论"
"beauty-serum-brand-5","beauty-serum","雅诗兰黛小棕瓶精华 50ml 品牌官网 618 活动款","美妆护肤","精华液","品牌官网 · Estée Lauder 雅诗兰黛 品牌官方网站","beauty-serum-brand-5-6","5","positive","价格","券后价格比线下便宜一些。","近 67 天","基于商品字段生成的拟真模拟评论"
"beauty-serum-brand-5","beauty-serum","雅诗兰黛小棕瓶精华 50ml 品牌官网 618 活动款","美妆护肤","精华液","品牌官网 · Estée Lauder 雅诗兰黛 品牌官方网站","beauty-serum-brand-5-7","5","positive","使用感受","包装完整，批次和规格信息清楚，使用体验符合预期。","近 18 天","基于商品字段生成的拟真模拟评论"
"beauty-serum-brand-5","beauty-serum","雅诗兰黛小棕瓶精华 50ml 品牌官网 618 活动款","美妆护肤","精华液","品牌官网 · Estée Lauder 雅诗兰黛 品牌官方网站","beauty-serum-brand-5-8","5","positive","履约服务","官方 7 天退换政策，下单前能比较明确地判断售后成本。","近 26 天","基于商品字段生成的拟真模拟评论"
"beauty-serum-brand-5","beauty-serum","雅诗兰黛小棕瓶精华 50ml 品牌官网 618 活动款","美妆护肤","精华液","品牌官网 · Estée Lauder 雅诗兰黛 品牌官方网站","beauty-serum-brand-5-9","3","negative","细节","部分细节和预期有差距，下单前要看清规格。","近 6 天","基于商品字段生成的拟真模拟评论"
"beauty-serum-brand-5","beauty-serum","雅诗兰黛小棕瓶精华 50ml 品牌官网 618 活动款","美妆护肤","精华液","品牌官网 · Estée Lauder 雅诗兰黛 品牌官方网站","beauty-serum-brand-5-10","5","positive","体验","实物和页面描述基本一致，整体满意。","近 54 天","基于商品字段生成的拟真模拟评论"
"beauty-serum-brand-5","beauty-serum","雅诗兰黛小棕瓶精华 50ml 品牌官网 618 活动款","美妆护肤","精华液","品牌官网 · Estée Lauder 雅诗兰黛 品牌官方网站","beauty-serum-brand-5-11","2","negative","售后","退换流程需要按平台规则走，不算特别快。","近 47 天","基于商品字段生成的拟真模拟评论"
"beauty-serum-brand-5","beauty-serum","雅诗兰黛小棕瓶精华 50ml 品牌官网 618 活动款","美妆护肤","精华液","品牌官网 · Estée Lauder 雅诗兰黛 品牌官方网站","beauty-serum-brand-5-12","5","positive","价格","活动价入手比较划算，性价比可以。","近 9 天","基于商品字段生成的拟真模拟评论"
"beauty-serum-brand-5","beauty-serum","雅诗兰黛小棕瓶精华 50ml 品牌官网 618 活动款","美妆护肤","精华液","品牌官网 · Estée Lauder 雅诗兰黛 品牌官方网站","beauty-serum-brand-5-13","5","positive","使用感受","质地和页面描述接近，日常使用的肤感比较舒服。","近 80 天","基于商品字段生成的拟真模拟评论"
"beauty-serum-brand-5","beauty-serum","雅诗兰黛小棕瓶精华 50ml 品牌官网 618 活动款","美妆护肤","精华液","品牌官网 · Estée Lauder 雅诗兰黛 品牌官方网站","beauty-serum-brand-5-14","5","positive","履约服务","品牌官网发货信息清楚，预计 2-3 天送达。","近 66 天","基于商品字段生成的拟真模拟评论"
"beauty-serum-brand-5","beauty-serum","雅诗兰黛小棕瓶精华 50ml 品牌官网 618 活动款","美妆护肤","精华液","品牌官网 · Estée Lauder 雅诗兰黛 品牌官方网站","beauty-serum-brand-5-15","5","positive","体验","发货速度快，包装也比较完整。","近 24 天","基于商品字段生成的拟真模拟评论"
"beauty-serum-brand-5","beauty-serum","雅诗兰黛小棕瓶精华 50ml 品牌官网 618 活动款","美妆护肤","精华液","品牌官网 · Estée Lauder 雅诗兰黛 品牌官方网站","beauty-serum-brand-5-16","5","positive","价格","券后价格比线下便宜一些。","近 3 天","基于商品字段生成的拟真模拟评论"
"beauty-serum-brand-5","beauty-serum","雅诗兰黛小棕瓶精华 50ml 品牌官网 618 活动款","美妆护肤","精华液","品牌官网 · Estée Lauder 雅诗兰黛 品牌官方网站","beauty-serum-brand-5-17","5","positive","使用感受","包装完整，批次和规格信息清楚，使用体验符合预期。","近 29 天","基于商品字段生成的拟真模拟评论"
"beauty-serum-brand-5","beauty-serum","雅诗兰黛小棕瓶精华 50ml 品牌官网 618 活动款","美妆护肤","精华液","品牌官网 · Estée Lauder 雅诗兰黛 品牌官方网站","beauty-serum-brand-5-18","4","positive","履约服务","官方 7 天退换政策，下单前能比较明确地判断售后成本。","近 80 天","基于商品字段生成的拟真模拟评论"
"beauty-serum-brand-5","beauty-serum","雅诗兰黛小棕瓶精华 50ml 品牌官网 618 活动款","美妆护肤","精华液","品牌官网 · Estée Lauder 雅诗兰黛 品牌官方网站","beauty-serum-brand-5-19","5","positive","体验","实物和页面描述基本一致，整体满意。","近 40 天","基于商品字段生成的拟真模拟评论"
"beauty-serum-brand-5","beauty-serum","雅诗兰黛小棕瓶精华 50ml 品牌官网 618 活动款","美妆护肤","精华液","品牌官网 · Estée Lauder 雅诗兰黛 品牌官方网站","beauty-serum-brand-5-20","5","positive","价格","活动价入手比较划算，性价比可以。","近 49 天","基于商品字段生成的拟真模拟评论"
"beauty-serum-brand-5","beauty-serum","雅诗兰黛小棕瓶精华 50ml 品牌官网 618 活动款","美妆护肤","精华液","品牌官网 · Estée Lauder 雅诗兰黛 品牌官方网站","beauty-serum-brand-5-21","4","positive","使用感受","质地和页面描述接近，日常使用的肤感比较舒服。","近 63 天","基于商品字段生成的拟真模拟评论"
"beauty-serum-brand-5","beauty-serum","雅诗兰黛小棕瓶精华 50ml 品牌官网 618 活动款","美妆护肤","精华液","品牌官网 · Estée Lauder 雅诗兰黛 品牌官方网站","beauty-serum-brand-5-22","3","negative","个体适配","效果和肤质、色号或使用习惯相关，建议先试用再决定。","近 56 天","基于商品字段生成的拟真模拟评论"
"beauty-serum-brand-5","beauty-serum","雅诗兰黛小棕瓶精华 50ml 品牌官网 618 活动款","美妆护肤","精华液","品牌官网 · Estée Lauder 雅诗兰黛 品牌官方网站","beauty-serum-brand-5-23","4","positive","履约服务","品牌官网发货信息清楚，预计 2-3 天送达。","近 83 天","基于商品字段生成的拟真模拟评论"
"beauty-serum-brand-5","beauty-serum","雅诗兰黛小棕瓶精华 50ml 品牌官网 618 活动款","美妆护肤","精华液","品牌官网 · Estée Lauder 雅诗兰黛 品牌官方网站","beauty-serum-brand-5-24","2","negative","售后规则","退换仍需按“官方 7 天退换政策”执行，拆封或使用前要先确认条件。","近 34 天","基于商品字段生成的拟真模拟评论"
"beauty-cream-taobao-1","beauty-cream","科颜氏高保湿面霜 50ml 天猫 618 活动款","美妆护肤","面霜","天猫 · Kiehl's 科颜氏 品牌天猫官方旗舰店","beauty-cream-taobao-1-1","5","positive","体验","实物和页面描述基本一致，整体满意。","近 12 天","基于商品字段生成的拟真模拟评论"
"beauty-cream-taobao-1","beauty-cream","科颜氏高保湿面霜 50ml 天猫 618 活动款","美妆护肤","面霜","天猫 · Kiehl's 科颜氏 品牌天猫官方旗舰店","beauty-cream-taobao-1-2","3","negative","细节","部分细节和预期有差距，下单前要看清规格。","近 54 天","基于商品字段生成的拟真模拟评论"
"beauty-cream-taobao-1","beauty-cream","科颜氏高保湿面霜 50ml 天猫 618 活动款","美妆护肤","面霜","天猫 · Kiehl's 科颜氏 品牌天猫官方旗舰店","beauty-cream-taobao-1-3","5","positive","价格","活动价入手比较划算，性价比可以。","近 19 天","基于商品字段生成的拟真模拟评论"
"beauty-cream-taobao-1","beauty-cream","科颜氏高保湿面霜 50ml 天猫 618 活动款","美妆护肤","面霜","天猫 · Kiehl's 科颜氏 品牌天猫官方旗舰店","beauty-cream-taobao-1-4","4","positive","使用感受","质地和页面描述接近，日常使用的肤感比较舒服。","近 35 天","基于商品字段生成的拟真模拟评论"
"beauty-cream-taobao-1","beauty-cream","科颜氏高保湿面霜 50ml 天猫 618 活动款","美妆护肤","面霜","天猫 · Kiehl's 科颜氏 品牌天猫官方旗舰店","beauty-cream-taobao-1-5","5","positive","履约服务","天猫发货信息清楚，预计 2 天送达。","近 80 天","基于商品字段生成的拟真模拟评论"
"beauty-cream-taobao-1","beauty-cream","科颜氏高保湿面霜 50ml 天猫 618 活动款","美妆护肤","面霜","天猫 · Kiehl's 科颜氏 品牌天猫官方旗舰店","beauty-cream-taobao-1-6","3","negative","售后","退换流程需要按平台规则走，不算特别快。","近 53 天","基于商品字段生成的拟真模拟评论"
"beauty-cream-taobao-1","beauty-cream","科颜氏高保湿面霜 50ml 天猫 618 活动款","美妆护肤","面霜","天猫 · Kiehl's 科颜氏 品牌天猫官方旗舰店","beauty-cream-taobao-1-7","5","positive","体验","发货速度快，包装也比较完整。","近 2 天","基于商品字段生成的拟真模拟评论"
"beauty-cream-taobao-1","beauty-cream","科颜氏高保湿面霜 50ml 天猫 618 活动款","美妆护肤","面霜","天猫 · Kiehl's 科颜氏 品牌天猫官方旗舰店","beauty-cream-taobao-1-8","5","positive","价格","券后价格比线下便宜一些。","近 80 天","基于商品字段生成的拟真模拟评论"
"beauty-cream-taobao-1","beauty-cream","科颜氏高保湿面霜 50ml 天猫 618 活动款","美妆护肤","面霜","天猫 · Kiehl's 科颜氏 品牌天猫官方旗舰店","beauty-cream-taobao-1-9","4","positive","使用感受","包装完整，批次和规格信息清楚，使用体验符合预期。","近 16 天","基于商品字段生成的拟真模拟评论"
"beauty-cream-taobao-1","beauty-cream","科颜氏高保湿面霜 50ml 天猫 618 活动款","美妆护肤","面霜","天猫 · Kiehl's 科颜氏 品牌天猫官方旗舰店","beauty-cream-taobao-1-10","5","positive","履约服务","7 天无理由，退货运费险，下单前能比较明确地判断售后成本。","近 23 天","基于商品字段生成的拟真模拟评论"
"beauty-cream-taobao-1","beauty-cream","科颜氏高保湿面霜 50ml 天猫 618 活动款","美妆护肤","面霜","天猫 · Kiehl's 科颜氏 品牌天猫官方旗舰店","beauty-cream-taobao-1-11","5","positive","体验","实物和页面描述基本一致，整体满意。","近 38 天","基于商品字段生成的拟真模拟评论"
"beauty-cream-taobao-1","beauty-cream","科颜氏高保湿面霜 50ml 天猫 618 活动款","美妆护肤","面霜","天猫 · Kiehl's 科颜氏 品牌天猫官方旗舰店","beauty-cream-taobao-1-12","4","positive","价格","活动价入手比较划算，性价比可以。","近 22 天","基于商品字段生成的拟真模拟评论"
"beauty-cream-taobao-1","beauty-cream","科颜氏高保湿面霜 50ml 天猫 618 活动款","美妆护肤","面霜","天猫 · Kiehl's 科颜氏 品牌天猫官方旗舰店","beauty-cream-taobao-1-13","2","negative","个体适配","效果和肤质、色号或使用习惯相关，建议先试用再决定。","近 31 天","基于商品字段生成的拟真模拟评论"
"beauty-cream-taobao-1","beauty-cream","科颜氏高保湿面霜 50ml 天猫 618 活动款","美妆护肤","面霜","天猫 · Kiehl's 科颜氏 品牌天猫官方旗舰店","beauty-cream-taobao-1-14","5","positive","使用感受","质地和页面描述接近，日常使用的肤感比较舒服。","近 16 天","基于商品字段生成的拟真模拟评论"
"beauty-cream-taobao-1","beauty-cream","科颜氏高保湿面霜 50ml 天猫 618 活动款","美妆护肤","面霜","天猫 · Kiehl's 科颜氏 品牌天猫官方旗舰店","beauty-cream-taobao-1-15","5","positive","履约服务","天猫发货信息清楚，预计 2 天送达。","近 10 天","基于商品字段生成的拟真模拟评论"
"beauty-cream-taobao-1","beauty-cream","科颜氏高保湿面霜 50ml 天猫 618 活动款","美妆护肤","面霜","天猫 · Kiehl's 科颜氏 品牌天猫官方旗舰店","beauty-cream-taobao-1-16","5","positive","体验","发货速度快，包装也比较完整。","近 73 天","基于商品字段生成的拟真模拟评论"
"beauty-cream-taobao-1","beauty-cream","科颜氏高保湿面霜 50ml 天猫 618 活动款","美妆护肤","面霜","天猫 · Kiehl's 科颜氏 品牌天猫官方旗舰店","beauty-cream-taobao-1-17","4","positive","价格","券后价格比线下便宜一些。","近 76 天","基于商品字段生成的拟真模拟评论"
"beauty-cream-taobao-1","beauty-cream","科颜氏高保湿面霜 50ml 天猫 618 活动款","美妆护肤","面霜","天猫 · Kiehl's 科颜氏 品牌天猫官方旗舰店","beauty-cream-taobao-1-18","3","negative","售后规则","退换仍需按“7 天无理由，退货运费险”执行，拆封或使用前要先确认条件。","近 73 天","基于商品字段生成的拟真模拟评论"
"beauty-cream-taobao-1","beauty-cream","科颜氏高保湿面霜 50ml 天猫 618 活动款","美妆护肤","面霜","天猫 · Kiehl's 科颜氏 品牌天猫官方旗舰店","beauty-cream-taobao-1-19","4","positive","使用感受","包装完整，批次和规格信息清楚，使用体验符合预期。","近 53 天","基于商品字段生成的拟真模拟评论"
"beauty-cream-taobao-1","beauty-cream","科颜氏高保湿面霜 50ml 天猫 618 活动款","美妆护肤","面霜","天猫 · Kiehl's 科颜氏 品牌天猫官方旗舰店","beauty-cream-taobao-1-20","5","positive","履约服务","7 天无理由，退货运费险，下单前能比较明确地判断售后成本。","近 47 天","基于商品字段生成的拟真模拟评论"
"beauty-cream-taobao-1","beauty-cream","科颜氏高保湿面霜 50ml 天猫 618 活动款","美妆护肤","面霜","天猫 · Kiehl's 科颜氏 品牌天猫官方旗舰店","beauty-cream-taobao-1-21","5","positive","体验","实物和页面描述基本一致，整体满意。","近 22 天","基于商品字段生成的拟真模拟评论"
"beauty-cream-taobao-1","beauty-cream","科颜氏高保湿面霜 50ml 天猫 618 活动款","美妆护肤","面霜","天猫 · Kiehl's 科颜氏 品牌天猫官方旗舰店","beauty-cream-taobao-1-22","5","positive","价格","活动价入手比较划算，性价比可以。","近 17 天","基于商品字段生成的拟真模拟评论"
"beauty-cream-taobao-1","beauty-cream","科颜氏高保湿面霜 50ml 天猫 618 活动款","美妆护肤","面霜","天猫 · Kiehl's 科颜氏 品牌天猫官方旗舰店","beauty-cream-taobao-1-23","5","positive","使用感受","质地和页面描述接近，日常使用的肤感比较舒服。","近 39 天","基于商品字段生成的拟真模拟评论"
"beauty-cream-taobao-1","beauty-cream","科颜氏高保湿面霜 50ml 天猫 618 活动款","美妆护肤","面霜","天猫 · Kiehl's 科颜氏 品牌天猫官方旗舰店","beauty-cream-taobao-1-24","5","positive","履约服务","天猫发货信息清楚，预计 2 天送达。","近 11 天","基于商品字段生成的拟真模拟评论"
"beauty-cream-kaola-4","beauty-cream","科颜氏高保湿面霜 50ml 考拉海购 618 活动款","美妆护肤","面霜","考拉海购 · Kiehl's 科颜氏 考拉海购自营","beauty-cream-kaola-4-1","5","positive","体验","实物和页面描述基本一致，整体满意。","近 71 天","基于商品字段生成的拟真模拟评论"
"beauty-cream-kaola-4","beauty-cream","科颜氏高保湿面霜 50ml 考拉海购 618 活动款","美妆护肤","面霜","考拉海购 · Kiehl's 科颜氏 考拉海购自营","beauty-cream-kaola-4-2","5","positive","价格","活动价入手比较划算，性价比可以。","近 66 天","基于商品字段生成的拟真模拟评论"
"beauty-cream-kaola-4","beauty-cream","科颜氏高保湿面霜 50ml 考拉海购 618 活动款","美妆护肤","面霜","考拉海购 · Kiehl's 科颜氏 考拉海购自营","beauty-cream-kaola-4-3","5","positive","使用感受","质地和页面描述接近，日常使用的肤感比较舒服。","近 30 天","基于商品字段生成的拟真模拟评论"
"beauty-cream-kaola-4","beauty-cream","科颜氏高保湿面霜 50ml 考拉海购 618 活动款","美妆护肤","面霜","考拉海购 · Kiehl's 科颜氏 考拉海购自营","beauty-cream-kaola-4-4","5","positive","履约服务","考拉海购发货信息清楚，预计 4-7 天送达。","近 50 天","基于商品字段生成的拟真模拟评论"
"beauty-cream-kaola-4","beauty-cream","科颜氏高保湿面霜 50ml 考拉海购 618 活动款","美妆护肤","面霜","考拉海购 · Kiehl's 科颜氏 考拉海购自营","beauty-cream-kaola-4-5","4","positive","体验","发货速度快，包装也比较完整。","近 30 天","基于商品字段生成的拟真模拟评论"
"beauty-cream-kaola-4","beauty-cream","科颜氏高保湿面霜 50ml 考拉海购 618 活动款","美妆护肤","面霜","考拉海购 · Kiehl's 科颜氏 考拉海购自营","beauty-cream-kaola-4-6","5","positive","价格","券后价格比线下便宜一些。","近 43 天","基于商品字段生成的拟真模拟评论"
"beauty-cream-kaola-4","beauty-cream","科颜氏高保湿面霜 50ml 考拉海购 618 活动款","美妆护肤","面霜","考拉海购 · Kiehl's 科颜氏 考拉海购自营","beauty-cream-kaola-4-7","5","positive","使用感受","包装完整，批次和规格信息清楚，使用体验符合预期。","近 45 天","基于商品字段生成的拟真模拟评论"
"beauty-cream-kaola-4","beauty-cream","科颜氏高保湿面霜 50ml 考拉海购 618 活动款","美妆护肤","面霜","考拉海购 · Kiehl's 科颜氏 考拉海购自营","beauty-cream-kaola-4-8","5","positive","履约服务","跨境商品未拆封支持退货，下单前能比较明确地判断售后成本。","近 54 天","基于商品字段生成的拟真模拟评论"
"beauty-cream-kaola-4","beauty-cream","科颜氏高保湿面霜 50ml 考拉海购 618 活动款","美妆护肤","面霜","考拉海购 · Kiehl's 科颜氏 考拉海购自营","beauty-cream-kaola-4-9","3","negative","细节","部分细节和预期有差距，下单前要看清规格。","近 21 天","基于商品字段生成的拟真模拟评论"
"beauty-cream-kaola-4","beauty-cream","科颜氏高保湿面霜 50ml 考拉海购 618 活动款","美妆护肤","面霜","考拉海购 · Kiehl's 科颜氏 考拉海购自营","beauty-cream-kaola-4-10","4","positive","体验","实物和页面描述基本一致，整体满意。","近 50 天","基于商品字段生成的拟真模拟评论"
"beauty-cream-kaola-4","beauty-cream","科颜氏高保湿面霜 50ml 考拉海购 618 活动款","美妆护肤","面霜","考拉海购 · Kiehl's 科颜氏 考拉海购自营","beauty-cream-kaola-4-11","4","positive","价格","活动价入手比较划算，性价比可以。","近 46 天","基于商品字段生成的拟真模拟评论"
"beauty-cream-kaola-4","beauty-cream","科颜氏高保湿面霜 50ml 考拉海购 618 活动款","美妆护肤","面霜","考拉海购 · Kiehl's 科颜氏 考拉海购自营","beauty-cream-kaola-4-12","5","positive","使用感受","质地和页面描述接近，日常使用的肤感比较舒服。","近 76 天","基于商品字段生成的拟真模拟评论"
"beauty-cream-kaola-4","beauty-cream","科颜氏高保湿面霜 50ml 考拉海购 618 活动款","美妆护肤","面霜","考拉海购 · Kiehl's 科颜氏 考拉海购自营","beauty-cream-kaola-4-13","5","positive","履约服务","考拉海购发货信息清楚，预计 4-7 天送达。","近 36 天","基于商品字段生成的拟真模拟评论"
"beauty-cream-kaola-4","beauty-cream","科颜氏高保湿面霜 50ml 考拉海购 618 活动款","美妆护肤","面霜","考拉海购 · Kiehl's 科颜氏 考拉海购自营","beauty-cream-kaola-4-14","3","negative","售后","退换流程需要按平台规则走，不算特别快。","近 87 天","基于商品字段生成的拟真模拟评论"
"beauty-cream-kaola-4","beauty-cream","科颜氏高保湿面霜 50ml 考拉海购 618 活动款","美妆护肤","面霜","考拉海购 · Kiehl's 科颜氏 考拉海购自营","beauty-cream-kaola-4-15","4","positive","体验","发货速度快，包装也比较完整。","近 68 天","基于商品字段生成的拟真模拟评论"
"beauty-cream-kaola-4","beauty-cream","科颜氏高保湿面霜 50ml 考拉海购 618 活动款","美妆护肤","面霜","考拉海购 · Kiehl's 科颜氏 考拉海购自营","beauty-cream-kaola-4-16","3","negative","个体适配","效果和肤质、色号或使用习惯相关，建议先试用再决定。","近 86 天","基于商品字段生成的拟真模拟评论"
"beauty-cream-kaola-4","beauty-cream","科颜氏高保湿面霜 50ml 考拉海购 618 活动款","美妆护肤","面霜","考拉海购 · Kiehl's 科颜氏 考拉海购自营","beauty-cream-kaola-4-17","5","positive","价格","券后价格比线下便宜一些。","近 3 天","基于商品字段生成的拟真模拟评论"
"beauty-cream-kaola-4","beauty-cream","科颜氏高保湿面霜 50ml 考拉海购 618 活动款","美妆护肤","面霜","考拉海购 · Kiehl's 科颜氏 考拉海购自营","beauty-cream-kaola-4-18","3","negative","售后规则","退换仍需按“跨境商品未拆封支持退货”执行，拆封或使用前要先确认条件。","近 3 天","基于商品字段生成的拟真模拟评论"
"beauty-cream-kaola-4","beauty-cream","科颜氏高保湿面霜 50ml 考拉海购 618 活动款","美妆护肤","面霜","考拉海购 · Kiehl's 科颜氏 考拉海购自营","beauty-cream-kaola-4-19","5","positive","使用感受","包装完整，批次和规格信息清楚，使用体验符合预期。","近 60 天","基于商品字段生成的拟真模拟评论"
"beauty-cream-kaola-4","beauty-cream","科颜氏高保湿面霜 50ml 考拉海购 618 活动款","美妆护肤","面霜","考拉海购 · Kiehl's 科颜氏 考拉海购自营","beauty-cream-kaola-4-20","5","positive","履约服务","跨境商品未拆封支持退货，下单前能比较明确地判断售后成本。","近 61 天","基于商品字段生成的拟真模拟评论"
"beauty-cream-kaola-4","beauty-cream","科颜氏高保湿面霜 50ml 考拉海购 618 活动款","美妆护肤","面霜","考拉海购 · Kiehl's 科颜氏 考拉海购自营","beauty-cream-kaola-4-21","5","positive","体验","实物和页面描述基本一致，整体满意。","近 23 天","基于商品字段生成的拟真模拟评论"
"beauty-cream-kaola-4","beauty-cream","科颜氏高保湿面霜 50ml 考拉海购 618 活动款","美妆护肤","面霜","考拉海购 · Kiehl's 科颜氏 考拉海购自营","beauty-cream-kaola-4-22","4","positive","价格","活动价入手比较划算，性价比可以。","近 50 天","基于商品字段生成的拟真模拟评论"
"beauty-cream-kaola-4","beauty-cream","科颜氏高保湿面霜 50ml 考拉海购 618 活动款","美妆护肤","面霜","考拉海购 · Kiehl's 科颜氏 考拉海购自营","beauty-cream-kaola-4-23","5","positive","使用感受","质地和页面描述接近，日常使用的肤感比较舒服。","近 75 天","基于商品字段生成的拟真模拟评论"
"beauty-cream-kaola-4","beauty-cream","科颜氏高保湿面霜 50ml 考拉海购 618 活动款","美妆护肤","面霜","考拉海购 · Kiehl's 科颜氏 考拉海购自营","beauty-cream-kaola-4-24","5","positive","履约服务","考拉海购发货信息清楚，预计 4-7 天送达。","近 30 天","基于商品字段生成的拟真模拟评论"
"beauty-cream-xiaohongshu-3","beauty-cream","科颜氏高保湿面霜 50ml 小红书商城 618 活动款","美妆护肤","面霜","小红书商城 · Kiehl's 科颜氏 小红书精选品牌店","beauty-cream-xiaohongshu-3-1","5","positive","体验","实物和页面描述基本一致，整体满意。","近 10 天","基于商品字段生成的拟真模拟评论"
"beauty-cream-xiaohongshu-3","beauty-cream","科颜氏高保湿面霜 50ml 小红书商城 618 活动款","美妆护肤","面霜","小红书商城 · Kiehl's 科颜氏 小红书精选品牌店","beauty-cream-xiaohongshu-3-2","3","negative","细节","部分细节和预期有差距，下单前要看清规格。","近 82 天","基于商品字段生成的拟真模拟评论"
"beauty-cream-xiaohongshu-3","beauty-cream","科颜氏高保湿面霜 50ml 小红书商城 618 活动款","美妆护肤","面霜","小红书商城 · Kiehl's 科颜氏 小红书精选品牌店","beauty-cream-xiaohongshu-3-3","5","positive","价格","活动价入手比较划算，性价比可以。","近 32 天","基于商品字段生成的拟真模拟评论"
"beauty-cream-xiaohongshu-3","beauty-cream","科颜氏高保湿面霜 50ml 小红书商城 618 活动款","美妆护肤","面霜","小红书商城 · Kiehl's 科颜氏 小红书精选品牌店","beauty-cream-xiaohongshu-3-4","5","positive","使用感受","质地和页面描述接近，日常使用的肤感比较舒服。","近 42 天","基于商品字段生成的拟真模拟评论"
"beauty-cream-xiaohongshu-3","beauty-cream","科颜氏高保湿面霜 50ml 小红书商城 618 活动款","美妆护肤","面霜","小红书商城 · Kiehl's 科颜氏 小红书精选品牌店","beauty-cream-xiaohongshu-3-5","5","positive","履约服务","小红书商城发货信息清楚，预计 3 天送达。","近 63 天","基于商品字段生成的拟真模拟评论"
"beauty-cream-xiaohongshu-3","beauty-cream","科颜氏高保湿面霜 50ml 小红书商城 618 活动款","美妆护肤","面霜","小红书商城 · Kiehl's 科颜氏 小红书精选品牌店","beauty-cream-xiaohongshu-3-6","3","negative","售后","退换流程需要按平台规则走，不算特别快。","近 31 天","基于商品字段生成的拟真模拟评论"
"beauty-cream-xiaohongshu-3","beauty-cream","科颜氏高保湿面霜 50ml 小红书商城 618 活动款","美妆护肤","面霜","小红书商城 · Kiehl's 科颜氏 小红书精选品牌店","beauty-cream-xiaohongshu-3-7","5","positive","体验","发货速度快，包装也比较完整。","近 24 天","基于商品字段生成的拟真模拟评论"
"beauty-cream-xiaohongshu-3","beauty-cream","科颜氏高保湿面霜 50ml 小红书商城 618 活动款","美妆护肤","面霜","小红书商城 · Kiehl's 科颜氏 小红书精选品牌店","beauty-cream-xiaohongshu-3-8","4","positive","价格","券后价格比线下便宜一些。","近 80 天","基于商品字段生成的拟真模拟评论"
"beauty-cream-xiaohongshu-3","beauty-cream","科颜氏高保湿面霜 50ml 小红书商城 618 活动款","美妆护肤","面霜","小红书商城 · Kiehl's 科颜氏 小红书精选品牌店","beauty-cream-xiaohongshu-3-9","5","positive","使用感受","包装完整，批次和规格信息清楚，使用体验符合预期。","近 45 天","基于商品字段生成的拟真模拟评论"
"beauty-cream-xiaohongshu-3","beauty-cream","科颜氏高保湿面霜 50ml 小红书商城 618 活动款","美妆护肤","面霜","小红书商城 · Kiehl's 科颜氏 小红书精选品牌店","beauty-cream-xiaohongshu-3-10","5","positive","履约服务","未拆封支持 7 天退货，下单前能比较明确地判断售后成本。","近 74 天","基于商品字段生成的拟真模拟评论"
"beauty-cream-xiaohongshu-3","beauty-cream","科颜氏高保湿面霜 50ml 小红书商城 618 活动款","美妆护肤","面霜","小红书商城 · Kiehl's 科颜氏 小红书精选品牌店","beauty-cream-xiaohongshu-3-11","4","positive","体验","实物和页面描述基本一致，整体满意。","近 42 天","基于商品字段生成的拟真模拟评论"
"beauty-cream-xiaohongshu-3","beauty-cream","科颜氏高保湿面霜 50ml 小红书商城 618 活动款","美妆护肤","面霜","小红书商城 · Kiehl's 科颜氏 小红书精选品牌店","beauty-cream-xiaohongshu-3-12","2","negative","个体适配","效果和肤质、色号或使用习惯相关，建议先试用再决定。","近 41 天","基于商品字段生成的拟真模拟评论"
"beauty-cream-xiaohongshu-3","beauty-cream","科颜氏高保湿面霜 50ml 小红书商城 618 活动款","美妆护肤","面霜","小红书商城 · Kiehl's 科颜氏 小红书精选品牌店","beauty-cream-xiaohongshu-3-13","3","negative","售后规则","退换仍需按“未拆封支持 7 天退货”执行，拆封或使用前要先确认条件。","近 70 天","基于商品字段生成的拟真模拟评论"
"beauty-cream-xiaohongshu-3","beauty-cream","科颜氏高保湿面霜 50ml 小红书商城 618 活动款","美妆护肤","面霜","小红书商城 · Kiehl's 科颜氏 小红书精选品牌店","beauty-cream-xiaohongshu-3-14","3","negative","细节","客服解释比较慢，急用要提前确认。","近 7 天","基于商品字段生成的拟真模拟评论"
"beauty-cream-xiaohongshu-3","beauty-cream","科颜氏高保湿面霜 50ml 小红书商城 618 活动款","美妆护肤","面霜","小红书商城 · Kiehl's 科颜氏 小红书精选品牌店","beauty-cream-xiaohongshu-3-15","5","positive","价格","活动价入手比较划算，性价比可以。","近 12 天","基于商品字段生成的拟真模拟评论"
"beauty-cream-xiaohongshu-3","beauty-cream","科颜氏高保湿面霜 50ml 小红书商城 618 活动款","美妆护肤","面霜","小红书商城 · Kiehl's 科颜氏 小红书精选品牌店","beauty-cream-xiaohongshu-3-16","5","positive","使用感受","质地和页面描述接近，日常使用的肤感比较舒服。","近 24 天","基于商品字段生成的拟真模拟评论"
"beauty-cream-xiaohongshu-3","beauty-cream","科颜氏高保湿面霜 50ml 小红书商城 618 活动款","美妆护肤","面霜","小红书商城 · Kiehl's 科颜氏 小红书精选品牌店","beauty-cream-xiaohongshu-3-17","4","positive","履约服务","小红书商城发货信息清楚，预计 3 天送达。","近 9 天","基于商品字段生成的拟真模拟评论"
"beauty-cream-xiaohongshu-3","beauty-cream","科颜氏高保湿面霜 50ml 小红书商城 618 活动款","美妆护肤","面霜","小红书商城 · Kiehl's 科颜氏 小红书精选品牌店","beauty-cream-xiaohongshu-3-18","3","negative","售后","赠品和主商品分开发货，等待时间更久。","近 20 天","基于商品字段生成的拟真模拟评论"
"beauty-cream-xiaohongshu-3","beauty-cream","科颜氏高保湿面霜 50ml 小红书商城 618 活动款","美妆护肤","面霜","小红书商城 · Kiehl's 科颜氏 小红书精选品牌店","beauty-cream-xiaohongshu-3-19","2","negative","个体适配","香味、色号和肤感主观差异较大，不一定适合所有人。","近 6 天","基于商品字段生成的拟真模拟评论"
"beauty-cream-xiaohongshu-3","beauty-cream","科颜氏高保湿面霜 50ml 小红书商城 618 活动款","美妆护肤","面霜","小红书商城 · Kiehl's 科颜氏 小红书精选品牌店","beauty-cream-xiaohongshu-3-20","4","positive","体验","发货速度快，包装也比较完整。","近 27 天","基于商品字段生成的拟真模拟评论"
"beauty-cream-xiaohongshu-3","beauty-cream","科颜氏高保湿面霜 50ml 小红书商城 618 活动款","美妆护肤","面霜","小红书商城 · Kiehl's 科颜氏 小红书精选品牌店","beauty-cream-xiaohongshu-3-21","5","positive","价格","券后价格比线下便宜一些。","近 23 天","基于商品字段生成的拟真模拟评论"
"beauty-cream-xiaohongshu-3","beauty-cream","科颜氏高保湿面霜 50ml 小红书商城 618 活动款","美妆护肤","面霜","小红书商城 · Kiehl's 科颜氏 小红书精选品牌店","beauty-cream-xiaohongshu-3-22","5","positive","使用感受","包装完整，批次和规格信息清楚，使用体验符合预期。","近 73 天","基于商品字段生成的拟真模拟评论"
"beauty-cream-xiaohongshu-3","beauty-cream","科颜氏高保湿面霜 50ml 小红书商城 618 活动款","美妆护肤","面霜","小红书商城 · Kiehl's 科颜氏 小红书精选品牌店","beauty-cream-xiaohongshu-3-23","5","positive","履约服务","未拆封支持 7 天退货，下单前能比较明确地判断售后成本。","近 85 天","基于商品字段生成的拟真模拟评论"
"beauty-cream-xiaohongshu-3","beauty-cream","科颜氏高保湿面霜 50ml 小红书商城 618 活动款","美妆护肤","面霜","小红书商城 · Kiehl's 科颜氏 小红书精选品牌店","beauty-cream-xiaohongshu-3-24","5","positive","体验","实物和页面描述基本一致，整体满意。","近 59 天","基于商品字段生成的拟真模拟评论"
"beauty-cream-jd-2","beauty-cream","科颜氏高保湿面霜 50ml 京东 618 活动款","美妆护肤","面霜","京东 · Kiehl's 科颜氏 京东自营旗舰店","beauty-cream-jd-2-1","5","positive","体验","实物和页面描述基本一致，整体满意。","近 36 天","基于商品字段生成的拟真模拟评论"
"beauty-cream-jd-2","beauty-cream","科颜氏高保湿面霜 50ml 京东 618 活动款","美妆护肤","面霜","京东 · Kiehl's 科颜氏 京东自营旗舰店","beauty-cream-jd-2-2","5","positive","价格","活动价入手比较划算，性价比可以。","近 35 天","基于商品字段生成的拟真模拟评论"
"beauty-cream-jd-2","beauty-cream","科颜氏高保湿面霜 50ml 京东 618 活动款","美妆护肤","面霜","京东 · Kiehl's 科颜氏 京东自营旗舰店","beauty-cream-jd-2-3","2","negative","细节","部分细节和预期有差距，下单前要看清规格。","近 25 天","基于商品字段生成的拟真模拟评论"
"beauty-cream-jd-2","beauty-cream","科颜氏高保湿面霜 50ml 京东 618 活动款","美妆护肤","面霜","京东 · Kiehl's 科颜氏 京东自营旗舰店","beauty-cream-jd-2-4","5","positive","使用感受","质地和页面描述接近，日常使用的肤感比较舒服。","近 17 天","基于商品字段生成的拟真模拟评论"
"beauty-cream-jd-2","beauty-cream","科颜氏高保湿面霜 50ml 京东 618 活动款","美妆护肤","面霜","京东 · Kiehl's 科颜氏 京东自营旗舰店","beauty-cream-jd-2-5","5","positive","履约服务","京东发货信息清楚，次日送达。","近 20 天","基于商品字段生成的拟真模拟评论"
"beauty-cream-jd-2","beauty-cream","科颜氏高保湿面霜 50ml 京东 618 活动款","美妆护肤","面霜","京东 · Kiehl's 科颜氏 京东自营旗舰店","beauty-cream-jd-2-6","5","positive","体验","发货速度快，包装也比较完整。","近 49 天","基于商品字段生成的拟真模拟评论"
"beauty-cream-jd-2","beauty-cream","科颜氏高保湿面霜 50ml 京东 618 活动款","美妆护肤","面霜","京东 · Kiehl's 科颜氏 京东自营旗舰店","beauty-cream-jd-2-7","5","positive","价格","券后价格比线下便宜一些。","近 47 天","基于商品字段生成的拟真模拟评论"
"beauty-cream-jd-2","beauty-cream","科颜氏高保湿面霜 50ml 京东 618 活动款","美妆护肤","面霜","京东 · Kiehl's 科颜氏 京东自营旗舰店","beauty-cream-jd-2-8","5","positive","使用感受","包装完整，批次和规格信息清楚，使用体验符合预期。","近 25 天","基于商品字段生成的拟真模拟评论"
"beauty-cream-jd-2","beauty-cream","科颜氏高保湿面霜 50ml 京东 618 活动款","美妆护肤","面霜","京东 · Kiehl's 科颜氏 京东自营旗舰店","beauty-cream-jd-2-9","5","positive","履约服务","7 天无理由，支持上门取件，下单前能比较明确地判断售后成本。","近 59 天","基于商品字段生成的拟真模拟评论"
"beauty-cream-jd-2","beauty-cream","科颜氏高保湿面霜 50ml 京东 618 活动款","美妆护肤","面霜","京东 · Kiehl's 科颜氏 京东自营旗舰店","beauty-cream-jd-2-10","5","positive","体验","实物和页面描述基本一致，整体满意。","近 77 天","基于商品字段生成的拟真模拟评论"
"beauty-cream-jd-2","beauty-cream","科颜氏高保湿面霜 50ml 京东 618 活动款","美妆护肤","面霜","京东 · Kiehl's 科颜氏 京东自营旗舰店","beauty-cream-jd-2-11","4","positive","价格","活动价入手比较划算，性价比可以。","近 33 天","基于商品字段生成的拟真模拟评论"
"beauty-cream-jd-2","beauty-cream","科颜氏高保湿面霜 50ml 京东 618 活动款","美妆护肤","面霜","京东 · Kiehl's 科颜氏 京东自营旗舰店","beauty-cream-jd-2-12","5","positive","使用感受","质地和页面描述接近，日常使用的肤感比较舒服。","近 84 天","基于商品字段生成的拟真模拟评论"
"beauty-cream-jd-2","beauty-cream","科颜氏高保湿面霜 50ml 京东 618 活动款","美妆护肤","面霜","京东 · Kiehl's 科颜氏 京东自营旗舰店","beauty-cream-jd-2-13","5","positive","履约服务","京东发货信息清楚，次日送达。","近 4 天","基于商品字段生成的拟真模拟评论"
"beauty-cream-jd-2","beauty-cream","科颜氏高保湿面霜 50ml 京东 618 活动款","美妆护肤","面霜","京东 · Kiehl's 科颜氏 京东自营旗舰店","beauty-cream-jd-2-14","5","positive","体验","发货速度快，包装也比较完整。","近 52 天","基于商品字段生成的拟真模拟评论"
"beauty-cream-jd-2","beauty-cream","科颜氏高保湿面霜 50ml 京东 618 活动款","美妆护肤","面霜","京东 · Kiehl's 科颜氏 京东自营旗舰店","beauty-cream-jd-2-15","5","positive","价格","券后价格比线下便宜一些。","近 56 天","基于商品字段生成的拟真模拟评论"
"beauty-cream-jd-2","beauty-cream","科颜氏高保湿面霜 50ml 京东 618 活动款","美妆护肤","面霜","京东 · Kiehl's 科颜氏 京东自营旗舰店","beauty-cream-jd-2-16","5","positive","使用感受","包装完整，批次和规格信息清楚，使用体验符合预期。","近 59 天","基于商品字段生成的拟真模拟评论"
"beauty-cream-jd-2","beauty-cream","科颜氏高保湿面霜 50ml 京东 618 活动款","美妆护肤","面霜","京东 · Kiehl's 科颜氏 京东自营旗舰店","beauty-cream-jd-2-17","3","negative","售后","退换流程需要按平台规则走，不算特别快。","近 42 天","基于商品字段生成的拟真模拟评论"
"beauty-cream-jd-2","beauty-cream","科颜氏高保湿面霜 50ml 京东 618 活动款","美妆护肤","面霜","京东 · Kiehl's 科颜氏 京东自营旗舰店","beauty-cream-jd-2-18","5","positive","履约服务","7 天无理由，支持上门取件，下单前能比较明确地判断售后成本。","近 38 天","基于商品字段生成的拟真模拟评论"
"beauty-cream-jd-2","beauty-cream","科颜氏高保湿面霜 50ml 京东 618 活动款","美妆护肤","面霜","京东 · Kiehl's 科颜氏 京东自营旗舰店","beauty-cream-jd-2-19","5","positive","体验","实物和页面描述基本一致，整体满意。","近 58 天","基于商品字段生成的拟真模拟评论"
"beauty-cream-jd-2","beauty-cream","科颜氏高保湿面霜 50ml 京东 618 活动款","美妆护肤","面霜","京东 · Kiehl's 科颜氏 京东自营旗舰店","beauty-cream-jd-2-20","4","positive","价格","活动价入手比较划算，性价比可以。","近 87 天","基于商品字段生成的拟真模拟评论"
"beauty-cream-jd-2","beauty-cream","科颜氏高保湿面霜 50ml 京东 618 活动款","美妆护肤","面霜","京东 · Kiehl's 科颜氏 京东自营旗舰店","beauty-cream-jd-2-21","4","positive","使用感受","质地和页面描述接近，日常使用的肤感比较舒服。","近 68 天","基于商品字段生成的拟真模拟评论"
"beauty-cream-jd-2","beauty-cream","科颜氏高保湿面霜 50ml 京东 618 活动款","美妆护肤","面霜","京东 · Kiehl's 科颜氏 京东自营旗舰店","beauty-cream-jd-2-22","3","negative","个体适配","效果和肤质、色号或使用习惯相关，建议先试用再决定。","近 9 天","基于商品字段生成的拟真模拟评论"
"beauty-cream-jd-2","beauty-cream","科颜氏高保湿面霜 50ml 京东 618 活动款","美妆护肤","面霜","京东 · Kiehl's 科颜氏 京东自营旗舰店","beauty-cream-jd-2-23","5","positive","履约服务","京东发货信息清楚，次日送达。","近 29 天","基于商品字段生成的拟真模拟评论"
"beauty-cream-jd-2","beauty-cream","科颜氏高保湿面霜 50ml 京东 618 活动款","美妆护肤","面霜","京东 · Kiehl's 科颜氏 京东自营旗舰店","beauty-cream-jd-2-24","3","negative","售后规则","退换仍需按“7 天无理由，支持上门取件”执行，拆封或使用前要先确认条件。","近 2 天","基于商品字段生成的拟真模拟评论"
"beauty-cream-brand-5","beauty-cream","科颜氏高保湿面霜 50ml 品牌官网 618 活动款","美妆护肤","面霜","品牌官网 · Kiehl's 科颜氏 品牌官方网站","beauty-cream-brand-5-1","5","positive","体验","实物和页面描述基本一致，整体满意。","近 55 天","基于商品字段生成的拟真模拟评论"
"beauty-cream-brand-5","beauty-cream","科颜氏高保湿面霜 50ml 品牌官网 618 活动款","美妆护肤","面霜","品牌官网 · Kiehl's 科颜氏 品牌官方网站","beauty-cream-brand-5-2","5","positive","价格","活动价入手比较划算，性价比可以。","近 21 天","基于商品字段生成的拟真模拟评论"
"beauty-cream-brand-5","beauty-cream","科颜氏高保湿面霜 50ml 品牌官网 618 活动款","美妆护肤","面霜","品牌官网 · Kiehl's 科颜氏 品牌官方网站","beauty-cream-brand-5-3","5","positive","使用感受","质地和页面描述接近，日常使用的肤感比较舒服。","近 28 天","基于商品字段生成的拟真模拟评论"
"beauty-cream-brand-5","beauty-cream","科颜氏高保湿面霜 50ml 品牌官网 618 活动款","美妆护肤","面霜","品牌官网 · Kiehl's 科颜氏 品牌官方网站","beauty-cream-brand-5-4","5","positive","履约服务","品牌官网发货信息清楚，预计 2-3 天送达。","近 69 天","基于商品字段生成的拟真模拟评论"
"beauty-cream-brand-5","beauty-cream","科颜氏高保湿面霜 50ml 品牌官网 618 活动款","美妆护肤","面霜","品牌官网 · Kiehl's 科颜氏 品牌官方网站","beauty-cream-brand-5-5","5","positive","体验","发货速度快，包装也比较完整。","近 38 天","基于商品字段生成的拟真模拟评论"
"beauty-cream-brand-5","beauty-cream","科颜氏高保湿面霜 50ml 品牌官网 618 活动款","美妆护肤","面霜","品牌官网 · Kiehl's 科颜氏 品牌官方网站","beauty-cream-brand-5-6","5","positive","价格","券后价格比线下便宜一些。","近 79 天","基于商品字段生成的拟真模拟评论"
"beauty-cream-brand-5","beauty-cream","科颜氏高保湿面霜 50ml 品牌官网 618 活动款","美妆护肤","面霜","品牌官网 · Kiehl's 科颜氏 品牌官方网站","beauty-cream-brand-5-7","4","positive","使用感受","包装完整，批次和规格信息清楚，使用体验符合预期。","近 54 天","基于商品字段生成的拟真模拟评论"
"beauty-cream-brand-5","beauty-cream","科颜氏高保湿面霜 50ml 品牌官网 618 活动款","美妆护肤","面霜","品牌官网 · Kiehl's 科颜氏 品牌官方网站","beauty-cream-brand-5-8","5","positive","履约服务","官方 7 天退换政策，下单前能比较明确地判断售后成本。","近 24 天","基于商品字段生成的拟真模拟评论"
"beauty-cream-brand-5","beauty-cream","科颜氏高保湿面霜 50ml 品牌官网 618 活动款","美妆护肤","面霜","品牌官网 · Kiehl's 科颜氏 品牌官方网站","beauty-cream-brand-5-9","2","negative","细节","部分细节和预期有差距，下单前要看清规格。","近 30 天","基于商品字段生成的拟真模拟评论"
"beauty-cream-brand-5","beauty-cream","科颜氏高保湿面霜 50ml 品牌官网 618 活动款","美妆护肤","面霜","品牌官网 · Kiehl's 科颜氏 品牌官方网站","beauty-cream-brand-5-10","5","positive","体验","实物和页面描述基本一致，整体满意。","近 36 天","基于商品字段生成的拟真模拟评论"
"beauty-cream-brand-5","beauty-cream","科颜氏高保湿面霜 50ml 品牌官网 618 活动款","美妆护肤","面霜","品牌官网 · Kiehl's 科颜氏 品牌官方网站","beauty-cream-brand-5-11","5","positive","价格","活动价入手比较划算，性价比可以。","近 2 天","基于商品字段生成的拟真模拟评论"
"beauty-cream-brand-5","beauty-cream","科颜氏高保湿面霜 50ml 品牌官网 618 活动款","美妆护肤","面霜","品牌官网 · Kiehl's 科颜氏 品牌官方网站","beauty-cream-brand-5-12","5","positive","使用感受","质地和页面描述接近，日常使用的肤感比较舒服。","近 70 天","基于商品字段生成的拟真模拟评论"
"beauty-cream-brand-5","beauty-cream","科颜氏高保湿面霜 50ml 品牌官网 618 活动款","美妆护肤","面霜","品牌官网 · Kiehl's 科颜氏 品牌官方网站","beauty-cream-brand-5-13","5","positive","履约服务","品牌官网发货信息清楚，预计 2-3 天送达。","近 69 天","基于商品字段生成的拟真模拟评论"
"beauty-cream-brand-5","beauty-cream","科颜氏高保湿面霜 50ml 品牌官网 618 活动款","美妆护肤","面霜","品牌官网 · Kiehl's 科颜氏 品牌官方网站","beauty-cream-brand-5-14","5","positive","体验","发货速度快，包装也比较完整。","近 56 天","基于商品字段生成的拟真模拟评论"
"beauty-cream-brand-5","beauty-cream","科颜氏高保湿面霜 50ml 品牌官网 618 活动款","美妆护肤","面霜","品牌官网 · Kiehl's 科颜氏 品牌官方网站","beauty-cream-brand-5-15","4","positive","价格","券后价格比线下便宜一些。","近 24 天","基于商品字段生成的拟真模拟评论"
"beauty-cream-brand-5","beauty-cream","科颜氏高保湿面霜 50ml 品牌官网 618 活动款","美妆护肤","面霜","品牌官网 · Kiehl's 科颜氏 品牌官方网站","beauty-cream-brand-5-16","4","positive","使用感受","包装完整，批次和规格信息清楚，使用体验符合预期。","近 32 天","基于商品字段生成的拟真模拟评论"
"beauty-cream-brand-5","beauty-cream","科颜氏高保湿面霜 50ml 品牌官网 618 活动款","美妆护肤","面霜","品牌官网 · Kiehl's 科颜氏 品牌官方网站","beauty-cream-brand-5-17","5","positive","履约服务","官方 7 天退换政策，下单前能比较明确地判断售后成本。","近 17 天","基于商品字段生成的拟真模拟评论"
"beauty-cream-brand-5","beauty-cream","科颜氏高保湿面霜 50ml 品牌官网 618 活动款","美妆护肤","面霜","品牌官网 · Kiehl's 科颜氏 品牌官方网站","beauty-cream-brand-5-18","4","positive","体验","实物和页面描述基本一致，整体满意。","近 17 天","基于商品字段生成的拟真模拟评论"
"beauty-cream-brand-5","beauty-cream","科颜氏高保湿面霜 50ml 品牌官网 618 活动款","美妆护肤","面霜","品牌官网 · Kiehl's 科颜氏 品牌官方网站","beauty-cream-brand-5-19","3","negative","售后","退换流程需要按平台规则走，不算特别快。","近 68 天","基于商品字段生成的拟真模拟评论"
"beauty-cream-brand-5","beauty-cream","科颜氏高保湿面霜 50ml 品牌官网 618 活动款","美妆护肤","面霜","品牌官网 · Kiehl's 科颜氏 品牌官方网站","beauty-cream-brand-5-20","5","positive","价格","活动价入手比较划算，性价比可以。","近 37 天","基于商品字段生成的拟真模拟评论"
"beauty-cream-brand-5","beauty-cream","科颜氏高保湿面霜 50ml 品牌官网 618 活动款","美妆护肤","面霜","品牌官网 · Kiehl's 科颜氏 品牌官方网站","beauty-cream-brand-5-21","3","negative","个体适配","效果和肤质、色号或使用习惯相关，建议先试用再决定。","近 59 天","基于商品字段生成的拟真模拟评论"
"beauty-cream-brand-5","beauty-cream","科颜氏高保湿面霜 50ml 品牌官网 618 活动款","美妆护肤","面霜","品牌官网 · Kiehl's 科颜氏 品牌官方网站","beauty-cream-brand-5-22","5","positive","使用感受","质地和页面描述接近，日常使用的肤感比较舒服。","近 54 天","基于商品字段生成的拟真模拟评论"
"beauty-cream-brand-5","beauty-cream","科颜氏高保湿面霜 50ml 品牌官网 618 活动款","美妆护肤","面霜","品牌官网 · Kiehl's 科颜氏 品牌官方网站","beauty-cream-brand-5-23","5","positive","履约服务","品牌官网发货信息清楚，预计 2-3 天送达。","近 44 天","基于商品字段生成的拟真模拟评论"
"beauty-cream-brand-5","beauty-cream","科颜氏高保湿面霜 50ml 品牌官网 618 活动款","美妆护肤","面霜","品牌官网 · Kiehl's 科颜氏 品牌官方网站","beauty-cream-brand-5-24","2","negative","售后规则","退换仍需按“官方 7 天退换政策”执行，拆封或使用前要先确认条件。","近 46 天","基于商品字段生成的拟真模拟评论"
"beauty-sunscreen-taobao-1","beauty-sunscreen","安热沙小金瓶防晒乳 60ml 天猫 618 活动款","美妆护肤","防晒霜","天猫 · ANESSA 安热沙 品牌天猫官方旗舰店","beauty-sunscreen-taobao-1-1","5","positive","体验","实物和页面描述基本一致，整体满意。","近 1 天","基于商品字段生成的拟真模拟评论"
"beauty-sunscreen-taobao-1","beauty-sunscreen","安热沙小金瓶防晒乳 60ml 天猫 618 活动款","美妆护肤","防晒霜","天猫 · ANESSA 安热沙 品牌天猫官方旗舰店","beauty-sunscreen-taobao-1-2","4","positive","价格","活动价入手比较划算，性价比可以。","近 46 天","基于商品字段生成的拟真模拟评论"
"beauty-sunscreen-taobao-1","beauty-sunscreen","安热沙小金瓶防晒乳 60ml 天猫 618 活动款","美妆护肤","防晒霜","天猫 · ANESSA 安热沙 品牌天猫官方旗舰店","beauty-sunscreen-taobao-1-3","5","positive","使用感受","质地和页面描述接近，日常使用的肤感比较舒服。","近 82 天","基于商品字段生成的拟真模拟评论"
"beauty-sunscreen-taobao-1","beauty-sunscreen","安热沙小金瓶防晒乳 60ml 天猫 618 活动款","美妆护肤","防晒霜","天猫 · ANESSA 安热沙 品牌天猫官方旗舰店","beauty-sunscreen-taobao-1-4","5","positive","履约服务","天猫发货信息清楚，预计 2 天送达。","近 85 天","基于商品字段生成的拟真模拟评论"
"beauty-sunscreen-taobao-1","beauty-sunscreen","安热沙小金瓶防晒乳 60ml 天猫 618 活动款","美妆护肤","防晒霜","天猫 · ANESSA 安热沙 品牌天猫官方旗舰店","beauty-sunscreen-taobao-1-5","3","negative","细节","部分细节和预期有差距，下单前要看清规格。","近 80 天","基于商品字段生成的拟真模拟评论"
"beauty-sunscreen-taobao-1","beauty-sunscreen","安热沙小金瓶防晒乳 60ml 天猫 618 活动款","美妆护肤","防晒霜","天猫 · ANESSA 安热沙 品牌天猫官方旗舰店","beauty-sunscreen-taobao-1-6","5","positive","体验","发货速度快，包装也比较完整。","近 10 天","基于商品字段生成的拟真模拟评论"
"beauty-sunscreen-taobao-1","beauty-sunscreen","安热沙小金瓶防晒乳 60ml 天猫 618 活动款","美妆护肤","防晒霜","天猫 · ANESSA 安热沙 品牌天猫官方旗舰店","beauty-sunscreen-taobao-1-7","5","positive","价格","券后价格比线下便宜一些。","近 46 天","基于商品字段生成的拟真模拟评论"
"beauty-sunscreen-taobao-1","beauty-sunscreen","安热沙小金瓶防晒乳 60ml 天猫 618 活动款","美妆护肤","防晒霜","天猫 · ANESSA 安热沙 品牌天猫官方旗舰店","beauty-sunscreen-taobao-1-8","5","positive","使用感受","包装完整，批次和规格信息清楚，使用体验符合预期。","近 24 天","基于商品字段生成的拟真模拟评论"
"beauty-sunscreen-taobao-1","beauty-sunscreen","安热沙小金瓶防晒乳 60ml 天猫 618 活动款","美妆护肤","防晒霜","天猫 · ANESSA 安热沙 品牌天猫官方旗舰店","beauty-sunscreen-taobao-1-9","4","positive","履约服务","7 天无理由，退货运费险，下单前能比较明确地判断售后成本。","近 2 天","基于商品字段生成的拟真模拟评论"
"beauty-sunscreen-taobao-1","beauty-sunscreen","安热沙小金瓶防晒乳 60ml 天猫 618 活动款","美妆护肤","防晒霜","天猫 · ANESSA 安热沙 品牌天猫官方旗舰店","beauty-sunscreen-taobao-1-10","3","negative","售后","退换流程需要按平台规则走，不算特别快。","近 29 天","基于商品字段生成的拟真模拟评论"
"beauty-sunscreen-taobao-1","beauty-sunscreen","安热沙小金瓶防晒乳 60ml 天猫 618 活动款","美妆护肤","防晒霜","天猫 · ANESSA 安热沙 品牌天猫官方旗舰店","beauty-sunscreen-taobao-1-11","5","positive","体验","实物和页面描述基本一致，整体满意。","近 55 天","基于商品字段生成的拟真模拟评论"
"beauty-sunscreen-taobao-1","beauty-sunscreen","安热沙小金瓶防晒乳 60ml 天猫 618 活动款","美妆护肤","防晒霜","天猫 · ANESSA 安热沙 品牌天猫官方旗舰店","beauty-sunscreen-taobao-1-12","5","positive","价格","活动价入手比较划算，性价比可以。","近 3 天","基于商品字段生成的拟真模拟评论"
"beauty-sunscreen-taobao-1","beauty-sunscreen","安热沙小金瓶防晒乳 60ml 天猫 618 活动款","美妆护肤","防晒霜","天猫 · ANESSA 安热沙 品牌天猫官方旗舰店","beauty-sunscreen-taobao-1-13","5","positive","使用感受","质地和页面描述接近，日常使用的肤感比较舒服。","近 7 天","基于商品字段生成的拟真模拟评论"
"beauty-sunscreen-taobao-1","beauty-sunscreen","安热沙小金瓶防晒乳 60ml 天猫 618 活动款","美妆护肤","防晒霜","天猫 · ANESSA 安热沙 品牌天猫官方旗舰店","beauty-sunscreen-taobao-1-14","4","positive","履约服务","天猫发货信息清楚，预计 2 天送达。","近 30 天","基于商品字段生成的拟真模拟评论"
"beauty-sunscreen-taobao-1","beauty-sunscreen","安热沙小金瓶防晒乳 60ml 天猫 618 活动款","美妆护肤","防晒霜","天猫 · ANESSA 安热沙 品牌天猫官方旗舰店","beauty-sunscreen-taobao-1-15","5","positive","体验","发货速度快，包装也比较完整。","近 44 天","基于商品字段生成的拟真模拟评论"
"beauty-sunscreen-taobao-1","beauty-sunscreen","安热沙小金瓶防晒乳 60ml 天猫 618 活动款","美妆护肤","防晒霜","天猫 · ANESSA 安热沙 品牌天猫官方旗舰店","beauty-sunscreen-taobao-1-16","4","positive","价格","券后价格比线下便宜一些。","近 76 天","基于商品字段生成的拟真模拟评论"
"beauty-sunscreen-taobao-1","beauty-sunscreen","安热沙小金瓶防晒乳 60ml 天猫 618 活动款","美妆护肤","防晒霜","天猫 · ANESSA 安热沙 品牌天猫官方旗舰店","beauty-sunscreen-taobao-1-17","5","positive","使用感受","包装完整，批次和规格信息清楚，使用体验符合预期。","近 84 天","基于商品字段生成的拟真模拟评论"
"beauty-sunscreen-taobao-1","beauty-sunscreen","安热沙小金瓶防晒乳 60ml 天猫 618 活动款","美妆护肤","防晒霜","天猫 · ANESSA 安热沙 品牌天猫官方旗舰店","beauty-sunscreen-taobao-1-18","4","positive","履约服务","7 天无理由，退货运费险，下单前能比较明确地判断售后成本。","近 23 天","基于商品字段生成的拟真模拟评论"
"beauty-sunscreen-taobao-1","beauty-sunscreen","安热沙小金瓶防晒乳 60ml 天猫 618 活动款","美妆护肤","防晒霜","天猫 · ANESSA 安热沙 品牌天猫官方旗舰店","beauty-sunscreen-taobao-1-19","5","positive","体验","实物和页面描述基本一致，整体满意。","近 16 天","基于商品字段生成的拟真模拟评论"
"beauty-sunscreen-taobao-1","beauty-sunscreen","安热沙小金瓶防晒乳 60ml 天猫 618 活动款","美妆护肤","防晒霜","天猫 · ANESSA 安热沙 品牌天猫官方旗舰店","beauty-sunscreen-taobao-1-20","5","positive","价格","活动价入手比较划算，性价比可以。","近 88 天","基于商品字段生成的拟真模拟评论"
"beauty-sunscreen-taobao-1","beauty-sunscreen","安热沙小金瓶防晒乳 60ml 天猫 618 活动款","美妆护肤","防晒霜","天猫 · ANESSA 安热沙 品牌天猫官方旗舰店","beauty-sunscreen-taobao-1-21","2","negative","个体适配","效果和肤质、色号或使用习惯相关，建议先试用再决定。","近 47 天","基于商品字段生成的拟真模拟评论"
"beauty-sunscreen-taobao-1","beauty-sunscreen","安热沙小金瓶防晒乳 60ml 天猫 618 活动款","美妆护肤","防晒霜","天猫 · ANESSA 安热沙 品牌天猫官方旗舰店","beauty-sunscreen-taobao-1-22","3","negative","售后规则","退换仍需按“7 天无理由，退货运费险”执行，拆封或使用前要先确认条件。","近 52 天","基于商品字段生成的拟真模拟评论"
"beauty-sunscreen-taobao-1","beauty-sunscreen","安热沙小金瓶防晒乳 60ml 天猫 618 活动款","美妆护肤","防晒霜","天猫 · ANESSA 安热沙 品牌天猫官方旗舰店","beauty-sunscreen-taobao-1-23","5","positive","使用感受","质地和页面描述接近，日常使用的肤感比较舒服。","近 52 天","基于商品字段生成的拟真模拟评论"
"beauty-sunscreen-taobao-1","beauty-sunscreen","安热沙小金瓶防晒乳 60ml 天猫 618 活动款","美妆护肤","防晒霜","天猫 · ANESSA 安热沙 品牌天猫官方旗舰店","beauty-sunscreen-taobao-1-24","5","positive","履约服务","天猫发货信息清楚，预计 2 天送达。","近 5 天","基于商品字段生成的拟真模拟评论"
"beauty-sunscreen-xiaohongshu-3","beauty-sunscreen","安热沙小金瓶防晒乳 60ml 小红书商城 618 活动款","美妆护肤","防晒霜","小红书商城 · ANESSA 安热沙 小红书精选品牌店","beauty-sunscreen-xiaohongshu-3-1","3","negative","细节","部分细节和预期有差距，下单前要看清规格。","近 40 天","基于商品字段生成的拟真模拟评论"
"beauty-sunscreen-xiaohongshu-3","beauty-sunscreen","安热沙小金瓶防晒乳 60ml 小红书商城 618 活动款","美妆护肤","防晒霜","小红书商城 · ANESSA 安热沙 小红书精选品牌店","beauty-sunscreen-xiaohongshu-3-2","4","positive","体验","实物和页面描述基本一致，整体满意。","近 8 天","基于商品字段生成的拟真模拟评论"
"beauty-sunscreen-xiaohongshu-3","beauty-sunscreen","安热沙小金瓶防晒乳 60ml 小红书商城 618 活动款","美妆护肤","防晒霜","小红书商城 · ANESSA 安热沙 小红书精选品牌店","beauty-sunscreen-xiaohongshu-3-3","2","negative","售后","退换流程需要按平台规则走，不算特别快。","近 50 天","基于商品字段生成的拟真模拟评论"
"beauty-sunscreen-xiaohongshu-3","beauty-sunscreen","安热沙小金瓶防晒乳 60ml 小红书商城 618 活动款","美妆护肤","防晒霜","小红书商城 · ANESSA 安热沙 小红书精选品牌店","beauty-sunscreen-xiaohongshu-3-4","5","positive","价格","活动价入手比较划算，性价比可以。","近 55 天","基于商品字段生成的拟真模拟评论"
"beauty-sunscreen-xiaohongshu-3","beauty-sunscreen","安热沙小金瓶防晒乳 60ml 小红书商城 618 活动款","美妆护肤","防晒霜","小红书商城 · ANESSA 安热沙 小红书精选品牌店","beauty-sunscreen-xiaohongshu-3-5","2","negative","个体适配","效果和肤质、色号或使用习惯相关，建议先试用再决定。","近 48 天","基于商品字段生成的拟真模拟评论"
"beauty-sunscreen-xiaohongshu-3","beauty-sunscreen","安热沙小金瓶防晒乳 60ml 小红书商城 618 活动款","美妆护肤","防晒霜","小红书商城 · ANESSA 安热沙 小红书精选品牌店","beauty-sunscreen-xiaohongshu-3-6","5","positive","使用感受","质地和页面描述接近，日常使用的肤感比较舒服。","近 86 天","基于商品字段生成的拟真模拟评论"
"beauty-sunscreen-xiaohongshu-3","beauty-sunscreen","安热沙小金瓶防晒乳 60ml 小红书商城 618 活动款","美妆护肤","防晒霜","小红书商城 · ANESSA 安热沙 小红书精选品牌店","beauty-sunscreen-xiaohongshu-3-7","5","positive","履约服务","小红书商城发货信息清楚，预计 3 天送达。","近 24 天","基于商品字段生成的拟真模拟评论"
"beauty-sunscreen-xiaohongshu-3","beauty-sunscreen","安热沙小金瓶防晒乳 60ml 小红书商城 618 活动款","美妆护肤","防晒霜","小红书商城 · ANESSA 安热沙 小红书精选品牌店","beauty-sunscreen-xiaohongshu-3-8","5","positive","体验","发货速度快，包装也比较完整。","近 30 天","基于商品字段生成的拟真模拟评论"
"beauty-sunscreen-xiaohongshu-3","beauty-sunscreen","安热沙小金瓶防晒乳 60ml 小红书商城 618 活动款","美妆护肤","防晒霜","小红书商城 · ANESSA 安热沙 小红书精选品牌店","beauty-sunscreen-xiaohongshu-3-9","5","positive","价格","券后价格比线下便宜一些。","近 79 天","基于商品字段生成的拟真模拟评论"
"beauty-sunscreen-xiaohongshu-3","beauty-sunscreen","安热沙小金瓶防晒乳 60ml 小红书商城 618 活动款","美妆护肤","防晒霜","小红书商城 · ANESSA 安热沙 小红书精选品牌店","beauty-sunscreen-xiaohongshu-3-10","5","positive","使用感受","包装完整，批次和规格信息清楚，使用体验符合预期。","近 39 天","基于商品字段生成的拟真模拟评论"
"beauty-sunscreen-xiaohongshu-3","beauty-sunscreen","安热沙小金瓶防晒乳 60ml 小红书商城 618 活动款","美妆护肤","防晒霜","小红书商城 · ANESSA 安热沙 小红书精选品牌店","beauty-sunscreen-xiaohongshu-3-11","5","positive","履约服务","未拆封支持 7 天退货，下单前能比较明确地判断售后成本。","近 59 天","基于商品字段生成的拟真模拟评论"
"beauty-sunscreen-xiaohongshu-3","beauty-sunscreen","安热沙小金瓶防晒乳 60ml 小红书商城 618 活动款","美妆护肤","防晒霜","小红书商城 · ANESSA 安热沙 小红书精选品牌店","beauty-sunscreen-xiaohongshu-3-12","4","positive","体验","实物和页面描述基本一致，整体满意。","近 75 天","基于商品字段生成的拟真模拟评论"
"beauty-sunscreen-xiaohongshu-3","beauty-sunscreen","安热沙小金瓶防晒乳 60ml 小红书商城 618 活动款","美妆护肤","防晒霜","小红书商城 · ANESSA 安热沙 小红书精选品牌店","beauty-sunscreen-xiaohongshu-3-13","5","positive","价格","活动价入手比较划算，性价比可以。","近 4 天","基于商品字段生成的拟真模拟评论"
"beauty-sunscreen-xiaohongshu-3","beauty-sunscreen","安热沙小金瓶防晒乳 60ml 小红书商城 618 活动款","美妆护肤","防晒霜","小红书商城 · ANESSA 安热沙 小红书精选品牌店","beauty-sunscreen-xiaohongshu-3-14","3","negative","售后规则","退换仍需按“未拆封支持 7 天退货”执行，拆封或使用前要先确认条件。","近 8 天","基于商品字段生成的拟真模拟评论"
"beauty-sunscreen-xiaohongshu-3","beauty-sunscreen","安热沙小金瓶防晒乳 60ml 小红书商城 618 活动款","美妆护肤","防晒霜","小红书商城 · ANESSA 安热沙 小红书精选品牌店","beauty-sunscreen-xiaohongshu-3-15","5","positive","使用感受","质地和页面描述接近，日常使用的肤感比较舒服。","近 52 天","基于商品字段生成的拟真模拟评论"
"beauty-sunscreen-xiaohongshu-3","beauty-sunscreen","安热沙小金瓶防晒乳 60ml 小红书商城 618 活动款","美妆护肤","防晒霜","小红书商城 · ANESSA 安热沙 小红书精选品牌店","beauty-sunscreen-xiaohongshu-3-16","4","positive","履约服务","小红书商城发货信息清楚，预计 3 天送达。","近 57 天","基于商品字段生成的拟真模拟评论"
"beauty-sunscreen-xiaohongshu-3","beauty-sunscreen","安热沙小金瓶防晒乳 60ml 小红书商城 618 活动款","美妆护肤","防晒霜","小红书商城 · ANESSA 安热沙 小红书精选品牌店","beauty-sunscreen-xiaohongshu-3-17","3","negative","细节","客服解释比较慢，急用要提前确认。","近 81 天","基于商品字段生成的拟真模拟评论"
"beauty-sunscreen-xiaohongshu-3","beauty-sunscreen","安热沙小金瓶防晒乳 60ml 小红书商城 618 活动款","美妆护肤","防晒霜","小红书商城 · ANESSA 安热沙 小红书精选品牌店","beauty-sunscreen-xiaohongshu-3-18","5","positive","体验","发货速度快，包装也比较完整。","近 56 天","基于商品字段生成的拟真模拟评论"
"beauty-sunscreen-xiaohongshu-3","beauty-sunscreen","安热沙小金瓶防晒乳 60ml 小红书商城 618 活动款","美妆护肤","防晒霜","小红书商城 · ANESSA 安热沙 小红书精选品牌店","beauty-sunscreen-xiaohongshu-3-19","5","positive","价格","券后价格比线下便宜一些。","近 53 天","基于商品字段生成的拟真模拟评论"
"beauty-sunscreen-xiaohongshu-3","beauty-sunscreen","安热沙小金瓶防晒乳 60ml 小红书商城 618 活动款","美妆护肤","防晒霜","小红书商城 · ANESSA 安热沙 小红书精选品牌店","beauty-sunscreen-xiaohongshu-3-20","5","positive","使用感受","包装完整，批次和规格信息清楚，使用体验符合预期。","近 52 天","基于商品字段生成的拟真模拟评论"
"beauty-sunscreen-xiaohongshu-3","beauty-sunscreen","安热沙小金瓶防晒乳 60ml 小红书商城 618 活动款","美妆护肤","防晒霜","小红书商城 · ANESSA 安热沙 小红书精选品牌店","beauty-sunscreen-xiaohongshu-3-21","3","negative","售后","赠品和主商品分开发货，等待时间更久。","近 72 天","基于商品字段生成的拟真模拟评论"
"beauty-sunscreen-xiaohongshu-3","beauty-sunscreen","安热沙小金瓶防晒乳 60ml 小红书商城 618 活动款","美妆护肤","防晒霜","小红书商城 · ANESSA 安热沙 小红书精选品牌店","beauty-sunscreen-xiaohongshu-3-22","2","negative","个体适配","香味、色号和肤感主观差异较大，不一定适合所有人。","近 80 天","基于商品字段生成的拟真模拟评论"
"beauty-sunscreen-xiaohongshu-3","beauty-sunscreen","安热沙小金瓶防晒乳 60ml 小红书商城 618 活动款","美妆护肤","防晒霜","小红书商城 · ANESSA 安热沙 小红书精选品牌店","beauty-sunscreen-xiaohongshu-3-23","5","positive","履约服务","未拆封支持 7 天退货，下单前能比较明确地判断售后成本。","近 54 天","基于商品字段生成的拟真模拟评论"
"beauty-sunscreen-xiaohongshu-3","beauty-sunscreen","安热沙小金瓶防晒乳 60ml 小红书商城 618 活动款","美妆护肤","防晒霜","小红书商城 · ANESSA 安热沙 小红书精选品牌店","beauty-sunscreen-xiaohongshu-3-24","5","positive","体验","实物和页面描述基本一致，整体满意。","近 45 天","基于商品字段生成的拟真模拟评论"
"beauty-sunscreen-kaola-4","beauty-sunscreen","安热沙小金瓶防晒乳 60ml 考拉海购 618 活动款","美妆护肤","防晒霜","考拉海购 · ANESSA 安热沙 考拉海购自营","beauty-sunscreen-kaola-4-1","5","positive","体验","实物和页面描述基本一致，整体满意。","近 32 天","基于商品字段生成的拟真模拟评论"
"beauty-sunscreen-kaola-4","beauty-sunscreen","安热沙小金瓶防晒乳 60ml 考拉海购 618 活动款","美妆护肤","防晒霜","考拉海购 · ANESSA 安热沙 考拉海购自营","beauty-sunscreen-kaola-4-2","5","positive","价格","活动价入手比较划算，性价比可以。","近 57 天","基于商品字段生成的拟真模拟评论"
"beauty-sunscreen-kaola-4","beauty-sunscreen","安热沙小金瓶防晒乳 60ml 考拉海购 618 活动款","美妆护肤","防晒霜","考拉海购 · ANESSA 安热沙 考拉海购自营","beauty-sunscreen-kaola-4-3","4","positive","使用感受","质地和页面描述接近，日常使用的肤感比较舒服。","近 53 天","基于商品字段生成的拟真模拟评论"
"beauty-sunscreen-kaola-4","beauty-sunscreen","安热沙小金瓶防晒乳 60ml 考拉海购 618 活动款","美妆护肤","防晒霜","考拉海购 · ANESSA 安热沙 考拉海购自营","beauty-sunscreen-kaola-4-4","5","positive","履约服务","考拉海购发货信息清楚，预计 4-7 天送达。","近 74 天","基于商品字段生成的拟真模拟评论"
"beauty-sunscreen-kaola-4","beauty-sunscreen","安热沙小金瓶防晒乳 60ml 考拉海购 618 活动款","美妆护肤","防晒霜","考拉海购 · ANESSA 安热沙 考拉海购自营","beauty-sunscreen-kaola-4-5","4","positive","体验","发货速度快，包装也比较完整。","近 62 天","基于商品字段生成的拟真模拟评论"
"beauty-sunscreen-kaola-4","beauty-sunscreen","安热沙小金瓶防晒乳 60ml 考拉海购 618 活动款","美妆护肤","防晒霜","考拉海购 · ANESSA 安热沙 考拉海购自营","beauty-sunscreen-kaola-4-6","4","positive","价格","券后价格比线下便宜一些。","近 64 天","基于商品字段生成的拟真模拟评论"
"beauty-sunscreen-kaola-4","beauty-sunscreen","安热沙小金瓶防晒乳 60ml 考拉海购 618 活动款","美妆护肤","防晒霜","考拉海购 · ANESSA 安热沙 考拉海购自营","beauty-sunscreen-kaola-4-7","2","negative","细节","部分细节和预期有差距，下单前要看清规格。","近 36 天","基于商品字段生成的拟真模拟评论"
"beauty-sunscreen-kaola-4","beauty-sunscreen","安热沙小金瓶防晒乳 60ml 考拉海购 618 活动款","美妆护肤","防晒霜","考拉海购 · ANESSA 安热沙 考拉海购自营","beauty-sunscreen-kaola-4-8","5","positive","使用感受","包装完整，批次和规格信息清楚，使用体验符合预期。","近 15 天","基于商品字段生成的拟真模拟评论"
"beauty-sunscreen-kaola-4","beauty-sunscreen","安热沙小金瓶防晒乳 60ml 考拉海购 618 活动款","美妆护肤","防晒霜","考拉海购 · ANESSA 安热沙 考拉海购自营","beauty-sunscreen-kaola-4-9","4","positive","履约服务","跨境商品未拆封支持退货，下单前能比较明确地判断售后成本。","近 59 天","基于商品字段生成的拟真模拟评论"
"beauty-sunscreen-kaola-4","beauty-sunscreen","安热沙小金瓶防晒乳 60ml 考拉海购 618 活动款","美妆护肤","防晒霜","考拉海购 · ANESSA 安热沙 考拉海购自营","beauty-sunscreen-kaola-4-10","5","positive","体验","实物和页面描述基本一致，整体满意。","近 29 天","基于商品字段生成的拟真模拟评论"
"beauty-sunscreen-kaola-4","beauty-sunscreen","安热沙小金瓶防晒乳 60ml 考拉海购 618 活动款","美妆护肤","防晒霜","考拉海购 · ANESSA 安热沙 考拉海购自营","beauty-sunscreen-kaola-4-11","5","positive","价格","活动价入手比较划算，性价比可以。","近 62 天","基于商品字段生成的拟真模拟评论"
"beauty-sunscreen-kaola-4","beauty-sunscreen","安热沙小金瓶防晒乳 60ml 考拉海购 618 活动款","美妆护肤","防晒霜","考拉海购 · ANESSA 安热沙 考拉海购自营","beauty-sunscreen-kaola-4-12","3","negative","售后","退换流程需要按平台规则走，不算特别快。","近 83 天","基于商品字段生成的拟真模拟评论"
"beauty-sunscreen-kaola-4","beauty-sunscreen","安热沙小金瓶防晒乳 60ml 考拉海购 618 活动款","美妆护肤","防晒霜","考拉海购 · ANESSA 安热沙 考拉海购自营","beauty-sunscreen-kaola-4-13","5","positive","使用感受","质地和页面描述接近，日常使用的肤感比较舒服。","近 68 天","基于商品字段生成的拟真模拟评论"
"beauty-sunscreen-kaola-4","beauty-sunscreen","安热沙小金瓶防晒乳 60ml 考拉海购 618 活动款","美妆护肤","防晒霜","考拉海购 · ANESSA 安热沙 考拉海购自营","beauty-sunscreen-kaola-4-14","4","positive","履约服务","考拉海购发货信息清楚，预计 4-7 天送达。","近 16 天","基于商品字段生成的拟真模拟评论"
"beauty-sunscreen-kaola-4","beauty-sunscreen","安热沙小金瓶防晒乳 60ml 考拉海购 618 活动款","美妆护肤","防晒霜","考拉海购 · ANESSA 安热沙 考拉海购自营","beauty-sunscreen-kaola-4-15","5","positive","体验","发货速度快，包装也比较完整。","近 8 天","基于商品字段生成的拟真模拟评论"
"beauty-sunscreen-kaola-4","beauty-sunscreen","安热沙小金瓶防晒乳 60ml 考拉海购 618 活动款","美妆护肤","防晒霜","考拉海购 · ANESSA 安热沙 考拉海购自营","beauty-sunscreen-kaola-4-16","5","positive","价格","券后价格比线下便宜一些。","近 43 天","基于商品字段生成的拟真模拟评论"
"beauty-sunscreen-kaola-4","beauty-sunscreen","安热沙小金瓶防晒乳 60ml 考拉海购 618 活动款","美妆护肤","防晒霜","考拉海购 · ANESSA 安热沙 考拉海购自营","beauty-sunscreen-kaola-4-17","5","positive","使用感受","包装完整，批次和规格信息清楚，使用体验符合预期。","近 86 天","基于商品字段生成的拟真模拟评论"
"beauty-sunscreen-kaola-4","beauty-sunscreen","安热沙小金瓶防晒乳 60ml 考拉海购 618 活动款","美妆护肤","防晒霜","考拉海购 · ANESSA 安热沙 考拉海购自营","beauty-sunscreen-kaola-4-18","5","positive","履约服务","跨境商品未拆封支持退货，下单前能比较明确地判断售后成本。","近 4 天","基于商品字段生成的拟真模拟评论"
"beauty-sunscreen-kaola-4","beauty-sunscreen","安热沙小金瓶防晒乳 60ml 考拉海购 618 活动款","美妆护肤","防晒霜","考拉海购 · ANESSA 安热沙 考拉海购自营","beauty-sunscreen-kaola-4-19","3","negative","个体适配","效果和肤质、色号或使用习惯相关，建议先试用再决定。","近 58 天","基于商品字段生成的拟真模拟评论"
"beauty-sunscreen-kaola-4","beauty-sunscreen","安热沙小金瓶防晒乳 60ml 考拉海购 618 活动款","美妆护肤","防晒霜","考拉海购 · ANESSA 安热沙 考拉海购自营","beauty-sunscreen-kaola-4-20","5","positive","体验","实物和页面描述基本一致，整体满意。","近 48 天","基于商品字段生成的拟真模拟评论"
"beauty-sunscreen-kaola-4","beauty-sunscreen","安热沙小金瓶防晒乳 60ml 考拉海购 618 活动款","美妆护肤","防晒霜","考拉海购 · ANESSA 安热沙 考拉海购自营","beauty-sunscreen-kaola-4-21","5","positive","价格","活动价入手比较划算，性价比可以。","近 5 天","基于商品字段生成的拟真模拟评论"
"beauty-sunscreen-kaola-4","beauty-sunscreen","安热沙小金瓶防晒乳 60ml 考拉海购 618 活动款","美妆护肤","防晒霜","考拉海购 · ANESSA 安热沙 考拉海购自营","beauty-sunscreen-kaola-4-22","2","negative","售后规则","退换仍需按“跨境商品未拆封支持退货”执行，拆封或使用前要先确认条件。","近 78 天","基于商品字段生成的拟真模拟评论"
"beauty-sunscreen-kaola-4","beauty-sunscreen","安热沙小金瓶防晒乳 60ml 考拉海购 618 活动款","美妆护肤","防晒霜","考拉海购 · ANESSA 安热沙 考拉海购自营","beauty-sunscreen-kaola-4-23","5","positive","使用感受","质地和页面描述接近，日常使用的肤感比较舒服。","近 12 天","基于商品字段生成的拟真模拟评论"
"beauty-sunscreen-kaola-4","beauty-sunscreen","安热沙小金瓶防晒乳 60ml 考拉海购 618 活动款","美妆护肤","防晒霜","考拉海购 · ANESSA 安热沙 考拉海购自营","beauty-sunscreen-kaola-4-24","5","positive","履约服务","考拉海购发货信息清楚，预计 4-7 天送达。","近 3 天","基于商品字段生成的拟真模拟评论"
"beauty-sunscreen-brand-5","beauty-sunscreen","安热沙小金瓶防晒乳 60ml 品牌官网 618 活动款","美妆护肤","防晒霜","品牌官网 · ANESSA 安热沙 品牌官方网站","beauty-sunscreen-brand-5-1","5","positive","体验","实物和页面描述基本一致，整体满意。","近 42 天","基于商品字段生成的拟真模拟评论"
"beauty-sunscreen-brand-5","beauty-sunscreen","安热沙小金瓶防晒乳 60ml 品牌官网 618 活动款","美妆护肤","防晒霜","品牌官网 · ANESSA 安热沙 品牌官方网站","beauty-sunscreen-brand-5-2","5","positive","价格","活动价入手比较划算，性价比可以。","近 9 天","基于商品字段生成的拟真模拟评论"
"beauty-sunscreen-brand-5","beauty-sunscreen","安热沙小金瓶防晒乳 60ml 品牌官网 618 活动款","美妆护肤","防晒霜","品牌官网 · ANESSA 安热沙 品牌官方网站","beauty-sunscreen-brand-5-3","4","positive","使用感受","质地和页面描述接近，日常使用的肤感比较舒服。","近 64 天","基于商品字段生成的拟真模拟评论"
"beauty-sunscreen-brand-5","beauty-sunscreen","安热沙小金瓶防晒乳 60ml 品牌官网 618 活动款","美妆护肤","防晒霜","品牌官网 · ANESSA 安热沙 品牌官方网站","beauty-sunscreen-brand-5-4","5","positive","履约服务","品牌官网发货信息清楚，预计 2-3 天送达。","近 35 天","基于商品字段生成的拟真模拟评论"
"beauty-sunscreen-brand-5","beauty-sunscreen","安热沙小金瓶防晒乳 60ml 品牌官网 618 活动款","美妆护肤","防晒霜","品牌官网 · ANESSA 安热沙 品牌官方网站","beauty-sunscreen-brand-5-5","5","positive","体验","发货速度快，包装也比较完整。","近 72 天","基于商品字段生成的拟真模拟评论"
"beauty-sunscreen-brand-5","beauty-sunscreen","安热沙小金瓶防晒乳 60ml 品牌官网 618 活动款","美妆护肤","防晒霜","品牌官网 · ANESSA 安热沙 品牌官方网站","beauty-sunscreen-brand-5-6","5","positive","价格","券后价格比线下便宜一些。","近 77 天","基于商品字段生成的拟真模拟评论"
"beauty-sunscreen-brand-5","beauty-sunscreen","安热沙小金瓶防晒乳 60ml 品牌官网 618 活动款","美妆护肤","防晒霜","品牌官网 · ANESSA 安热沙 品牌官方网站","beauty-sunscreen-brand-5-7","5","positive","使用感受","包装完整，批次和规格信息清楚，使用体验符合预期。","近 55 天","基于商品字段生成的拟真模拟评论"
"beauty-sunscreen-brand-5","beauty-sunscreen","安热沙小金瓶防晒乳 60ml 品牌官网 618 活动款","美妆护肤","防晒霜","品牌官网 · ANESSA 安热沙 品牌官方网站","beauty-sunscreen-brand-5-8","5","positive","履约服务","官方 7 天退换政策，下单前能比较明确地判断售后成本。","近 39 天","基于商品字段生成的拟真模拟评论"
"beauty-sunscreen-brand-5","beauty-sunscreen","安热沙小金瓶防晒乳 60ml 品牌官网 618 活动款","美妆护肤","防晒霜","品牌官网 · ANESSA 安热沙 品牌官方网站","beauty-sunscreen-brand-5-9","5","positive","体验","实物和页面描述基本一致，整体满意。","近 50 天","基于商品字段生成的拟真模拟评论"
"beauty-sunscreen-brand-5","beauty-sunscreen","安热沙小金瓶防晒乳 60ml 品牌官网 618 活动款","美妆护肤","防晒霜","品牌官网 · ANESSA 安热沙 品牌官方网站","beauty-sunscreen-brand-5-10","5","positive","价格","活动价入手比较划算，性价比可以。","近 59 天","基于商品字段生成的拟真模拟评论"
"beauty-sunscreen-brand-5","beauty-sunscreen","安热沙小金瓶防晒乳 60ml 品牌官网 618 活动款","美妆护肤","防晒霜","品牌官网 · ANESSA 安热沙 品牌官方网站","beauty-sunscreen-brand-5-11","3","negative","细节","部分细节和预期有差距，下单前要看清规格。","近 83 天","基于商品字段生成的拟真模拟评论"
"beauty-sunscreen-brand-5","beauty-sunscreen","安热沙小金瓶防晒乳 60ml 品牌官网 618 活动款","美妆护肤","防晒霜","品牌官网 · ANESSA 安热沙 品牌官方网站","beauty-sunscreen-brand-5-12","2","negative","售后","退换流程需要按平台规则走，不算特别快。","近 23 天","基于商品字段生成的拟真模拟评论"
"beauty-sunscreen-brand-5","beauty-sunscreen","安热沙小金瓶防晒乳 60ml 品牌官网 618 活动款","美妆护肤","防晒霜","品牌官网 · ANESSA 安热沙 品牌官方网站","beauty-sunscreen-brand-5-13","5","positive","使用感受","质地和页面描述接近，日常使用的肤感比较舒服。","近 75 天","基于商品字段生成的拟真模拟评论"
"beauty-sunscreen-brand-5","beauty-sunscreen","安热沙小金瓶防晒乳 60ml 品牌官网 618 活动款","美妆护肤","防晒霜","品牌官网 · ANESSA 安热沙 品牌官方网站","beauty-sunscreen-brand-5-14","5","positive","履约服务","品牌官网发货信息清楚，预计 2-3 天送达。","近 44 天","基于商品字段生成的拟真模拟评论"
"beauty-sunscreen-brand-5","beauty-sunscreen","安热沙小金瓶防晒乳 60ml 品牌官网 618 活动款","美妆护肤","防晒霜","品牌官网 · ANESSA 安热沙 品牌官方网站","beauty-sunscreen-brand-5-15","2","negative","个体适配","效果和肤质、色号或使用习惯相关，建议先试用再决定。","近 2 天","基于商品字段生成的拟真模拟评论"
"beauty-sunscreen-brand-5","beauty-sunscreen","安热沙小金瓶防晒乳 60ml 品牌官网 618 活动款","美妆护肤","防晒霜","品牌官网 · ANESSA 安热沙 品牌官方网站","beauty-sunscreen-brand-5-16","5","positive","体验","发货速度快，包装也比较完整。","近 14 天","基于商品字段生成的拟真模拟评论"
"beauty-sunscreen-brand-5","beauty-sunscreen","安热沙小金瓶防晒乳 60ml 品牌官网 618 活动款","美妆护肤","防晒霜","品牌官网 · ANESSA 安热沙 品牌官方网站","beauty-sunscreen-brand-5-17","5","positive","价格","券后价格比线下便宜一些。","近 43 天","基于商品字段生成的拟真模拟评论"
"beauty-sunscreen-brand-5","beauty-sunscreen","安热沙小金瓶防晒乳 60ml 品牌官网 618 活动款","美妆护肤","防晒霜","品牌官网 · ANESSA 安热沙 品牌官方网站","beauty-sunscreen-brand-5-18","5","positive","使用感受","包装完整，批次和规格信息清楚，使用体验符合预期。","近 61 天","基于商品字段生成的拟真模拟评论"
"beauty-sunscreen-brand-5","beauty-sunscreen","安热沙小金瓶防晒乳 60ml 品牌官网 618 活动款","美妆护肤","防晒霜","品牌官网 · ANESSA 安热沙 品牌官方网站","beauty-sunscreen-brand-5-19","5","positive","履约服务","官方 7 天退换政策，下单前能比较明确地判断售后成本。","近 1 天","基于商品字段生成的拟真模拟评论"
"beauty-sunscreen-brand-5","beauty-sunscreen","安热沙小金瓶防晒乳 60ml 品牌官网 618 活动款","美妆护肤","防晒霜","品牌官网 · ANESSA 安热沙 品牌官方网站","beauty-sunscreen-brand-5-20","5","positive","体验","实物和页面描述基本一致，整体满意。","近 46 天","基于商品字段生成的拟真模拟评论"
"beauty-sunscreen-brand-5","beauty-sunscreen","安热沙小金瓶防晒乳 60ml 品牌官网 618 活动款","美妆护肤","防晒霜","品牌官网 · ANESSA 安热沙 品牌官方网站","beauty-sunscreen-brand-5-21","5","positive","价格","活动价入手比较划算，性价比可以。","近 64 天","基于商品字段生成的拟真模拟评论"
"beauty-sunscreen-brand-5","beauty-sunscreen","安热沙小金瓶防晒乳 60ml 品牌官网 618 活动款","美妆护肤","防晒霜","品牌官网 · ANESSA 安热沙 品牌官方网站","beauty-sunscreen-brand-5-22","5","positive","使用感受","质地和页面描述接近，日常使用的肤感比较舒服。","近 8 天","基于商品字段生成的拟真模拟评论"
"beauty-sunscreen-brand-5","beauty-sunscreen","安热沙小金瓶防晒乳 60ml 品牌官网 618 活动款","美妆护肤","防晒霜","品牌官网 · ANESSA 安热沙 品牌官方网站","beauty-sunscreen-brand-5-23","5","positive","履约服务","品牌官网发货信息清楚，预计 2-3 天送达。","近 71 天","基于商品字段生成的拟真模拟评论"
"beauty-sunscreen-brand-5","beauty-sunscreen","安热沙小金瓶防晒乳 60ml 品牌官网 618 活动款","美妆护肤","防晒霜","品牌官网 · ANESSA 安热沙 品牌官方网站","beauty-sunscreen-brand-5-24","2","negative","售后规则","退换仍需按“官方 7 天退换政策”执行，拆封或使用前要先确认条件。","近 61 天","基于商品字段生成的拟真模拟评论"
"beauty-sunscreen-jd-2","beauty-sunscreen","安热沙小金瓶防晒乳 60ml 京东 618 活动款","美妆护肤","防晒霜","京东 · ANESSA 安热沙 京东自营旗舰店","beauty-sunscreen-jd-2-1","4","positive","体验","实物和页面描述基本一致，整体满意。","近 71 天","基于商品字段生成的拟真模拟评论"
"beauty-sunscreen-jd-2","beauty-sunscreen","安热沙小金瓶防晒乳 60ml 京东 618 活动款","美妆护肤","防晒霜","京东 · ANESSA 安热沙 京东自营旗舰店","beauty-sunscreen-jd-2-2","3","negative","细节","部分细节和预期有差距，下单前要看清规格。","近 35 天","基于商品字段生成的拟真模拟评论"
"beauty-sunscreen-jd-2","beauty-sunscreen","安热沙小金瓶防晒乳 60ml 京东 618 活动款","美妆护肤","防晒霜","京东 · ANESSA 安热沙 京东自营旗舰店","beauty-sunscreen-jd-2-3","5","positive","价格","活动价入手比较划算，性价比可以。","近 53 天","基于商品字段生成的拟真模拟评论"
"beauty-sunscreen-jd-2","beauty-sunscreen","安热沙小金瓶防晒乳 60ml 京东 618 活动款","美妆护肤","防晒霜","京东 · ANESSA 安热沙 京东自营旗舰店","beauty-sunscreen-jd-2-4","5","positive","使用感受","质地和页面描述接近，日常使用的肤感比较舒服。","近 14 天","基于商品字段生成的拟真模拟评论"
"beauty-sunscreen-jd-2","beauty-sunscreen","安热沙小金瓶防晒乳 60ml 京东 618 活动款","美妆护肤","防晒霜","京东 · ANESSA 安热沙 京东自营旗舰店","beauty-sunscreen-jd-2-5","5","positive","履约服务","京东发货信息清楚，次日送达。","近 52 天","基于商品字段生成的拟真模拟评论"
"beauty-sunscreen-jd-2","beauty-sunscreen","安热沙小金瓶防晒乳 60ml 京东 618 活动款","美妆护肤","防晒霜","京东 · ANESSA 安热沙 京东自营旗舰店","beauty-sunscreen-jd-2-6","5","positive","体验","发货速度快，包装也比较完整。","近 22 天","基于商品字段生成的拟真模拟评论"
"beauty-sunscreen-jd-2","beauty-sunscreen","安热沙小金瓶防晒乳 60ml 京东 618 活动款","美妆护肤","防晒霜","京东 · ANESSA 安热沙 京东自营旗舰店","beauty-sunscreen-jd-2-7","5","positive","价格","券后价格比线下便宜一些。","近 48 天","基于商品字段生成的拟真模拟评论"
"beauty-sunscreen-jd-2","beauty-sunscreen","安热沙小金瓶防晒乳 60ml 京东 618 活动款","美妆护肤","防晒霜","京东 · ANESSA 安热沙 京东自营旗舰店","beauty-sunscreen-jd-2-8","5","positive","使用感受","包装完整，批次和规格信息清楚，使用体验符合预期。","近 77 天","基于商品字段生成的拟真模拟评论"
"beauty-sunscreen-jd-2","beauty-sunscreen","安热沙小金瓶防晒乳 60ml 京东 618 活动款","美妆护肤","防晒霜","京东 · ANESSA 安热沙 京东自营旗舰店","beauty-sunscreen-jd-2-9","3","negative","售后","退换流程需要按平台规则走，不算特别快。","近 65 天","基于商品字段生成的拟真模拟评论"
"beauty-sunscreen-jd-2","beauty-sunscreen","安热沙小金瓶防晒乳 60ml 京东 618 活动款","美妆护肤","防晒霜","京东 · ANESSA 安热沙 京东自营旗舰店","beauty-sunscreen-jd-2-10","5","positive","履约服务","7 天无理由，支持上门取件，下单前能比较明确地判断售后成本。","近 27 天","基于商品字段生成的拟真模拟评论"
"beauty-sunscreen-jd-2","beauty-sunscreen","安热沙小金瓶防晒乳 60ml 京东 618 活动款","美妆护肤","防晒霜","京东 · ANESSA 安热沙 京东自营旗舰店","beauty-sunscreen-jd-2-11","5","positive","体验","实物和页面描述基本一致，整体满意。","近 52 天","基于商品字段生成的拟真模拟评论"
"beauty-sunscreen-jd-2","beauty-sunscreen","安热沙小金瓶防晒乳 60ml 京东 618 活动款","美妆护肤","防晒霜","京东 · ANESSA 安热沙 京东自营旗舰店","beauty-sunscreen-jd-2-12","3","negative","个体适配","效果和肤质、色号或使用习惯相关，建议先试用再决定。","近 63 天","基于商品字段生成的拟真模拟评论"
"beauty-sunscreen-jd-2","beauty-sunscreen","安热沙小金瓶防晒乳 60ml 京东 618 活动款","美妆护肤","防晒霜","京东 · ANESSA 安热沙 京东自营旗舰店","beauty-sunscreen-jd-2-13","5","positive","价格","活动价入手比较划算，性价比可以。","近 2 天","基于商品字段生成的拟真模拟评论"
"beauty-sunscreen-jd-2","beauty-sunscreen","安热沙小金瓶防晒乳 60ml 京东 618 活动款","美妆护肤","防晒霜","京东 · ANESSA 安热沙 京东自营旗舰店","beauty-sunscreen-jd-2-14","5","positive","使用感受","质地和页面描述接近，日常使用的肤感比较舒服。","近 22 天","基于商品字段生成的拟真模拟评论"
"beauty-sunscreen-jd-2","beauty-sunscreen","安热沙小金瓶防晒乳 60ml 京东 618 活动款","美妆护肤","防晒霜","京东 · ANESSA 安热沙 京东自营旗舰店","beauty-sunscreen-jd-2-15","4","positive","履约服务","京东发货信息清楚，次日送达。","近 26 天","基于商品字段生成的拟真模拟评论"
"beauty-sunscreen-jd-2","beauty-sunscreen","安热沙小金瓶防晒乳 60ml 京东 618 活动款","美妆护肤","防晒霜","京东 · ANESSA 安热沙 京东自营旗舰店","beauty-sunscreen-jd-2-16","5","positive","体验","发货速度快，包装也比较完整。","近 22 天","基于商品字段生成的拟真模拟评论"
"beauty-sunscreen-jd-2","beauty-sunscreen","安热沙小金瓶防晒乳 60ml 京东 618 活动款","美妆护肤","防晒霜","京东 · ANESSA 安热沙 京东自营旗舰店","beauty-sunscreen-jd-2-17","5","positive","价格","券后价格比线下便宜一些。","近 68 天","基于商品字段生成的拟真模拟评论"
"beauty-sunscreen-jd-2","beauty-sunscreen","安热沙小金瓶防晒乳 60ml 京东 618 活动款","美妆护肤","防晒霜","京东 · ANESSA 安热沙 京东自营旗舰店","beauty-sunscreen-jd-2-18","3","negative","售后规则","退换仍需按“7 天无理由，支持上门取件”执行，拆封或使用前要先确认条件。","近 12 天","基于商品字段生成的拟真模拟评论"
"beauty-sunscreen-jd-2","beauty-sunscreen","安热沙小金瓶防晒乳 60ml 京东 618 活动款","美妆护肤","防晒霜","京东 · ANESSA 安热沙 京东自营旗舰店","beauty-sunscreen-jd-2-19","5","positive","使用感受","包装完整，批次和规格信息清楚，使用体验符合预期。","近 37 天","基于商品字段生成的拟真模拟评论"
"beauty-sunscreen-jd-2","beauty-sunscreen","安热沙小金瓶防晒乳 60ml 京东 618 活动款","美妆护肤","防晒霜","京东 · ANESSA 安热沙 京东自营旗舰店","beauty-sunscreen-jd-2-20","5","positive","履约服务","7 天无理由，支持上门取件，下单前能比较明确地判断售后成本。","近 38 天","基于商品字段生成的拟真模拟评论"
"beauty-sunscreen-jd-2","beauty-sunscreen","安热沙小金瓶防晒乳 60ml 京东 618 活动款","美妆护肤","防晒霜","京东 · ANESSA 安热沙 京东自营旗舰店","beauty-sunscreen-jd-2-21","5","positive","体验","实物和页面描述基本一致，整体满意。","近 14 天","基于商品字段生成的拟真模拟评论"
"beauty-sunscreen-jd-2","beauty-sunscreen","安热沙小金瓶防晒乳 60ml 京东 618 活动款","美妆护肤","防晒霜","京东 · ANESSA 安热沙 京东自营旗舰店","beauty-sunscreen-jd-2-22","5","positive","价格","活动价入手比较划算，性价比可以。","近 86 天","基于商品字段生成的拟真模拟评论"
"beauty-sunscreen-jd-2","beauty-sunscreen","安热沙小金瓶防晒乳 60ml 京东 618 活动款","美妆护肤","防晒霜","京东 · ANESSA 安热沙 京东自营旗舰店","beauty-sunscreen-jd-2-23","5","positive","使用感受","质地和页面描述接近，日常使用的肤感比较舒服。","近 10 天","基于商品字段生成的拟真模拟评论"
"beauty-sunscreen-jd-2","beauty-sunscreen","安热沙小金瓶防晒乳 60ml 京东 618 活动款","美妆护肤","防晒霜","京东 · ANESSA 安热沙 京东自营旗舰店","beauty-sunscreen-jd-2-24","4","positive","履约服务","京东发货信息清楚，次日送达。","近 23 天","基于商品字段生成的拟真模拟评论"
"beauty-eyeshadow-taobao-1","beauty-eyeshadow","NARS 四色眼影盘 ORGASM 天猫 618 活动款","美妆护肤","眼影盘","天猫 · NARS 品牌天猫官方旗舰店","beauty-eyeshadow-taobao-1-1","2","negative","细节","部分细节和预期有差距，下单前要看清规格。","近 67 天","基于商品字段生成的拟真模拟评论"
"beauty-eyeshadow-taobao-1","beauty-eyeshadow","NARS 四色眼影盘 ORGASM 天猫 618 活动款","美妆护肤","眼影盘","天猫 · NARS 品牌天猫官方旗舰店","beauty-eyeshadow-taobao-1-2","5","positive","体验","实物和页面描述基本一致，整体满意。","近 32 天","基于商品字段生成的拟真模拟评论"
"beauty-eyeshadow-taobao-1","beauty-eyeshadow","NARS 四色眼影盘 ORGASM 天猫 618 活动款","美妆护肤","眼影盘","天猫 · NARS 品牌天猫官方旗舰店","beauty-eyeshadow-taobao-1-3","5","positive","价格","活动价入手比较划算，性价比可以。","近 16 天","基于商品字段生成的拟真模拟评论"
"beauty-eyeshadow-taobao-1","beauty-eyeshadow","NARS 四色眼影盘 ORGASM 天猫 618 活动款","美妆护肤","眼影盘","天猫 · NARS 品牌天猫官方旗舰店","beauty-eyeshadow-taobao-1-4","4","positive","使用感受","质地和页面描述接近，日常使用的肤感比较舒服。","近 22 天","基于商品字段生成的拟真模拟评论"
"beauty-eyeshadow-taobao-1","beauty-eyeshadow","NARS 四色眼影盘 ORGASM 天猫 618 活动款","美妆护肤","眼影盘","天猫 · NARS 品牌天猫官方旗舰店","beauty-eyeshadow-taobao-1-5","5","positive","履约服务","天猫发货信息清楚，预计 2 天送达。","近 35 天","基于商品字段生成的拟真模拟评论"
"beauty-eyeshadow-taobao-1","beauty-eyeshadow","NARS 四色眼影盘 ORGASM 天猫 618 活动款","美妆护肤","眼影盘","天猫 · NARS 品牌天猫官方旗舰店","beauty-eyeshadow-taobao-1-6","4","positive","体验","发货速度快，包装也比较完整。","近 21 天","基于商品字段生成的拟真模拟评论"
"beauty-eyeshadow-taobao-1","beauty-eyeshadow","NARS 四色眼影盘 ORGASM 天猫 618 活动款","美妆护肤","眼影盘","天猫 · NARS 品牌天猫官方旗舰店","beauty-eyeshadow-taobao-1-7","5","positive","价格","券后价格比线下便宜一些。","近 61 天","基于商品字段生成的拟真模拟评论"
"beauty-eyeshadow-taobao-1","beauty-eyeshadow","NARS 四色眼影盘 ORGASM 天猫 618 活动款","美妆护肤","眼影盘","天猫 · NARS 品牌天猫官方旗舰店","beauty-eyeshadow-taobao-1-8","5","positive","使用感受","包装完整，批次和规格信息清楚，使用体验符合预期。","近 61 天","基于商品字段生成的拟真模拟评论"
"beauty-eyeshadow-taobao-1","beauty-eyeshadow","NARS 四色眼影盘 ORGASM 天猫 618 活动款","美妆护肤","眼影盘","天猫 · NARS 品牌天猫官方旗舰店","beauty-eyeshadow-taobao-1-9","3","negative","售后","退换流程需要按平台规则走，不算特别快。","近 17 天","基于商品字段生成的拟真模拟评论"
"beauty-eyeshadow-taobao-1","beauty-eyeshadow","NARS 四色眼影盘 ORGASM 天猫 618 活动款","美妆护肤","眼影盘","天猫 · NARS 品牌天猫官方旗舰店","beauty-eyeshadow-taobao-1-10","3","negative","个体适配","效果和肤质、色号或使用习惯相关，建议先试用再决定。","近 38 天","基于商品字段生成的拟真模拟评论"
"beauty-eyeshadow-taobao-1","beauty-eyeshadow","NARS 四色眼影盘 ORGASM 天猫 618 活动款","美妆护肤","眼影盘","天猫 · NARS 品牌天猫官方旗舰店","beauty-eyeshadow-taobao-1-11","2","negative","售后规则","退换仍需按“7 天无理由，退货运费险”执行，拆封或使用前要先确认条件。","近 32 天","基于商品字段生成的拟真模拟评论"
"beauty-eyeshadow-taobao-1","beauty-eyeshadow","NARS 四色眼影盘 ORGASM 天猫 618 活动款","美妆护肤","眼影盘","天猫 · NARS 品牌天猫官方旗舰店","beauty-eyeshadow-taobao-1-12","4","positive","履约服务","7 天无理由，退货运费险，下单前能比较明确地判断售后成本。","近 24 天","基于商品字段生成的拟真模拟评论"
"beauty-eyeshadow-taobao-1","beauty-eyeshadow","NARS 四色眼影盘 ORGASM 天猫 618 活动款","美妆护肤","眼影盘","天猫 · NARS 品牌天猫官方旗舰店","beauty-eyeshadow-taobao-1-13","5","positive","体验","实物和页面描述基本一致，整体满意。","近 83 天","基于商品字段生成的拟真模拟评论"
"beauty-eyeshadow-taobao-1","beauty-eyeshadow","NARS 四色眼影盘 ORGASM 天猫 618 活动款","美妆护肤","眼影盘","天猫 · NARS 品牌天猫官方旗舰店","beauty-eyeshadow-taobao-1-14","5","positive","价格","活动价入手比较划算，性价比可以。","近 84 天","基于商品字段生成的拟真模拟评论"
"beauty-eyeshadow-taobao-1","beauty-eyeshadow","NARS 四色眼影盘 ORGASM 天猫 618 活动款","美妆护肤","眼影盘","天猫 · NARS 品牌天猫官方旗舰店","beauty-eyeshadow-taobao-1-15","5","positive","使用感受","质地和页面描述接近，日常使用的肤感比较舒服。","近 31 天","基于商品字段生成的拟真模拟评论"
"beauty-eyeshadow-taobao-1","beauty-eyeshadow","NARS 四色眼影盘 ORGASM 天猫 618 活动款","美妆护肤","眼影盘","天猫 · NARS 品牌天猫官方旗舰店","beauty-eyeshadow-taobao-1-16","5","positive","履约服务","天猫发货信息清楚，预计 2 天送达。","近 39 天","基于商品字段生成的拟真模拟评论"
"beauty-eyeshadow-taobao-1","beauty-eyeshadow","NARS 四色眼影盘 ORGASM 天猫 618 活动款","美妆护肤","眼影盘","天猫 · NARS 品牌天猫官方旗舰店","beauty-eyeshadow-taobao-1-17","5","positive","体验","发货速度快，包装也比较完整。","近 20 天","基于商品字段生成的拟真模拟评论"
"beauty-eyeshadow-taobao-1","beauty-eyeshadow","NARS 四色眼影盘 ORGASM 天猫 618 活动款","美妆护肤","眼影盘","天猫 · NARS 品牌天猫官方旗舰店","beauty-eyeshadow-taobao-1-18","5","positive","价格","券后价格比线下便宜一些。","近 5 天","基于商品字段生成的拟真模拟评论"
"beauty-eyeshadow-taobao-1","beauty-eyeshadow","NARS 四色眼影盘 ORGASM 天猫 618 活动款","美妆护肤","眼影盘","天猫 · NARS 品牌天猫官方旗舰店","beauty-eyeshadow-taobao-1-19","5","positive","使用感受","包装完整，批次和规格信息清楚，使用体验符合预期。","近 63 天","基于商品字段生成的拟真模拟评论"
"beauty-eyeshadow-taobao-1","beauty-eyeshadow","NARS 四色眼影盘 ORGASM 天猫 618 活动款","美妆护肤","眼影盘","天猫 · NARS 品牌天猫官方旗舰店","beauty-eyeshadow-taobao-1-20","5","positive","履约服务","7 天无理由，退货运费险，下单前能比较明确地判断售后成本。","近 16 天","基于商品字段生成的拟真模拟评论"
"beauty-eyeshadow-taobao-1","beauty-eyeshadow","NARS 四色眼影盘 ORGASM 天猫 618 活动款","美妆护肤","眼影盘","天猫 · NARS 品牌天猫官方旗舰店","beauty-eyeshadow-taobao-1-21","4","positive","体验","实物和页面描述基本一致，整体满意。","近 25 天","基于商品字段生成的拟真模拟评论"
"beauty-eyeshadow-taobao-1","beauty-eyeshadow","NARS 四色眼影盘 ORGASM 天猫 618 活动款","美妆护肤","眼影盘","天猫 · NARS 品牌天猫官方旗舰店","beauty-eyeshadow-taobao-1-22","5","positive","价格","活动价入手比较划算，性价比可以。","近 37 天","基于商品字段生成的拟真模拟评论"
"beauty-eyeshadow-taobao-1","beauty-eyeshadow","NARS 四色眼影盘 ORGASM 天猫 618 活动款","美妆护肤","眼影盘","天猫 · NARS 品牌天猫官方旗舰店","beauty-eyeshadow-taobao-1-23","5","positive","使用感受","质地和页面描述接近，日常使用的肤感比较舒服。","近 24 天","基于商品字段生成的拟真模拟评论"
"beauty-eyeshadow-taobao-1","beauty-eyeshadow","NARS 四色眼影盘 ORGASM 天猫 618 活动款","美妆护肤","眼影盘","天猫 · NARS 品牌天猫官方旗舰店","beauty-eyeshadow-taobao-1-24","4","positive","履约服务","天猫发货信息清楚，预计 2 天送达。","近 58 天","基于商品字段生成的拟真模拟评论"
"beauty-eyeshadow-kaola-4","beauty-eyeshadow","NARS 四色眼影盘 ORGASM 考拉海购 618 活动款","美妆护肤","眼影盘","考拉海购 · NARS 考拉海购自营","beauty-eyeshadow-kaola-4-1","5","positive","体验","实物和页面描述基本一致，整体满意。","近 30 天","基于商品字段生成的拟真模拟评论"
"beauty-eyeshadow-kaola-4","beauty-eyeshadow","NARS 四色眼影盘 ORGASM 考拉海购 618 活动款","美妆护肤","眼影盘","考拉海购 · NARS 考拉海购自营","beauty-eyeshadow-kaola-4-2","5","positive","价格","活动价入手比较划算，性价比可以。","近 73 天","基于商品字段生成的拟真模拟评论"
"beauty-eyeshadow-kaola-4","beauty-eyeshadow","NARS 四色眼影盘 ORGASM 考拉海购 618 活动款","美妆护肤","眼影盘","考拉海购 · NARS 考拉海购自营","beauty-eyeshadow-kaola-4-3","5","positive","使用感受","质地和页面描述接近，日常使用的肤感比较舒服。","近 52 天","基于商品字段生成的拟真模拟评论"
"beauty-eyeshadow-kaola-4","beauty-eyeshadow","NARS 四色眼影盘 ORGASM 考拉海购 618 活动款","美妆护肤","眼影盘","考拉海购 · NARS 考拉海购自营","beauty-eyeshadow-kaola-4-4","4","positive","履约服务","考拉海购发货信息清楚，预计 4-7 天送达。","近 75 天","基于商品字段生成的拟真模拟评论"
"beauty-eyeshadow-kaola-4","beauty-eyeshadow","NARS 四色眼影盘 ORGASM 考拉海购 618 活动款","美妆护肤","眼影盘","考拉海购 · NARS 考拉海购自营","beauty-eyeshadow-kaola-4-5","5","positive","体验","发货速度快，包装也比较完整。","近 38 天","基于商品字段生成的拟真模拟评论"
"beauty-eyeshadow-kaola-4","beauty-eyeshadow","NARS 四色眼影盘 ORGASM 考拉海购 618 活动款","美妆护肤","眼影盘","考拉海购 · NARS 考拉海购自营","beauty-eyeshadow-kaola-4-6","3","negative","细节","部分细节和预期有差距，下单前要看清规格。","近 61 天","基于商品字段生成的拟真模拟评论"
"beauty-eyeshadow-kaola-4","beauty-eyeshadow","NARS 四色眼影盘 ORGASM 考拉海购 618 活动款","美妆护肤","眼影盘","考拉海购 · NARS 考拉海购自营","beauty-eyeshadow-kaola-4-7","5","positive","价格","券后价格比线下便宜一些。","近 13 天","基于商品字段生成的拟真模拟评论"
"beauty-eyeshadow-kaola-4","beauty-eyeshadow","NARS 四色眼影盘 ORGASM 考拉海购 618 活动款","美妆护肤","眼影盘","考拉海购 · NARS 考拉海购自营","beauty-eyeshadow-kaola-4-8","5","positive","使用感受","包装完整，批次和规格信息清楚，使用体验符合预期。","近 59 天","基于商品字段生成的拟真模拟评论"
"beauty-eyeshadow-kaola-4","beauty-eyeshadow","NARS 四色眼影盘 ORGASM 考拉海购 618 活动款","美妆护肤","眼影盘","考拉海购 · NARS 考拉海购自营","beauty-eyeshadow-kaola-4-9","5","positive","履约服务","跨境商品未拆封支持退货，下单前能比较明确地判断售后成本。","近 27 天","基于商品字段生成的拟真模拟评论"
"beauty-eyeshadow-kaola-4","beauty-eyeshadow","NARS 四色眼影盘 ORGASM 考拉海购 618 活动款","美妆护肤","眼影盘","考拉海购 · NARS 考拉海购自营","beauty-eyeshadow-kaola-4-10","3","negative","售后","退换流程需要按平台规则走，不算特别快。","近 19 天","基于商品字段生成的拟真模拟评论"
"beauty-eyeshadow-kaola-4","beauty-eyeshadow","NARS 四色眼影盘 ORGASM 考拉海购 618 活动款","美妆护肤","眼影盘","考拉海购 · NARS 考拉海购自营","beauty-eyeshadow-kaola-4-11","5","positive","体验","实物和页面描述基本一致，整体满意。","近 77 天","基于商品字段生成的拟真模拟评论"
"beauty-eyeshadow-kaola-4","beauty-eyeshadow","NARS 四色眼影盘 ORGASM 考拉海购 618 活动款","美妆护肤","眼影盘","考拉海购 · NARS 考拉海购自营","beauty-eyeshadow-kaola-4-12","3","negative","个体适配","效果和肤质、色号或使用习惯相关，建议先试用再决定。","近 56 天","基于商品字段生成的拟真模拟评论"
"beauty-eyeshadow-kaola-4","beauty-eyeshadow","NARS 四色眼影盘 ORGASM 考拉海购 618 活动款","美妆护肤","眼影盘","考拉海购 · NARS 考拉海购自营","beauty-eyeshadow-kaola-4-13","5","positive","价格","活动价入手比较划算，性价比可以。","近 83 天","基于商品字段生成的拟真模拟评论"
"beauty-eyeshadow-kaola-4","beauty-eyeshadow","NARS 四色眼影盘 ORGASM 考拉海购 618 活动款","美妆护肤","眼影盘","考拉海购 · NARS 考拉海购自营","beauty-eyeshadow-kaola-4-14","4","positive","使用感受","质地和页面描述接近，日常使用的肤感比较舒服。","近 16 天","基于商品字段生成的拟真模拟评论"
"beauty-eyeshadow-kaola-4","beauty-eyeshadow","NARS 四色眼影盘 ORGASM 考拉海购 618 活动款","美妆护肤","眼影盘","考拉海购 · NARS 考拉海购自营","beauty-eyeshadow-kaola-4-15","5","positive","履约服务","考拉海购发货信息清楚，预计 4-7 天送达。","近 16 天","基于商品字段生成的拟真模拟评论"
"beauty-eyeshadow-kaola-4","beauty-eyeshadow","NARS 四色眼影盘 ORGASM 考拉海购 618 活动款","美妆护肤","眼影盘","考拉海购 · NARS 考拉海购自营","beauty-eyeshadow-kaola-4-16","4","positive","体验","发货速度快，包装也比较完整。","近 72 天","基于商品字段生成的拟真模拟评论"
"beauty-eyeshadow-kaola-4","beauty-eyeshadow","NARS 四色眼影盘 ORGASM 考拉海购 618 活动款","美妆护肤","眼影盘","考拉海购 · NARS 考拉海购自营","beauty-eyeshadow-kaola-4-17","5","positive","价格","券后价格比线下便宜一些。","近 43 天","基于商品字段生成的拟真模拟评论"
"beauty-eyeshadow-kaola-4","beauty-eyeshadow","NARS 四色眼影盘 ORGASM 考拉海购 618 活动款","美妆护肤","眼影盘","考拉海购 · NARS 考拉海购自营","beauty-eyeshadow-kaola-4-18","5","positive","使用感受","包装完整，批次和规格信息清楚，使用体验符合预期。","近 43 天","基于商品字段生成的拟真模拟评论"
"beauty-eyeshadow-kaola-4","beauty-eyeshadow","NARS 四色眼影盘 ORGASM 考拉海购 618 活动款","美妆护肤","眼影盘","考拉海购 · NARS 考拉海购自营","beauty-eyeshadow-kaola-4-19","5","positive","履约服务","跨境商品未拆封支持退货，下单前能比较明确地判断售后成本。","近 11 天","基于商品字段生成的拟真模拟评论"
"beauty-eyeshadow-kaola-4","beauty-eyeshadow","NARS 四色眼影盘 ORGASM 考拉海购 618 活动款","美妆护肤","眼影盘","考拉海购 · NARS 考拉海购自营","beauty-eyeshadow-kaola-4-20","3","negative","售后规则","退换仍需按“跨境商品未拆封支持退货”执行，拆封或使用前要先确认条件。","近 9 天","基于商品字段生成的拟真模拟评论"
"beauty-eyeshadow-kaola-4","beauty-eyeshadow","NARS 四色眼影盘 ORGASM 考拉海购 618 活动款","美妆护肤","眼影盘","考拉海购 · NARS 考拉海购自营","beauty-eyeshadow-kaola-4-21","5","positive","体验","实物和页面描述基本一致，整体满意。","近 35 天","基于商品字段生成的拟真模拟评论"
"beauty-eyeshadow-kaola-4","beauty-eyeshadow","NARS 四色眼影盘 ORGASM 考拉海购 618 活动款","美妆护肤","眼影盘","考拉海购 · NARS 考拉海购自营","beauty-eyeshadow-kaola-4-22","5","positive","价格","活动价入手比较划算，性价比可以。","近 46 天","基于商品字段生成的拟真模拟评论"
"beauty-eyeshadow-kaola-4","beauty-eyeshadow","NARS 四色眼影盘 ORGASM 考拉海购 618 活动款","美妆护肤","眼影盘","考拉海购 · NARS 考拉海购自营","beauty-eyeshadow-kaola-4-23","4","positive","使用感受","质地和页面描述接近，日常使用的肤感比较舒服。","近 36 天","基于商品字段生成的拟真模拟评论"
"beauty-eyeshadow-kaola-4","beauty-eyeshadow","NARS 四色眼影盘 ORGASM 考拉海购 618 活动款","美妆护肤","眼影盘","考拉海购 · NARS 考拉海购自营","beauty-eyeshadow-kaola-4-24","5","positive","履约服务","考拉海购发货信息清楚，预计 4-7 天送达。","近 65 天","基于商品字段生成的拟真模拟评论"
"beauty-eyeshadow-xiaohongshu-3","beauty-eyeshadow","NARS 四色眼影盘 ORGASM 小红书商城 618 活动款","美妆护肤","眼影盘","小红书商城 · NARS 小红书精选品牌店","beauty-eyeshadow-xiaohongshu-3-1","5","positive","体验","实物和页面描述基本一致，整体满意。","近 61 天","基于商品字段生成的拟真模拟评论"
"beauty-eyeshadow-xiaohongshu-3","beauty-eyeshadow","NARS 四色眼影盘 ORGASM 小红书商城 618 活动款","美妆护肤","眼影盘","小红书商城 · NARS 小红书精选品牌店","beauty-eyeshadow-xiaohongshu-3-2","4","positive","价格","活动价入手比较划算，性价比可以。","近 83 天","基于商品字段生成的拟真模拟评论"
"beauty-eyeshadow-xiaohongshu-3","beauty-eyeshadow","NARS 四色眼影盘 ORGASM 小红书商城 618 活动款","美妆护肤","眼影盘","小红书商城 · NARS 小红书精选品牌店","beauty-eyeshadow-xiaohongshu-3-3","5","positive","使用感受","质地和页面描述接近，日常使用的肤感比较舒服。","近 76 天","基于商品字段生成的拟真模拟评论"
"beauty-eyeshadow-xiaohongshu-3","beauty-eyeshadow","NARS 四色眼影盘 ORGASM 小红书商城 618 活动款","美妆护肤","眼影盘","小红书商城 · NARS 小红书精选品牌店","beauty-eyeshadow-xiaohongshu-3-4","5","positive","履约服务","小红书商城发货信息清楚，预计 3 天送达。","近 73 天","基于商品字段生成的拟真模拟评论"
"beauty-eyeshadow-xiaohongshu-3","beauty-eyeshadow","NARS 四色眼影盘 ORGASM 小红书商城 618 活动款","美妆护肤","眼影盘","小红书商城 · NARS 小红书精选品牌店","beauty-eyeshadow-xiaohongshu-3-5","2","negative","细节","部分细节和预期有差距，下单前要看清规格。","近 57 天","基于商品字段生成的拟真模拟评论"
"beauty-eyeshadow-xiaohongshu-3","beauty-eyeshadow","NARS 四色眼影盘 ORGASM 小红书商城 618 活动款","美妆护肤","眼影盘","小红书商城 · NARS 小红书精选品牌店","beauty-eyeshadow-xiaohongshu-3-6","4","positive","体验","发货速度快，包装也比较完整。","近 44 天","基于商品字段生成的拟真模拟评论"
"beauty-eyeshadow-xiaohongshu-3","beauty-eyeshadow","NARS 四色眼影盘 ORGASM 小红书商城 618 活动款","美妆护肤","眼影盘","小红书商城 · NARS 小红书精选品牌店","beauty-eyeshadow-xiaohongshu-3-7","5","positive","价格","券后价格比线下便宜一些。","近 1 天","基于商品字段生成的拟真模拟评论"
"beauty-eyeshadow-xiaohongshu-3","beauty-eyeshadow","NARS 四色眼影盘 ORGASM 小红书商城 618 活动款","美妆护肤","眼影盘","小红书商城 · NARS 小红书精选品牌店","beauty-eyeshadow-xiaohongshu-3-8","4","positive","使用感受","包装完整，批次和规格信息清楚，使用体验符合预期。","近 22 天","基于商品字段生成的拟真模拟评论"
"beauty-eyeshadow-xiaohongshu-3","beauty-eyeshadow","NARS 四色眼影盘 ORGASM 小红书商城 618 活动款","美妆护肤","眼影盘","小红书商城 · NARS 小红书精选品牌店","beauty-eyeshadow-xiaohongshu-3-9","2","negative","售后","退换流程需要按平台规则走，不算特别快。","近 2 天","基于商品字段生成的拟真模拟评论"
"beauty-eyeshadow-xiaohongshu-3","beauty-eyeshadow","NARS 四色眼影盘 ORGASM 小红书商城 618 活动款","美妆护肤","眼影盘","小红书商城 · NARS 小红书精选品牌店","beauty-eyeshadow-xiaohongshu-3-10","5","positive","履约服务","未拆封支持 7 天退货，下单前能比较明确地判断售后成本。","近 22 天","基于商品字段生成的拟真模拟评论"
"beauty-eyeshadow-xiaohongshu-3","beauty-eyeshadow","NARS 四色眼影盘 ORGASM 小红书商城 618 活动款","美妆护肤","眼影盘","小红书商城 · NARS 小红书精选品牌店","beauty-eyeshadow-xiaohongshu-3-11","4","positive","体验","实物和页面描述基本一致，整体满意。","近 11 天","基于商品字段生成的拟真模拟评论"
"beauty-eyeshadow-xiaohongshu-3","beauty-eyeshadow","NARS 四色眼影盘 ORGASM 小红书商城 618 活动款","美妆护肤","眼影盘","小红书商城 · NARS 小红书精选品牌店","beauty-eyeshadow-xiaohongshu-3-12","5","positive","价格","活动价入手比较划算，性价比可以。","近 18 天","基于商品字段生成的拟真模拟评论"
"beauty-eyeshadow-xiaohongshu-3","beauty-eyeshadow","NARS 四色眼影盘 ORGASM 小红书商城 618 活动款","美妆护肤","眼影盘","小红书商城 · NARS 小红书精选品牌店","beauty-eyeshadow-xiaohongshu-3-13","5","positive","使用感受","质地和页面描述接近，日常使用的肤感比较舒服。","近 14 天","基于商品字段生成的拟真模拟评论"
"beauty-eyeshadow-xiaohongshu-3","beauty-eyeshadow","NARS 四色眼影盘 ORGASM 小红书商城 618 活动款","美妆护肤","眼影盘","小红书商城 · NARS 小红书精选品牌店","beauty-eyeshadow-xiaohongshu-3-14","4","positive","履约服务","小红书商城发货信息清楚，预计 3 天送达。","近 31 天","基于商品字段生成的拟真模拟评论"
"beauty-eyeshadow-xiaohongshu-3","beauty-eyeshadow","NARS 四色眼影盘 ORGASM 小红书商城 618 活动款","美妆护肤","眼影盘","小红书商城 · NARS 小红书精选品牌店","beauty-eyeshadow-xiaohongshu-3-15","4","positive","体验","发货速度快，包装也比较完整。","近 63 天","基于商品字段生成的拟真模拟评论"
"beauty-eyeshadow-xiaohongshu-3","beauty-eyeshadow","NARS 四色眼影盘 ORGASM 小红书商城 618 活动款","美妆护肤","眼影盘","小红书商城 · NARS 小红书精选品牌店","beauty-eyeshadow-xiaohongshu-3-16","3","negative","个体适配","效果和肤质、色号或使用习惯相关，建议先试用再决定。","近 36 天","基于商品字段生成的拟真模拟评论"
"beauty-eyeshadow-xiaohongshu-3","beauty-eyeshadow","NARS 四色眼影盘 ORGASM 小红书商城 618 活动款","美妆护肤","眼影盘","小红书商城 · NARS 小红书精选品牌店","beauty-eyeshadow-xiaohongshu-3-17","2","negative","售后规则","退换仍需按“未拆封支持 7 天退货”执行，拆封或使用前要先确认条件。","近 28 天","基于商品字段生成的拟真模拟评论"
"beauty-eyeshadow-xiaohongshu-3","beauty-eyeshadow","NARS 四色眼影盘 ORGASM 小红书商城 618 活动款","美妆护肤","眼影盘","小红书商城 · NARS 小红书精选品牌店","beauty-eyeshadow-xiaohongshu-3-18","5","positive","价格","券后价格比线下便宜一些。","近 6 天","基于商品字段生成的拟真模拟评论"
"beauty-eyeshadow-xiaohongshu-3","beauty-eyeshadow","NARS 四色眼影盘 ORGASM 小红书商城 618 活动款","美妆护肤","眼影盘","小红书商城 · NARS 小红书精选品牌店","beauty-eyeshadow-xiaohongshu-3-19","5","positive","使用感受","包装完整，批次和规格信息清楚，使用体验符合预期。","近 87 天","基于商品字段生成的拟真模拟评论"
"beauty-eyeshadow-xiaohongshu-3","beauty-eyeshadow","NARS 四色眼影盘 ORGASM 小红书商城 618 活动款","美妆护肤","眼影盘","小红书商城 · NARS 小红书精选品牌店","beauty-eyeshadow-xiaohongshu-3-20","5","positive","履约服务","未拆封支持 7 天退货，下单前能比较明确地判断售后成本。","近 26 天","基于商品字段生成的拟真模拟评论"
"beauty-eyeshadow-xiaohongshu-3","beauty-eyeshadow","NARS 四色眼影盘 ORGASM 小红书商城 618 活动款","美妆护肤","眼影盘","小红书商城 · NARS 小红书精选品牌店","beauty-eyeshadow-xiaohongshu-3-21","4","positive","体验","实物和页面描述基本一致，整体满意。","近 47 天","基于商品字段生成的拟真模拟评论"
"beauty-eyeshadow-xiaohongshu-3","beauty-eyeshadow","NARS 四色眼影盘 ORGASM 小红书商城 618 活动款","美妆护肤","眼影盘","小红书商城 · NARS 小红书精选品牌店","beauty-eyeshadow-xiaohongshu-3-22","3","negative","细节","客服解释比较慢，急用要提前确认。","近 38 天","基于商品字段生成的拟真模拟评论"
"beauty-eyeshadow-xiaohongshu-3","beauty-eyeshadow","NARS 四色眼影盘 ORGASM 小红书商城 618 活动款","美妆护肤","眼影盘","小红书商城 · NARS 小红书精选品牌店","beauty-eyeshadow-xiaohongshu-3-23","3","negative","售后","赠品和主商品分开发货，等待时间更久。","近 77 天","基于商品字段生成的拟真模拟评论"
"beauty-eyeshadow-xiaohongshu-3","beauty-eyeshadow","NARS 四色眼影盘 ORGASM 小红书商城 618 活动款","美妆护肤","眼影盘","小红书商城 · NARS 小红书精选品牌店","beauty-eyeshadow-xiaohongshu-3-24","2","negative","个体适配","香味、色号和肤感主观差异较大，不一定适合所有人。","近 41 天","基于商品字段生成的拟真模拟评论"
"beauty-eyeshadow-jd-2","beauty-eyeshadow","NARS 四色眼影盘 ORGASM 京东 618 活动款","美妆护肤","眼影盘","京东 · NARS 京东自营旗舰店","beauty-eyeshadow-jd-2-1","5","positive","体验","实物和页面描述基本一致，整体满意。","近 73 天","基于商品字段生成的拟真模拟评论"
"beauty-eyeshadow-jd-2","beauty-eyeshadow","NARS 四色眼影盘 ORGASM 京东 618 活动款","美妆护肤","眼影盘","京东 · NARS 京东自营旗舰店","beauty-eyeshadow-jd-2-2","5","positive","价格","活动价入手比较划算，性价比可以。","近 38 天","基于商品字段生成的拟真模拟评论"
"beauty-eyeshadow-jd-2","beauty-eyeshadow","NARS 四色眼影盘 ORGASM 京东 618 活动款","美妆护肤","眼影盘","京东 · NARS 京东自营旗舰店","beauty-eyeshadow-jd-2-3","5","positive","使用感受","质地和页面描述接近，日常使用的肤感比较舒服。","近 6 天","基于商品字段生成的拟真模拟评论"
"beauty-eyeshadow-jd-2","beauty-eyeshadow","NARS 四色眼影盘 ORGASM 京东 618 活动款","美妆护肤","眼影盘","京东 · NARS 京东自营旗舰店","beauty-eyeshadow-jd-2-4","3","negative","细节","部分细节和预期有差距，下单前要看清规格。","近 78 天","基于商品字段生成的拟真模拟评论"
"beauty-eyeshadow-jd-2","beauty-eyeshadow","NARS 四色眼影盘 ORGASM 京东 618 活动款","美妆护肤","眼影盘","京东 · NARS 京东自营旗舰店","beauty-eyeshadow-jd-2-5","5","positive","履约服务","京东发货信息清楚，次日送达。","近 43 天","基于商品字段生成的拟真模拟评论"
"beauty-eyeshadow-jd-2","beauty-eyeshadow","NARS 四色眼影盘 ORGASM 京东 618 活动款","美妆护肤","眼影盘","京东 · NARS 京东自营旗舰店","beauty-eyeshadow-jd-2-6","3","negative","售后","退换流程需要按平台规则走，不算特别快。","近 46 天","基于商品字段生成的拟真模拟评论"
"beauty-eyeshadow-jd-2","beauty-eyeshadow","NARS 四色眼影盘 ORGASM 京东 618 活动款","美妆护肤","眼影盘","京东 · NARS 京东自营旗舰店","beauty-eyeshadow-jd-2-7","5","positive","体验","发货速度快，包装也比较完整。","近 73 天","基于商品字段生成的拟真模拟评论"
"beauty-eyeshadow-jd-2","beauty-eyeshadow","NARS 四色眼影盘 ORGASM 京东 618 活动款","美妆护肤","眼影盘","京东 · NARS 京东自营旗舰店","beauty-eyeshadow-jd-2-8","5","positive","价格","券后价格比线下便宜一些。","近 7 天","基于商品字段生成的拟真模拟评论"
"beauty-eyeshadow-jd-2","beauty-eyeshadow","NARS 四色眼影盘 ORGASM 京东 618 活动款","美妆护肤","眼影盘","京东 · NARS 京东自营旗舰店","beauty-eyeshadow-jd-2-9","4","positive","使用感受","包装完整，批次和规格信息清楚，使用体验符合预期。","近 9 天","基于商品字段生成的拟真模拟评论"
"beauty-eyeshadow-jd-2","beauty-eyeshadow","NARS 四色眼影盘 ORGASM 京东 618 活动款","美妆护肤","眼影盘","京东 · NARS 京东自营旗舰店","beauty-eyeshadow-jd-2-10","4","positive","履约服务","7 天无理由，支持上门取件，下单前能比较明确地判断售后成本。","近 25 天","基于商品字段生成的拟真模拟评论"
"beauty-eyeshadow-jd-2","beauty-eyeshadow","NARS 四色眼影盘 ORGASM 京东 618 活动款","美妆护肤","眼影盘","京东 · NARS 京东自营旗舰店","beauty-eyeshadow-jd-2-11","2","negative","个体适配","效果和肤质、色号或使用习惯相关，建议先试用再决定。","近 43 天","基于商品字段生成的拟真模拟评论"
"beauty-eyeshadow-jd-2","beauty-eyeshadow","NARS 四色眼影盘 ORGASM 京东 618 活动款","美妆护肤","眼影盘","京东 · NARS 京东自营旗舰店","beauty-eyeshadow-jd-2-12","5","positive","体验","实物和页面描述基本一致，整体满意。","近 75 天","基于商品字段生成的拟真模拟评论"
"beauty-eyeshadow-jd-2","beauty-eyeshadow","NARS 四色眼影盘 ORGASM 京东 618 活动款","美妆护肤","眼影盘","京东 · NARS 京东自营旗舰店","beauty-eyeshadow-jd-2-13","5","positive","价格","活动价入手比较划算，性价比可以。","近 88 天","基于商品字段生成的拟真模拟评论"
"beauty-eyeshadow-jd-2","beauty-eyeshadow","NARS 四色眼影盘 ORGASM 京东 618 活动款","美妆护肤","眼影盘","京东 · NARS 京东自营旗舰店","beauty-eyeshadow-jd-2-14","5","positive","使用感受","质地和页面描述接近，日常使用的肤感比较舒服。","近 65 天","基于商品字段生成的拟真模拟评论"
"beauty-eyeshadow-jd-2","beauty-eyeshadow","NARS 四色眼影盘 ORGASM 京东 618 活动款","美妆护肤","眼影盘","京东 · NARS 京东自营旗舰店","beauty-eyeshadow-jd-2-15","5","positive","履约服务","京东发货信息清楚，次日送达。","近 86 天","基于商品字段生成的拟真模拟评论"
"beauty-eyeshadow-jd-2","beauty-eyeshadow","NARS 四色眼影盘 ORGASM 京东 618 活动款","美妆护肤","眼影盘","京东 · NARS 京东自营旗舰店","beauty-eyeshadow-jd-2-16","4","positive","体验","发货速度快，包装也比较完整。","近 10 天","基于商品字段生成的拟真模拟评论"
"beauty-eyeshadow-jd-2","beauty-eyeshadow","NARS 四色眼影盘 ORGASM 京东 618 活动款","美妆护肤","眼影盘","京东 · NARS 京东自营旗舰店","beauty-eyeshadow-jd-2-17","5","positive","价格","券后价格比线下便宜一些。","近 78 天","基于商品字段生成的拟真模拟评论"
"beauty-eyeshadow-jd-2","beauty-eyeshadow","NARS 四色眼影盘 ORGASM 京东 618 活动款","美妆护肤","眼影盘","京东 · NARS 京东自营旗舰店","beauty-eyeshadow-jd-2-18","5","positive","使用感受","包装完整，批次和规格信息清楚，使用体验符合预期。","近 24 天","基于商品字段生成的拟真模拟评论"
"beauty-eyeshadow-jd-2","beauty-eyeshadow","NARS 四色眼影盘 ORGASM 京东 618 活动款","美妆护肤","眼影盘","京东 · NARS 京东自营旗舰店","beauty-eyeshadow-jd-2-19","3","negative","售后规则","退换仍需按“7 天无理由，支持上门取件”执行，拆封或使用前要先确认条件。","近 54 天","基于商品字段生成的拟真模拟评论"
"beauty-eyeshadow-jd-2","beauty-eyeshadow","NARS 四色眼影盘 ORGASM 京东 618 活动款","美妆护肤","眼影盘","京东 · NARS 京东自营旗舰店","beauty-eyeshadow-jd-2-20","4","positive","履约服务","7 天无理由，支持上门取件，下单前能比较明确地判断售后成本。","近 41 天","基于商品字段生成的拟真模拟评论"
"beauty-eyeshadow-jd-2","beauty-eyeshadow","NARS 四色眼影盘 ORGASM 京东 618 活动款","美妆护肤","眼影盘","京东 · NARS 京东自营旗舰店","beauty-eyeshadow-jd-2-21","4","positive","体验","实物和页面描述基本一致，整体满意。","近 35 天","基于商品字段生成的拟真模拟评论"
"beauty-eyeshadow-jd-2","beauty-eyeshadow","NARS 四色眼影盘 ORGASM 京东 618 活动款","美妆护肤","眼影盘","京东 · NARS 京东自营旗舰店","beauty-eyeshadow-jd-2-22","5","positive","价格","活动价入手比较划算，性价比可以。","近 14 天","基于商品字段生成的拟真模拟评论"
"beauty-eyeshadow-jd-2","beauty-eyeshadow","NARS 四色眼影盘 ORGASM 京东 618 活动款","美妆护肤","眼影盘","京东 · NARS 京东自营旗舰店","beauty-eyeshadow-jd-2-23","5","positive","使用感受","质地和页面描述接近，日常使用的肤感比较舒服。","近 66 天","基于商品字段生成的拟真模拟评论"
"beauty-eyeshadow-jd-2","beauty-eyeshadow","NARS 四色眼影盘 ORGASM 京东 618 活动款","美妆护肤","眼影盘","京东 · NARS 京东自营旗舰店","beauty-eyeshadow-jd-2-24","5","positive","履约服务","京东发货信息清楚，次日送达。","近 58 天","基于商品字段生成的拟真模拟评论"
"beauty-eyeshadow-brand-5","beauty-eyeshadow","NARS 四色眼影盘 ORGASM 品牌官网 618 活动款","美妆护肤","眼影盘","品牌官网 · NARS 品牌官方网站","beauty-eyeshadow-brand-5-1","5","positive","体验","实物和页面描述基本一致，整体满意。","近 31 天","基于商品字段生成的拟真模拟评论"
"beauty-eyeshadow-brand-5","beauty-eyeshadow","NARS 四色眼影盘 ORGASM 品牌官网 618 活动款","美妆护肤","眼影盘","品牌官网 · NARS 品牌官方网站","beauty-eyeshadow-brand-5-2","4","positive","价格","活动价入手比较划算，性价比可以。","近 30 天","基于商品字段生成的拟真模拟评论"
"beauty-eyeshadow-brand-5","beauty-eyeshadow","NARS 四色眼影盘 ORGASM 品牌官网 618 活动款","美妆护肤","眼影盘","品牌官网 · NARS 品牌官方网站","beauty-eyeshadow-brand-5-3","2","negative","细节","部分细节和预期有差距，下单前要看清规格。","近 57 天","基于商品字段生成的拟真模拟评论"
"beauty-eyeshadow-brand-5","beauty-eyeshadow","NARS 四色眼影盘 ORGASM 品牌官网 618 活动款","美妆护肤","眼影盘","品牌官网 · NARS 品牌官方网站","beauty-eyeshadow-brand-5-4","4","positive","使用感受","质地和页面描述接近，日常使用的肤感比较舒服。","近 13 天","基于商品字段生成的拟真模拟评论"
"beauty-eyeshadow-brand-5","beauty-eyeshadow","NARS 四色眼影盘 ORGASM 品牌官网 618 活动款","美妆护肤","眼影盘","品牌官网 · NARS 品牌官方网站","beauty-eyeshadow-brand-5-5","4","positive","履约服务","品牌官网发货信息清楚，预计 2-3 天送达。","近 40 天","基于商品字段生成的拟真模拟评论"
"beauty-eyeshadow-brand-5","beauty-eyeshadow","NARS 四色眼影盘 ORGASM 品牌官网 618 活动款","美妆护肤","眼影盘","品牌官网 · NARS 品牌官方网站","beauty-eyeshadow-brand-5-6","5","positive","体验","发货速度快，包装也比较完整。","近 10 天","基于商品字段生成的拟真模拟评论"
"beauty-eyeshadow-brand-5","beauty-eyeshadow","NARS 四色眼影盘 ORGASM 品牌官网 618 活动款","美妆护肤","眼影盘","品牌官网 · NARS 品牌官方网站","beauty-eyeshadow-brand-5-7","5","positive","价格","券后价格比线下便宜一些。","近 54 天","基于商品字段生成的拟真模拟评论"
"beauty-eyeshadow-brand-5","beauty-eyeshadow","NARS 四色眼影盘 ORGASM 品牌官网 618 活动款","美妆护肤","眼影盘","品牌官网 · NARS 品牌官方网站","beauty-eyeshadow-brand-5-8","5","positive","使用感受","包装完整，批次和规格信息清楚，使用体验符合预期。","近 47 天","基于商品字段生成的拟真模拟评论"
"beauty-eyeshadow-brand-5","beauty-eyeshadow","NARS 四色眼影盘 ORGASM 品牌官网 618 活动款","美妆护肤","眼影盘","品牌官网 · NARS 品牌官方网站","beauty-eyeshadow-brand-5-9","4","positive","履约服务","官方 7 天退换政策，下单前能比较明确地判断售后成本。","近 57 天","基于商品字段生成的拟真模拟评论"
"beauty-eyeshadow-brand-5","beauty-eyeshadow","NARS 四色眼影盘 ORGASM 品牌官网 618 活动款","美妆护肤","眼影盘","品牌官网 · NARS 品牌官方网站","beauty-eyeshadow-brand-5-10","5","positive","体验","实物和页面描述基本一致，整体满意。","近 78 天","基于商品字段生成的拟真模拟评论"
"beauty-eyeshadow-brand-5","beauty-eyeshadow","NARS 四色眼影盘 ORGASM 品牌官网 618 活动款","美妆护肤","眼影盘","品牌官网 · NARS 品牌官方网站","beauty-eyeshadow-brand-5-11","2","negative","售后","退换流程需要按平台规则走，不算特别快。","近 86 天","基于商品字段生成的拟真模拟评论"
"beauty-eyeshadow-brand-5","beauty-eyeshadow","NARS 四色眼影盘 ORGASM 品牌官网 618 活动款","美妆护肤","眼影盘","品牌官网 · NARS 品牌官方网站","beauty-eyeshadow-brand-5-12","5","positive","价格","活动价入手比较划算，性价比可以。","近 61 天","基于商品字段生成的拟真模拟评论"
"beauty-eyeshadow-brand-5","beauty-eyeshadow","NARS 四色眼影盘 ORGASM 品牌官网 618 活动款","美妆护肤","眼影盘","品牌官网 · NARS 品牌官方网站","beauty-eyeshadow-brand-5-13","5","positive","使用感受","质地和页面描述接近，日常使用的肤感比较舒服。","近 40 天","基于商品字段生成的拟真模拟评论"
"beauty-eyeshadow-brand-5","beauty-eyeshadow","NARS 四色眼影盘 ORGASM 品牌官网 618 活动款","美妆护肤","眼影盘","品牌官网 · NARS 品牌官方网站","beauty-eyeshadow-brand-5-14","5","positive","履约服务","品牌官网发货信息清楚，预计 2-3 天送达。","近 35 天","基于商品字段生成的拟真模拟评论"
"beauty-eyeshadow-brand-5","beauty-eyeshadow","NARS 四色眼影盘 ORGASM 品牌官网 618 活动款","美妆护肤","眼影盘","品牌官网 · NARS 品牌官方网站","beauty-eyeshadow-brand-5-15","4","positive","体验","发货速度快，包装也比较完整。","近 49 天","基于商品字段生成的拟真模拟评论"
"beauty-eyeshadow-brand-5","beauty-eyeshadow","NARS 四色眼影盘 ORGASM 品牌官网 618 活动款","美妆护肤","眼影盘","品牌官网 · NARS 品牌官方网站","beauty-eyeshadow-brand-5-16","5","positive","价格","券后价格比线下便宜一些。","近 72 天","基于商品字段生成的拟真模拟评论"
"beauty-eyeshadow-brand-5","beauty-eyeshadow","NARS 四色眼影盘 ORGASM 品牌官网 618 活动款","美妆护肤","眼影盘","品牌官网 · NARS 品牌官方网站","beauty-eyeshadow-brand-5-17","4","positive","使用感受","包装完整，批次和规格信息清楚，使用体验符合预期。","近 57 天","基于商品字段生成的拟真模拟评论"
"beauty-eyeshadow-brand-5","beauty-eyeshadow","NARS 四色眼影盘 ORGASM 品牌官网 618 活动款","美妆护肤","眼影盘","品牌官网 · NARS 品牌官方网站","beauty-eyeshadow-brand-5-18","5","positive","履约服务","官方 7 天退换政策，下单前能比较明确地判断售后成本。","近 79 天","基于商品字段生成的拟真模拟评论"
"beauty-eyeshadow-brand-5","beauty-eyeshadow","NARS 四色眼影盘 ORGASM 品牌官网 618 活动款","美妆护肤","眼影盘","品牌官网 · NARS 品牌官方网站","beauty-eyeshadow-brand-5-19","5","positive","体验","实物和页面描述基本一致，整体满意。","近 64 天","基于商品字段生成的拟真模拟评论"
"beauty-eyeshadow-brand-5","beauty-eyeshadow","NARS 四色眼影盘 ORGASM 品牌官网 618 活动款","美妆护肤","眼影盘","品牌官网 · NARS 品牌官方网站","beauty-eyeshadow-brand-5-20","5","positive","价格","活动价入手比较划算，性价比可以。","近 23 天","基于商品字段生成的拟真模拟评论"
"beauty-eyeshadow-brand-5","beauty-eyeshadow","NARS 四色眼影盘 ORGASM 品牌官网 618 活动款","美妆护肤","眼影盘","品牌官网 · NARS 品牌官方网站","beauty-eyeshadow-brand-5-21","2","negative","个体适配","效果和肤质、色号或使用习惯相关，建议先试用再决定。","近 3 天","基于商品字段生成的拟真模拟评论"
"beauty-eyeshadow-brand-5","beauty-eyeshadow","NARS 四色眼影盘 ORGASM 品牌官网 618 活动款","美妆护肤","眼影盘","品牌官网 · NARS 品牌官方网站","beauty-eyeshadow-brand-5-22","2","negative","售后规则","退换仍需按“官方 7 天退换政策”执行，拆封或使用前要先确认条件。","近 9 天","基于商品字段生成的拟真模拟评论"
"beauty-eyeshadow-brand-5","beauty-eyeshadow","NARS 四色眼影盘 ORGASM 品牌官网 618 活动款","美妆护肤","眼影盘","品牌官网 · NARS 品牌官方网站","beauty-eyeshadow-brand-5-23","5","positive","使用感受","质地和页面描述接近，日常使用的肤感比较舒服。","近 1 天","基于商品字段生成的拟真模拟评论"
"beauty-eyeshadow-brand-5","beauty-eyeshadow","NARS 四色眼影盘 ORGASM 品牌官网 618 活动款","美妆护肤","眼影盘","品牌官网 · NARS 品牌官方网站","beauty-eyeshadow-brand-5-24","5","positive","履约服务","品牌官网发货信息清楚，预计 2-3 天送达。","近 43 天","基于商品字段生成的拟真模拟评论"
"beauty-cleanser-taobao-1","beauty-cleanser","芙丽芳丝净润洗面霜 100g 天猫 618 活动款","美妆护肤","洁面","天猫 · Freeplus 芙丽芳丝 品牌天猫官方旗舰店","beauty-cleanser-taobao-1-1","5","positive","体验","实物和页面描述基本一致，整体满意。","近 23 天","基于商品字段生成的拟真模拟评论"
"beauty-cleanser-taobao-1","beauty-cleanser","芙丽芳丝净润洗面霜 100g 天猫 618 活动款","美妆护肤","洁面","天猫 · Freeplus 芙丽芳丝 品牌天猫官方旗舰店","beauty-cleanser-taobao-1-2","4","positive","价格","活动价入手比较划算，性价比可以。","近 13 天","基于商品字段生成的拟真模拟评论"
"beauty-cleanser-taobao-1","beauty-cleanser","芙丽芳丝净润洗面霜 100g 天猫 618 活动款","美妆护肤","洁面","天猫 · Freeplus 芙丽芳丝 品牌天猫官方旗舰店","beauty-cleanser-taobao-1-3","5","positive","使用感受","质地和页面描述接近，日常使用的肤感比较舒服。","近 34 天","基于商品字段生成的拟真模拟评论"
"beauty-cleanser-taobao-1","beauty-cleanser","芙丽芳丝净润洗面霜 100g 天猫 618 活动款","美妆护肤","洁面","天猫 · Freeplus 芙丽芳丝 品牌天猫官方旗舰店","beauty-cleanser-taobao-1-4","5","positive","履约服务","天猫发货信息清楚，预计 2 天送达。","近 78 天","基于商品字段生成的拟真模拟评论"
"beauty-cleanser-taobao-1","beauty-cleanser","芙丽芳丝净润洗面霜 100g 天猫 618 活动款","美妆护肤","洁面","天猫 · Freeplus 芙丽芳丝 品牌天猫官方旗舰店","beauty-cleanser-taobao-1-5","4","positive","体验","发货速度快，包装也比较完整。","近 62 天","基于商品字段生成的拟真模拟评论"
"beauty-cleanser-taobao-1","beauty-cleanser","芙丽芳丝净润洗面霜 100g 天猫 618 活动款","美妆护肤","洁面","天猫 · Freeplus 芙丽芳丝 品牌天猫官方旗舰店","beauty-cleanser-taobao-1-6","3","negative","细节","部分细节和预期有差距，下单前要看清规格。","近 12 天","基于商品字段生成的拟真模拟评论"
"beauty-cleanser-taobao-1","beauty-cleanser","芙丽芳丝净润洗面霜 100g 天猫 618 活动款","美妆护肤","洁面","天猫 · Freeplus 芙丽芳丝 品牌天猫官方旗舰店","beauty-cleanser-taobao-1-7","2","negative","售后","退换流程需要按平台规则走，不算特别快。","近 9 天","基于商品字段生成的拟真模拟评论"
"beauty-cleanser-taobao-1","beauty-cleanser","芙丽芳丝净润洗面霜 100g 天猫 618 活动款","美妆护肤","洁面","天猫 · Freeplus 芙丽芳丝 品牌天猫官方旗舰店","beauty-cleanser-taobao-1-8","4","positive","价格","券后价格比线下便宜一些。","近 35 天","基于商品字段生成的拟真模拟评论"
"beauty-cleanser-taobao-1","beauty-cleanser","芙丽芳丝净润洗面霜 100g 天猫 618 活动款","美妆护肤","洁面","天猫 · Freeplus 芙丽芳丝 品牌天猫官方旗舰店","beauty-cleanser-taobao-1-9","5","positive","使用感受","包装完整，批次和规格信息清楚，使用体验符合预期。","近 22 天","基于商品字段生成的拟真模拟评论"
"beauty-cleanser-taobao-1","beauty-cleanser","芙丽芳丝净润洗面霜 100g 天猫 618 活动款","美妆护肤","洁面","天猫 · Freeplus 芙丽芳丝 品牌天猫官方旗舰店","beauty-cleanser-taobao-1-10","5","positive","履约服务","7 天无理由，退货运费险，下单前能比较明确地判断售后成本。","近 19 天","基于商品字段生成的拟真模拟评论"
"beauty-cleanser-taobao-1","beauty-cleanser","芙丽芳丝净润洗面霜 100g 天猫 618 活动款","美妆护肤","洁面","天猫 · Freeplus 芙丽芳丝 品牌天猫官方旗舰店","beauty-cleanser-taobao-1-11","5","positive","体验","实物和页面描述基本一致，整体满意。","近 10 天","基于商品字段生成的拟真模拟评论"
"beauty-cleanser-taobao-1","beauty-cleanser","芙丽芳丝净润洗面霜 100g 天猫 618 活动款","美妆护肤","洁面","天猫 · Freeplus 芙丽芳丝 品牌天猫官方旗舰店","beauty-cleanser-taobao-1-12","5","positive","价格","活动价入手比较划算，性价比可以。","近 67 天","基于商品字段生成的拟真模拟评论"
"beauty-cleanser-taobao-1","beauty-cleanser","芙丽芳丝净润洗面霜 100g 天猫 618 活动款","美妆护肤","洁面","天猫 · Freeplus 芙丽芳丝 品牌天猫官方旗舰店","beauty-cleanser-taobao-1-13","4","positive","使用感受","质地和页面描述接近，日常使用的肤感比较舒服。","近 10 天","基于商品字段生成的拟真模拟评论"
"beauty-cleanser-taobao-1","beauty-cleanser","芙丽芳丝净润洗面霜 100g 天猫 618 活动款","美妆护肤","洁面","天猫 · Freeplus 芙丽芳丝 品牌天猫官方旗舰店","beauty-cleanser-taobao-1-14","4","positive","履约服务","天猫发货信息清楚，预计 2 天送达。","近 88 天","基于商品字段生成的拟真模拟评论"
"beauty-cleanser-taobao-1","beauty-cleanser","芙丽芳丝净润洗面霜 100g 天猫 618 活动款","美妆护肤","洁面","天猫 · Freeplus 芙丽芳丝 品牌天猫官方旗舰店","beauty-cleanser-taobao-1-15","4","positive","体验","发货速度快，包装也比较完整。","近 87 天","基于商品字段生成的拟真模拟评论"
"beauty-cleanser-taobao-1","beauty-cleanser","芙丽芳丝净润洗面霜 100g 天猫 618 活动款","美妆护肤","洁面","天猫 · Freeplus 芙丽芳丝 品牌天猫官方旗舰店","beauty-cleanser-taobao-1-16","3","negative","个体适配","效果和肤质、色号或使用习惯相关，建议先试用再决定。","近 86 天","基于商品字段生成的拟真模拟评论"
"beauty-cleanser-taobao-1","beauty-cleanser","芙丽芳丝净润洗面霜 100g 天猫 618 活动款","美妆护肤","洁面","天猫 · Freeplus 芙丽芳丝 品牌天猫官方旗舰店","beauty-cleanser-taobao-1-17","3","negative","售后规则","退换仍需按“7 天无理由，退货运费险”执行，拆封或使用前要先确认条件。","近 57 天","基于商品字段生成的拟真模拟评论"
"beauty-cleanser-taobao-1","beauty-cleanser","芙丽芳丝净润洗面霜 100g 天猫 618 活动款","美妆护肤","洁面","天猫 · Freeplus 芙丽芳丝 品牌天猫官方旗舰店","beauty-cleanser-taobao-1-18","4","positive","价格","券后价格比线下便宜一些。","近 70 天","基于商品字段生成的拟真模拟评论"
"beauty-cleanser-taobao-1","beauty-cleanser","芙丽芳丝净润洗面霜 100g 天猫 618 活动款","美妆护肤","洁面","天猫 · Freeplus 芙丽芳丝 品牌天猫官方旗舰店","beauty-cleanser-taobao-1-19","4","positive","使用感受","包装完整，批次和规格信息清楚，使用体验符合预期。","近 30 天","基于商品字段生成的拟真模拟评论"
"beauty-cleanser-taobao-1","beauty-cleanser","芙丽芳丝净润洗面霜 100g 天猫 618 活动款","美妆护肤","洁面","天猫 · Freeplus 芙丽芳丝 品牌天猫官方旗舰店","beauty-cleanser-taobao-1-20","5","positive","履约服务","7 天无理由，退货运费险，下单前能比较明确地判断售后成本。","近 28 天","基于商品字段生成的拟真模拟评论"
"beauty-cleanser-taobao-1","beauty-cleanser","芙丽芳丝净润洗面霜 100g 天猫 618 活动款","美妆护肤","洁面","天猫 · Freeplus 芙丽芳丝 品牌天猫官方旗舰店","beauty-cleanser-taobao-1-21","5","positive","体验","实物和页面描述基本一致，整体满意。","近 36 天","基于商品字段生成的拟真模拟评论"
"beauty-cleanser-taobao-1","beauty-cleanser","芙丽芳丝净润洗面霜 100g 天猫 618 活动款","美妆护肤","洁面","天猫 · Freeplus 芙丽芳丝 品牌天猫官方旗舰店","beauty-cleanser-taobao-1-22","5","positive","价格","活动价入手比较划算，性价比可以。","近 86 天","基于商品字段生成的拟真模拟评论"
"beauty-cleanser-taobao-1","beauty-cleanser","芙丽芳丝净润洗面霜 100g 天猫 618 活动款","美妆护肤","洁面","天猫 · Freeplus 芙丽芳丝 品牌天猫官方旗舰店","beauty-cleanser-taobao-1-23","5","positive","使用感受","质地和页面描述接近，日常使用的肤感比较舒服。","近 57 天","基于商品字段生成的拟真模拟评论"
"beauty-cleanser-taobao-1","beauty-cleanser","芙丽芳丝净润洗面霜 100g 天猫 618 活动款","美妆护肤","洁面","天猫 · Freeplus 芙丽芳丝 品牌天猫官方旗舰店","beauty-cleanser-taobao-1-24","5","positive","履约服务","天猫发货信息清楚，预计 2 天送达。","近 44 天","基于商品字段生成的拟真模拟评论"
"beauty-cleanser-xiaohongshu-3","beauty-cleanser","芙丽芳丝净润洗面霜 100g 小红书商城 618 活动款","美妆护肤","洁面","小红书商城 · Freeplus 芙丽芳丝 小红书精选品牌店","beauty-cleanser-xiaohongshu-3-1","5","positive","体验","实物和页面描述基本一致，整体满意。","近 6 天","基于商品字段生成的拟真模拟评论"
"beauty-cleanser-xiaohongshu-3","beauty-cleanser","芙丽芳丝净润洗面霜 100g 小红书商城 618 活动款","美妆护肤","洁面","小红书商城 · Freeplus 芙丽芳丝 小红书精选品牌店","beauty-cleanser-xiaohongshu-3-2","2","negative","细节","部分细节和预期有差距，下单前要看清规格。","近 80 天","基于商品字段生成的拟真模拟评论"
"beauty-cleanser-xiaohongshu-3","beauty-cleanser","芙丽芳丝净润洗面霜 100g 小红书商城 618 活动款","美妆护肤","洁面","小红书商城 · Freeplus 芙丽芳丝 小红书精选品牌店","beauty-cleanser-xiaohongshu-3-3","5","positive","价格","活动价入手比较划算，性价比可以。","近 21 天","基于商品字段生成的拟真模拟评论"
"beauty-cleanser-xiaohongshu-3","beauty-cleanser","芙丽芳丝净润洗面霜 100g 小红书商城 618 活动款","美妆护肤","洁面","小红书商城 · Freeplus 芙丽芳丝 小红书精选品牌店","beauty-cleanser-xiaohongshu-3-4","2","negative","售后","退换流程需要按平台规则走，不算特别快。","近 86 天","基于商品字段生成的拟真模拟评论"
"beauty-cleanser-xiaohongshu-3","beauty-cleanser","芙丽芳丝净润洗面霜 100g 小红书商城 618 活动款","美妆护肤","洁面","小红书商城 · Freeplus 芙丽芳丝 小红书精选品牌店","beauty-cleanser-xiaohongshu-3-5","5","positive","使用感受","质地和页面描述接近，日常使用的肤感比较舒服。","近 79 天","基于商品字段生成的拟真模拟评论"
"beauty-cleanser-xiaohongshu-3","beauty-cleanser","芙丽芳丝净润洗面霜 100g 小红书商城 618 活动款","美妆护肤","洁面","小红书商城 · Freeplus 芙丽芳丝 小红书精选品牌店","beauty-cleanser-xiaohongshu-3-6","5","positive","履约服务","小红书商城发货信息清楚，预计 3 天送达。","近 83 天","基于商品字段生成的拟真模拟评论"
"beauty-cleanser-xiaohongshu-3","beauty-cleanser","芙丽芳丝净润洗面霜 100g 小红书商城 618 活动款","美妆护肤","洁面","小红书商城 · Freeplus 芙丽芳丝 小红书精选品牌店","beauty-cleanser-xiaohongshu-3-7","5","positive","体验","发货速度快，包装也比较完整。","近 14 天","基于商品字段生成的拟真模拟评论"
"beauty-cleanser-xiaohongshu-3","beauty-cleanser","芙丽芳丝净润洗面霜 100g 小红书商城 618 活动款","美妆护肤","洁面","小红书商城 · Freeplus 芙丽芳丝 小红书精选品牌店","beauty-cleanser-xiaohongshu-3-8","5","positive","价格","券后价格比线下便宜一些。","近 53 天","基于商品字段生成的拟真模拟评论"
"beauty-cleanser-xiaohongshu-3","beauty-cleanser","芙丽芳丝净润洗面霜 100g 小红书商城 618 活动款","美妆护肤","洁面","小红书商城 · Freeplus 芙丽芳丝 小红书精选品牌店","beauty-cleanser-xiaohongshu-3-9","5","positive","使用感受","包装完整，批次和规格信息清楚，使用体验符合预期。","近 14 天","基于商品字段生成的拟真模拟评论"
"beauty-cleanser-xiaohongshu-3","beauty-cleanser","芙丽芳丝净润洗面霜 100g 小红书商城 618 活动款","美妆护肤","洁面","小红书商城 · Freeplus 芙丽芳丝 小红书精选品牌店","beauty-cleanser-xiaohongshu-3-10","5","positive","履约服务","未拆封支持 7 天退货，下单前能比较明确地判断售后成本。","近 31 天","基于商品字段生成的拟真模拟评论"
"beauty-cleanser-xiaohongshu-3","beauty-cleanser","芙丽芳丝净润洗面霜 100g 小红书商城 618 活动款","美妆护肤","洁面","小红书商城 · Freeplus 芙丽芳丝 小红书精选品牌店","beauty-cleanser-xiaohongshu-3-11","4","positive","体验","实物和页面描述基本一致，整体满意。","近 19 天","基于商品字段生成的拟真模拟评论"
"beauty-cleanser-xiaohongshu-3","beauty-cleanser","芙丽芳丝净润洗面霜 100g 小红书商城 618 活动款","美妆护肤","洁面","小红书商城 · Freeplus 芙丽芳丝 小红书精选品牌店","beauty-cleanser-xiaohongshu-3-12","2","negative","个体适配","效果和肤质、色号或使用习惯相关，建议先试用再决定。","近 21 天","基于商品字段生成的拟真模拟评论"
"beauty-cleanser-xiaohongshu-3","beauty-cleanser","芙丽芳丝净润洗面霜 100g 小红书商城 618 活动款","美妆护肤","洁面","小红书商城 · Freeplus 芙丽芳丝 小红书精选品牌店","beauty-cleanser-xiaohongshu-3-13","5","positive","价格","活动价入手比较划算，性价比可以。","近 3 天","基于商品字段生成的拟真模拟评论"
"beauty-cleanser-xiaohongshu-3","beauty-cleanser","芙丽芳丝净润洗面霜 100g 小红书商城 618 活动款","美妆护肤","洁面","小红书商城 · Freeplus 芙丽芳丝 小红书精选品牌店","beauty-cleanser-xiaohongshu-3-14","5","positive","使用感受","质地和页面描述接近，日常使用的肤感比较舒服。","近 33 天","基于商品字段生成的拟真模拟评论"
"beauty-cleanser-xiaohongshu-3","beauty-cleanser","芙丽芳丝净润洗面霜 100g 小红书商城 618 活动款","美妆护肤","洁面","小红书商城 · Freeplus 芙丽芳丝 小红书精选品牌店","beauty-cleanser-xiaohongshu-3-15","3","negative","售后规则","退换仍需按“未拆封支持 7 天退货”执行，拆封或使用前要先确认条件。","近 21 天","基于商品字段生成的拟真模拟评论"
"beauty-cleanser-xiaohongshu-3","beauty-cleanser","芙丽芳丝净润洗面霜 100g 小红书商城 618 活动款","美妆护肤","洁面","小红书商城 · Freeplus 芙丽芳丝 小红书精选品牌店","beauty-cleanser-xiaohongshu-3-16","3","negative","细节","客服解释比较慢，急用要提前确认。","近 43 天","基于商品字段生成的拟真模拟评论"
"beauty-cleanser-xiaohongshu-3","beauty-cleanser","芙丽芳丝净润洗面霜 100g 小红书商城 618 活动款","美妆护肤","洁面","小红书商城 · Freeplus 芙丽芳丝 小红书精选品牌店","beauty-cleanser-xiaohongshu-3-17","5","positive","履约服务","小红书商城发货信息清楚，预计 3 天送达。","近 73 天","基于商品字段生成的拟真模拟评论"
"beauty-cleanser-xiaohongshu-3","beauty-cleanser","芙丽芳丝净润洗面霜 100g 小红书商城 618 活动款","美妆护肤","洁面","小红书商城 · Freeplus 芙丽芳丝 小红书精选品牌店","beauty-cleanser-xiaohongshu-3-18","3","negative","售后","赠品和主商品分开发货，等待时间更久。","近 30 天","基于商品字段生成的拟真模拟评论"
"beauty-cleanser-xiaohongshu-3","beauty-cleanser","芙丽芳丝净润洗面霜 100g 小红书商城 618 活动款","美妆护肤","洁面","小红书商城 · Freeplus 芙丽芳丝 小红书精选品牌店","beauty-cleanser-xiaohongshu-3-19","5","positive","体验","发货速度快，包装也比较完整。","近 73 天","基于商品字段生成的拟真模拟评论"
"beauty-cleanser-xiaohongshu-3","beauty-cleanser","芙丽芳丝净润洗面霜 100g 小红书商城 618 活动款","美妆护肤","洁面","小红书商城 · Freeplus 芙丽芳丝 小红书精选品牌店","beauty-cleanser-xiaohongshu-3-20","5","positive","价格","券后价格比线下便宜一些。","近 5 天","基于商品字段生成的拟真模拟评论"
"beauty-cleanser-xiaohongshu-3","beauty-cleanser","芙丽芳丝净润洗面霜 100g 小红书商城 618 活动款","美妆护肤","洁面","小红书商城 · Freeplus 芙丽芳丝 小红书精选品牌店","beauty-cleanser-xiaohongshu-3-21","3","negative","个体适配","香味、色号和肤感主观差异较大，不一定适合所有人。","近 64 天","基于商品字段生成的拟真模拟评论"
"beauty-cleanser-xiaohongshu-3","beauty-cleanser","芙丽芳丝净润洗面霜 100g 小红书商城 618 活动款","美妆护肤","洁面","小红书商城 · Freeplus 芙丽芳丝 小红书精选品牌店","beauty-cleanser-xiaohongshu-3-22","5","positive","使用感受","包装完整，批次和规格信息清楚，使用体验符合预期。","近 14 天","基于商品字段生成的拟真模拟评论"
"beauty-cleanser-xiaohongshu-3","beauty-cleanser","芙丽芳丝净润洗面霜 100g 小红书商城 618 活动款","美妆护肤","洁面","小红书商城 · Freeplus 芙丽芳丝 小红书精选品牌店","beauty-cleanser-xiaohongshu-3-23","5","positive","履约服务","未拆封支持 7 天退货，下单前能比较明确地判断售后成本。","近 35 天","基于商品字段生成的拟真模拟评论"
"beauty-cleanser-xiaohongshu-3","beauty-cleanser","芙丽芳丝净润洗面霜 100g 小红书商城 618 活动款","美妆护肤","洁面","小红书商城 · Freeplus 芙丽芳丝 小红书精选品牌店","beauty-cleanser-xiaohongshu-3-24","5","positive","体验","实物和页面描述基本一致，整体满意。","近 46 天","基于商品字段生成的拟真模拟评论"
"beauty-cleanser-kaola-4","beauty-cleanser","芙丽芳丝净润洗面霜 100g 考拉海购 618 活动款","美妆护肤","洁面","考拉海购 · Freeplus 芙丽芳丝 考拉海购自营","beauty-cleanser-kaola-4-1","5","positive","体验","实物和页面描述基本一致，整体满意。","近 82 天","基于商品字段生成的拟真模拟评论"
"beauty-cleanser-kaola-4","beauty-cleanser","芙丽芳丝净润洗面霜 100g 考拉海购 618 活动款","美妆护肤","洁面","考拉海购 · Freeplus 芙丽芳丝 考拉海购自营","beauty-cleanser-kaola-4-2","5","positive","价格","活动价入手比较划算，性价比可以。","近 40 天","基于商品字段生成的拟真模拟评论"
"beauty-cleanser-kaola-4","beauty-cleanser","芙丽芳丝净润洗面霜 100g 考拉海购 618 活动款","美妆护肤","洁面","考拉海购 · Freeplus 芙丽芳丝 考拉海购自营","beauty-cleanser-kaola-4-3","3","negative","细节","部分细节和预期有差距，下单前要看清规格。","近 58 天","基于商品字段生成的拟真模拟评论"
"beauty-cleanser-kaola-4","beauty-cleanser","芙丽芳丝净润洗面霜 100g 考拉海购 618 活动款","美妆护肤","洁面","考拉海购 · Freeplus 芙丽芳丝 考拉海购自营","beauty-cleanser-kaola-4-4","5","positive","使用感受","质地和页面描述接近，日常使用的肤感比较舒服。","近 48 天","基于商品字段生成的拟真模拟评论"
"beauty-cleanser-kaola-4","beauty-cleanser","芙丽芳丝净润洗面霜 100g 考拉海购 618 活动款","美妆护肤","洁面","考拉海购 · Freeplus 芙丽芳丝 考拉海购自营","beauty-cleanser-kaola-4-5","5","positive","履约服务","考拉海购发货信息清楚，预计 4-7 天送达。","近 10 天","基于商品字段生成的拟真模拟评论"
"beauty-cleanser-kaola-4","beauty-cleanser","芙丽芳丝净润洗面霜 100g 考拉海购 618 活动款","美妆护肤","洁面","考拉海购 · Freeplus 芙丽芳丝 考拉海购自营","beauty-cleanser-kaola-4-6","5","positive","体验","发货速度快，包装也比较完整。","近 9 天","基于商品字段生成的拟真模拟评论"
"beauty-cleanser-kaola-4","beauty-cleanser","芙丽芳丝净润洗面霜 100g 考拉海购 618 活动款","美妆护肤","洁面","考拉海购 · Freeplus 芙丽芳丝 考拉海购自营","beauty-cleanser-kaola-4-7","4","positive","价格","券后价格比线下便宜一些。","近 47 天","基于商品字段生成的拟真模拟评论"
"beauty-cleanser-kaola-4","beauty-cleanser","芙丽芳丝净润洗面霜 100g 考拉海购 618 活动款","美妆护肤","洁面","考拉海购 · Freeplus 芙丽芳丝 考拉海购自营","beauty-cleanser-kaola-4-8","4","positive","使用感受","包装完整，批次和规格信息清楚，使用体验符合预期。","近 80 天","基于商品字段生成的拟真模拟评论"
"beauty-cleanser-kaola-4","beauty-cleanser","芙丽芳丝净润洗面霜 100g 考拉海购 618 活动款","美妆护肤","洁面","考拉海购 · Freeplus 芙丽芳丝 考拉海购自营","beauty-cleanser-kaola-4-9","5","positive","履约服务","跨境商品未拆封支持退货，下单前能比较明确地判断售后成本。","近 51 天","基于商品字段生成的拟真模拟评论"
"beauty-cleanser-kaola-4","beauty-cleanser","芙丽芳丝净润洗面霜 100g 考拉海购 618 活动款","美妆护肤","洁面","考拉海购 · Freeplus 芙丽芳丝 考拉海购自营","beauty-cleanser-kaola-4-10","2","negative","售后","退换流程需要按平台规则走，不算特别快。","近 80 天","基于商品字段生成的拟真模拟评论"
"beauty-cleanser-kaola-4","beauty-cleanser","芙丽芳丝净润洗面霜 100g 考拉海购 618 活动款","美妆护肤","洁面","考拉海购 · Freeplus 芙丽芳丝 考拉海购自营","beauty-cleanser-kaola-4-11","4","positive","体验","实物和页面描述基本一致，整体满意。","近 57 天","基于商品字段生成的拟真模拟评论"
"beauty-cleanser-kaola-4","beauty-cleanser","芙丽芳丝净润洗面霜 100g 考拉海购 618 活动款","美妆护肤","洁面","考拉海购 · Freeplus 芙丽芳丝 考拉海购自营","beauty-cleanser-kaola-4-12","2","negative","个体适配","效果和肤质、色号或使用习惯相关，建议先试用再决定。","近 4 天","基于商品字段生成的拟真模拟评论"
"beauty-cleanser-kaola-4","beauty-cleanser","芙丽芳丝净润洗面霜 100g 考拉海购 618 活动款","美妆护肤","洁面","考拉海购 · Freeplus 芙丽芳丝 考拉海购自营","beauty-cleanser-kaola-4-13","2","negative","售后规则","退换仍需按“跨境商品未拆封支持退货”执行，拆封或使用前要先确认条件。","近 46 天","基于商品字段生成的拟真模拟评论"
"beauty-cleanser-kaola-4","beauty-cleanser","芙丽芳丝净润洗面霜 100g 考拉海购 618 活动款","美妆护肤","洁面","考拉海购 · Freeplus 芙丽芳丝 考拉海购自营","beauty-cleanser-kaola-4-14","5","positive","价格","活动价入手比较划算，性价比可以。","近 3 天","基于商品字段生成的拟真模拟评论"
"beauty-cleanser-kaola-4","beauty-cleanser","芙丽芳丝净润洗面霜 100g 考拉海购 618 活动款","美妆护肤","洁面","考拉海购 · Freeplus 芙丽芳丝 考拉海购自营","beauty-cleanser-kaola-4-15","5","positive","使用感受","质地和页面描述接近，日常使用的肤感比较舒服。","近 39 天","基于商品字段生成的拟真模拟评论"
"beauty-cleanser-kaola-4","beauty-cleanser","芙丽芳丝净润洗面霜 100g 考拉海购 618 活动款","美妆护肤","洁面","考拉海购 · Freeplus 芙丽芳丝 考拉海购自营","beauty-cleanser-kaola-4-16","5","positive","履约服务","考拉海购发货信息清楚，预计 4-7 天送达。","近 44 天","基于商品字段生成的拟真模拟评论"
"beauty-cleanser-kaola-4","beauty-cleanser","芙丽芳丝净润洗面霜 100g 考拉海购 618 活动款","美妆护肤","洁面","考拉海购 · Freeplus 芙丽芳丝 考拉海购自营","beauty-cleanser-kaola-4-17","4","positive","体验","发货速度快，包装也比较完整。","近 44 天","基于商品字段生成的拟真模拟评论"
"beauty-cleanser-kaola-4","beauty-cleanser","芙丽芳丝净润洗面霜 100g 考拉海购 618 活动款","美妆护肤","洁面","考拉海购 · Freeplus 芙丽芳丝 考拉海购自营","beauty-cleanser-kaola-4-18","5","positive","价格","券后价格比线下便宜一些。","近 38 天","基于商品字段生成的拟真模拟评论"
"beauty-cleanser-kaola-4","beauty-cleanser","芙丽芳丝净润洗面霜 100g 考拉海购 618 活动款","美妆护肤","洁面","考拉海购 · Freeplus 芙丽芳丝 考拉海购自营","beauty-cleanser-kaola-4-19","5","positive","使用感受","包装完整，批次和规格信息清楚，使用体验符合预期。","近 59 天","基于商品字段生成的拟真模拟评论"
"beauty-cleanser-kaola-4","beauty-cleanser","芙丽芳丝净润洗面霜 100g 考拉海购 618 活动款","美妆护肤","洁面","考拉海购 · Freeplus 芙丽芳丝 考拉海购自营","beauty-cleanser-kaola-4-20","5","positive","履约服务","跨境商品未拆封支持退货，下单前能比较明确地判断售后成本。","近 76 天","基于商品字段生成的拟真模拟评论"
"beauty-cleanser-kaola-4","beauty-cleanser","芙丽芳丝净润洗面霜 100g 考拉海购 618 活动款","美妆护肤","洁面","考拉海购 · Freeplus 芙丽芳丝 考拉海购自营","beauty-cleanser-kaola-4-21","5","positive","体验","实物和页面描述基本一致，整体满意。","近 9 天","基于商品字段生成的拟真模拟评论"
"beauty-cleanser-kaola-4","beauty-cleanser","芙丽芳丝净润洗面霜 100g 考拉海购 618 活动款","美妆护肤","洁面","考拉海购 · Freeplus 芙丽芳丝 考拉海购自营","beauty-cleanser-kaola-4-22","4","positive","价格","活动价入手比较划算，性价比可以。","近 20 天","基于商品字段生成的拟真模拟评论"
"beauty-cleanser-kaola-4","beauty-cleanser","芙丽芳丝净润洗面霜 100g 考拉海购 618 活动款","美妆护肤","洁面","考拉海购 · Freeplus 芙丽芳丝 考拉海购自营","beauty-cleanser-kaola-4-23","5","positive","使用感受","质地和页面描述接近，日常使用的肤感比较舒服。","近 30 天","基于商品字段生成的拟真模拟评论"
"beauty-cleanser-kaola-4","beauty-cleanser","芙丽芳丝净润洗面霜 100g 考拉海购 618 活动款","美妆护肤","洁面","考拉海购 · Freeplus 芙丽芳丝 考拉海购自营","beauty-cleanser-kaola-4-24","5","positive","履约服务","考拉海购发货信息清楚，预计 4-7 天送达。","近 88 天","基于商品字段生成的拟真模拟评论"
"beauty-cleanser-brand-5","beauty-cleanser","芙丽芳丝净润洗面霜 100g 品牌官网 618 活动款","美妆护肤","洁面","品牌官网 · Freeplus 芙丽芳丝 品牌官方网站","beauty-cleanser-brand-5-1","5","positive","体验","实物和页面描述基本一致，整体满意。","近 70 天","基于商品字段生成的拟真模拟评论"
"beauty-cleanser-brand-5","beauty-cleanser","芙丽芳丝净润洗面霜 100g 品牌官网 618 活动款","美妆护肤","洁面","品牌官网 · Freeplus 芙丽芳丝 品牌官方网站","beauty-cleanser-brand-5-2","5","positive","价格","活动价入手比较划算，性价比可以。","近 86 天","基于商品字段生成的拟真模拟评论"
"beauty-cleanser-brand-5","beauty-cleanser","芙丽芳丝净润洗面霜 100g 品牌官网 618 活动款","美妆护肤","洁面","品牌官网 · Freeplus 芙丽芳丝 品牌官方网站","beauty-cleanser-brand-5-3","3","negative","细节","部分细节和预期有差距，下单前要看清规格。","近 2 天","基于商品字段生成的拟真模拟评论"
"beauty-cleanser-brand-5","beauty-cleanser","芙丽芳丝净润洗面霜 100g 品牌官网 618 活动款","美妆护肤","洁面","品牌官网 · Freeplus 芙丽芳丝 品牌官方网站","beauty-cleanser-brand-5-4","4","positive","使用感受","质地和页面描述接近，日常使用的肤感比较舒服。","近 48 天","基于商品字段生成的拟真模拟评论"
"beauty-cleanser-brand-5","beauty-cleanser","芙丽芳丝净润洗面霜 100g 品牌官网 618 活动款","美妆护肤","洁面","品牌官网 · Freeplus 芙丽芳丝 品牌官方网站","beauty-cleanser-brand-5-5","5","positive","履约服务","品牌官网发货信息清楚，预计 2-3 天送达。","近 85 天","基于商品字段生成的拟真模拟评论"
"beauty-cleanser-brand-5","beauty-cleanser","芙丽芳丝净润洗面霜 100g 品牌官网 618 活动款","美妆护肤","洁面","品牌官网 · Freeplus 芙丽芳丝 品牌官方网站","beauty-cleanser-brand-5-6","5","positive","体验","发货速度快，包装也比较完整。","近 30 天","基于商品字段生成的拟真模拟评论"
"beauty-cleanser-brand-5","beauty-cleanser","芙丽芳丝净润洗面霜 100g 品牌官网 618 活动款","美妆护肤","洁面","品牌官网 · Freeplus 芙丽芳丝 品牌官方网站","beauty-cleanser-brand-5-7","5","positive","价格","券后价格比线下便宜一些。","近 7 天","基于商品字段生成的拟真模拟评论"
"beauty-cleanser-brand-5","beauty-cleanser","芙丽芳丝净润洗面霜 100g 品牌官网 618 活动款","美妆护肤","洁面","品牌官网 · Freeplus 芙丽芳丝 品牌官方网站","beauty-cleanser-brand-5-8","5","positive","使用感受","包装完整，批次和规格信息清楚，使用体验符合预期。","近 33 天","基于商品字段生成的拟真模拟评论"
"beauty-cleanser-brand-5","beauty-cleanser","芙丽芳丝净润洗面霜 100g 品牌官网 618 活动款","美妆护肤","洁面","品牌官网 · Freeplus 芙丽芳丝 品牌官方网站","beauty-cleanser-brand-5-9","5","positive","履约服务","官方 7 天退换政策，下单前能比较明确地判断售后成本。","近 26 天","基于商品字段生成的拟真模拟评论"
"beauty-cleanser-brand-5","beauty-cleanser","芙丽芳丝净润洗面霜 100g 品牌官网 618 活动款","美妆护肤","洁面","品牌官网 · Freeplus 芙丽芳丝 品牌官方网站","beauty-cleanser-brand-5-10","5","positive","体验","实物和页面描述基本一致，整体满意。","近 24 天","基于商品字段生成的拟真模拟评论"
"beauty-cleanser-brand-5","beauty-cleanser","芙丽芳丝净润洗面霜 100g 品牌官网 618 活动款","美妆护肤","洁面","品牌官网 · Freeplus 芙丽芳丝 品牌官方网站","beauty-cleanser-brand-5-11","5","positive","价格","活动价入手比较划算，性价比可以。","近 27 天","基于商品字段生成的拟真模拟评论"
"beauty-cleanser-brand-5","beauty-cleanser","芙丽芳丝净润洗面霜 100g 品牌官网 618 活动款","美妆护肤","洁面","品牌官网 · Freeplus 芙丽芳丝 品牌官方网站","beauty-cleanser-brand-5-12","2","negative","售后","退换流程需要按平台规则走，不算特别快。","近 60 天","基于商品字段生成的拟真模拟评论"
"beauty-cleanser-brand-5","beauty-cleanser","芙丽芳丝净润洗面霜 100g 品牌官网 618 活动款","美妆护肤","洁面","品牌官网 · Freeplus 芙丽芳丝 品牌官方网站","beauty-cleanser-brand-5-13","5","positive","使用感受","质地和页面描述接近，日常使用的肤感比较舒服。","近 52 天","基于商品字段生成的拟真模拟评论"
"beauty-cleanser-brand-5","beauty-cleanser","芙丽芳丝净润洗面霜 100g 品牌官网 618 活动款","美妆护肤","洁面","品牌官网 · Freeplus 芙丽芳丝 品牌官方网站","beauty-cleanser-brand-5-14","5","positive","履约服务","品牌官网发货信息清楚，预计 2-3 天送达。","近 10 天","基于商品字段生成的拟真模拟评论"
"beauty-cleanser-brand-5","beauty-cleanser","芙丽芳丝净润洗面霜 100g 品牌官网 618 活动款","美妆护肤","洁面","品牌官网 · Freeplus 芙丽芳丝 品牌官方网站","beauty-cleanser-brand-5-15","4","positive","体验","发货速度快，包装也比较完整。","近 7 天","基于商品字段生成的拟真模拟评论"
"beauty-cleanser-brand-5","beauty-cleanser","芙丽芳丝净润洗面霜 100g 品牌官网 618 活动款","美妆护肤","洁面","品牌官网 · Freeplus 芙丽芳丝 品牌官方网站","beauty-cleanser-brand-5-16","3","negative","个体适配","效果和肤质、色号或使用习惯相关，建议先试用再决定。","近 55 天","基于商品字段生成的拟真模拟评论"
"beauty-cleanser-brand-5","beauty-cleanser","芙丽芳丝净润洗面霜 100g 品牌官网 618 活动款","美妆护肤","洁面","品牌官网 · Freeplus 芙丽芳丝 品牌官方网站","beauty-cleanser-brand-5-17","5","positive","价格","券后价格比线下便宜一些。","近 83 天","基于商品字段生成的拟真模拟评论"
"beauty-cleanser-brand-5","beauty-cleanser","芙丽芳丝净润洗面霜 100g 品牌官网 618 活动款","美妆护肤","洁面","品牌官网 · Freeplus 芙丽芳丝 品牌官方网站","beauty-cleanser-brand-5-18","5","positive","使用感受","包装完整，批次和规格信息清楚，使用体验符合预期。","近 6 天","基于商品字段生成的拟真模拟评论"
"beauty-cleanser-brand-5","beauty-cleanser","芙丽芳丝净润洗面霜 100g 品牌官网 618 活动款","美妆护肤","洁面","品牌官网 · Freeplus 芙丽芳丝 品牌官方网站","beauty-cleanser-brand-5-19","4","positive","履约服务","官方 7 天退换政策，下单前能比较明确地判断售后成本。","近 18 天","基于商品字段生成的拟真模拟评论"
"beauty-cleanser-brand-5","beauty-cleanser","芙丽芳丝净润洗面霜 100g 品牌官网 618 活动款","美妆护肤","洁面","品牌官网 · Freeplus 芙丽芳丝 品牌官方网站","beauty-cleanser-brand-5-20","5","positive","体验","实物和页面描述基本一致，整体满意。","近 42 天","基于商品字段生成的拟真模拟评论"
"beauty-cleanser-brand-5","beauty-cleanser","芙丽芳丝净润洗面霜 100g 品牌官网 618 活动款","美妆护肤","洁面","品牌官网 · Freeplus 芙丽芳丝 品牌官方网站","beauty-cleanser-brand-5-21","5","positive","价格","活动价入手比较划算，性价比可以。","近 18 天","基于商品字段生成的拟真模拟评论"
"beauty-cleanser-brand-5","beauty-cleanser","芙丽芳丝净润洗面霜 100g 品牌官网 618 活动款","美妆护肤","洁面","品牌官网 · Freeplus 芙丽芳丝 品牌官方网站","beauty-cleanser-brand-5-22","5","positive","使用感受","质地和页面描述接近，日常使用的肤感比较舒服。","近 84 天","基于商品字段生成的拟真模拟评论"
"beauty-cleanser-brand-5","beauty-cleanser","芙丽芳丝净润洗面霜 100g 品牌官网 618 活动款","美妆护肤","洁面","品牌官网 · Freeplus 芙丽芳丝 品牌官方网站","beauty-cleanser-brand-5-23","3","negative","售后规则","退换仍需按“官方 7 天退换政策”执行，拆封或使用前要先确认条件。","近 48 天","基于商品字段生成的拟真模拟评论"
"beauty-cleanser-brand-5","beauty-cleanser","芙丽芳丝净润洗面霜 100g 品牌官网 618 活动款","美妆护肤","洁面","品牌官网 · Freeplus 芙丽芳丝 品牌官方网站","beauty-cleanser-brand-5-24","5","positive","履约服务","品牌官网发货信息清楚，预计 2-3 天送达。","近 78 天","基于商品字段生成的拟真模拟评论"
"beauty-cleanser-jd-2","beauty-cleanser","芙丽芳丝净润洗面霜 100g 京东 618 活动款","美妆护肤","洁面","京东 · Freeplus 芙丽芳丝 京东自营旗舰店","beauty-cleanser-jd-2-1","5","positive","体验","实物和页面描述基本一致，整体满意。","近 67 天","基于商品字段生成的拟真模拟评论"
"beauty-cleanser-jd-2","beauty-cleanser","芙丽芳丝净润洗面霜 100g 京东 618 活动款","美妆护肤","洁面","京东 · Freeplus 芙丽芳丝 京东自营旗舰店","beauty-cleanser-jd-2-2","3","negative","细节","部分细节和预期有差距，下单前要看清规格。","近 9 天","基于商品字段生成的拟真模拟评论"
"beauty-cleanser-jd-2","beauty-cleanser","芙丽芳丝净润洗面霜 100g 京东 618 活动款","美妆护肤","洁面","京东 · Freeplus 芙丽芳丝 京东自营旗舰店","beauty-cleanser-jd-2-3","5","positive","价格","活动价入手比较划算，性价比可以。","近 72 天","基于商品字段生成的拟真模拟评论"
"beauty-cleanser-jd-2","beauty-cleanser","芙丽芳丝净润洗面霜 100g 京东 618 活动款","美妆护肤","洁面","京东 · Freeplus 芙丽芳丝 京东自营旗舰店","beauty-cleanser-jd-2-4","5","positive","使用感受","质地和页面描述接近，日常使用的肤感比较舒服。","近 86 天","基于商品字段生成的拟真模拟评论"
"beauty-cleanser-jd-2","beauty-cleanser","芙丽芳丝净润洗面霜 100g 京东 618 活动款","美妆护肤","洁面","京东 · Freeplus 芙丽芳丝 京东自营旗舰店","beauty-cleanser-jd-2-5","5","positive","履约服务","京东发货信息清楚，次日送达。","近 47 天","基于商品字段生成的拟真模拟评论"
"beauty-cleanser-jd-2","beauty-cleanser","芙丽芳丝净润洗面霜 100g 京东 618 活动款","美妆护肤","洁面","京东 · Freeplus 芙丽芳丝 京东自营旗舰店","beauty-cleanser-jd-2-6","5","positive","体验","发货速度快，包装也比较完整。","近 57 天","基于商品字段生成的拟真模拟评论"
"beauty-cleanser-jd-2","beauty-cleanser","芙丽芳丝净润洗面霜 100g 京东 618 活动款","美妆护肤","洁面","京东 · Freeplus 芙丽芳丝 京东自营旗舰店","beauty-cleanser-jd-2-7","3","negative","售后","退换流程需要按平台规则走，不算特别快。","近 11 天","基于商品字段生成的拟真模拟评论"
"beauty-cleanser-jd-2","beauty-cleanser","芙丽芳丝净润洗面霜 100g 京东 618 活动款","美妆护肤","洁面","京东 · Freeplus 芙丽芳丝 京东自营旗舰店","beauty-cleanser-jd-2-8","5","positive","价格","券后价格比线下便宜一些。","近 22 天","基于商品字段生成的拟真模拟评论"
"beauty-cleanser-jd-2","beauty-cleanser","芙丽芳丝净润洗面霜 100g 京东 618 活动款","美妆护肤","洁面","京东 · Freeplus 芙丽芳丝 京东自营旗舰店","beauty-cleanser-jd-2-9","2","negative","个体适配","效果和肤质、色号或使用习惯相关，建议先试用再决定。","近 54 天","基于商品字段生成的拟真模拟评论"
"beauty-cleanser-jd-2","beauty-cleanser","芙丽芳丝净润洗面霜 100g 京东 618 活动款","美妆护肤","洁面","京东 · Freeplus 芙丽芳丝 京东自营旗舰店","beauty-cleanser-jd-2-10","5","positive","使用感受","包装完整，批次和规格信息清楚，使用体验符合预期。","近 39 天","基于商品字段生成的拟真模拟评论"
"beauty-cleanser-jd-2","beauty-cleanser","芙丽芳丝净润洗面霜 100g 京东 618 活动款","美妆护肤","洁面","京东 · Freeplus 芙丽芳丝 京东自营旗舰店","beauty-cleanser-jd-2-11","5","positive","履约服务","7 天无理由，支持上门取件，下单前能比较明确地判断售后成本。","近 9 天","基于商品字段生成的拟真模拟评论"
"beauty-cleanser-jd-2","beauty-cleanser","芙丽芳丝净润洗面霜 100g 京东 618 活动款","美妆护肤","洁面","京东 · Freeplus 芙丽芳丝 京东自营旗舰店","beauty-cleanser-jd-2-12","5","positive","体验","实物和页面描述基本一致，整体满意。","近 70 天","基于商品字段生成的拟真模拟评论"
"beauty-cleanser-jd-2","beauty-cleanser","芙丽芳丝净润洗面霜 100g 京东 618 活动款","美妆护肤","洁面","京东 · Freeplus 芙丽芳丝 京东自营旗舰店","beauty-cleanser-jd-2-13","5","positive","价格","活动价入手比较划算，性价比可以。","近 44 天","基于商品字段生成的拟真模拟评论"
"beauty-cleanser-jd-2","beauty-cleanser","芙丽芳丝净润洗面霜 100g 京东 618 活动款","美妆护肤","洁面","京东 · Freeplus 芙丽芳丝 京东自营旗舰店","beauty-cleanser-jd-2-14","5","positive","使用感受","质地和页面描述接近，日常使用的肤感比较舒服。","近 66 天","基于商品字段生成的拟真模拟评论"
"beauty-cleanser-jd-2","beauty-cleanser","芙丽芳丝净润洗面霜 100g 京东 618 活动款","美妆护肤","洁面","京东 · Freeplus 芙丽芳丝 京东自营旗舰店","beauty-cleanser-jd-2-15","3","negative","售后规则","退换仍需按“7 天无理由，支持上门取件”执行，拆封或使用前要先确认条件。","近 78 天","基于商品字段生成的拟真模拟评论"
"beauty-cleanser-jd-2","beauty-cleanser","芙丽芳丝净润洗面霜 100g 京东 618 活动款","美妆护肤","洁面","京东 · Freeplus 芙丽芳丝 京东自营旗舰店","beauty-cleanser-jd-2-16","5","positive","履约服务","京东发货信息清楚，次日送达。","近 51 天","基于商品字段生成的拟真模拟评论"
"beauty-cleanser-jd-2","beauty-cleanser","芙丽芳丝净润洗面霜 100g 京东 618 活动款","美妆护肤","洁面","京东 · Freeplus 芙丽芳丝 京东自营旗舰店","beauty-cleanser-jd-2-17","5","positive","体验","发货速度快，包装也比较完整。","近 81 天","基于商品字段生成的拟真模拟评论"
"beauty-cleanser-jd-2","beauty-cleanser","芙丽芳丝净润洗面霜 100g 京东 618 活动款","美妆护肤","洁面","京东 · Freeplus 芙丽芳丝 京东自营旗舰店","beauty-cleanser-jd-2-18","5","positive","价格","券后价格比线下便宜一些。","近 19 天","基于商品字段生成的拟真模拟评论"
"beauty-cleanser-jd-2","beauty-cleanser","芙丽芳丝净润洗面霜 100g 京东 618 活动款","美妆护肤","洁面","京东 · Freeplus 芙丽芳丝 京东自营旗舰店","beauty-cleanser-jd-2-19","5","positive","使用感受","包装完整，批次和规格信息清楚，使用体验符合预期。","近 36 天","基于商品字段生成的拟真模拟评论"
"beauty-cleanser-jd-2","beauty-cleanser","芙丽芳丝净润洗面霜 100g 京东 618 活动款","美妆护肤","洁面","京东 · Freeplus 芙丽芳丝 京东自营旗舰店","beauty-cleanser-jd-2-20","4","positive","履约服务","7 天无理由，支持上门取件，下单前能比较明确地判断售后成本。","近 66 天","基于商品字段生成的拟真模拟评论"
"beauty-cleanser-jd-2","beauty-cleanser","芙丽芳丝净润洗面霜 100g 京东 618 活动款","美妆护肤","洁面","京东 · Freeplus 芙丽芳丝 京东自营旗舰店","beauty-cleanser-jd-2-21","5","positive","体验","实物和页面描述基本一致，整体满意。","近 18 天","基于商品字段生成的拟真模拟评论"
"beauty-cleanser-jd-2","beauty-cleanser","芙丽芳丝净润洗面霜 100g 京东 618 活动款","美妆护肤","洁面","京东 · Freeplus 芙丽芳丝 京东自营旗舰店","beauty-cleanser-jd-2-22","5","positive","价格","活动价入手比较划算，性价比可以。","近 13 天","基于商品字段生成的拟真模拟评论"
"beauty-cleanser-jd-2","beauty-cleanser","芙丽芳丝净润洗面霜 100g 京东 618 活动款","美妆护肤","洁面","京东 · Freeplus 芙丽芳丝 京东自营旗舰店","beauty-cleanser-jd-2-23","4","positive","使用感受","质地和页面描述接近，日常使用的肤感比较舒服。","近 77 天","基于商品字段生成的拟真模拟评论"
"beauty-cleanser-jd-2","beauty-cleanser","芙丽芳丝净润洗面霜 100g 京东 618 活动款","美妆护肤","洁面","京东 · Freeplus 芙丽芳丝 京东自营旗舰店","beauty-cleanser-jd-2-24","5","positive","履约服务","京东发货信息清楚，次日送达。","近 44 天","基于商品字段生成的拟真模拟评论"
"beauty-perfume-taobao-1","beauty-perfume","祖玛珑蓝风铃古龙水 30ml 天猫 618 活动款","美妆护肤","香水","天猫 · Jo Malone London 品牌天猫官方旗舰店","beauty-perfume-taobao-1-1","5","positive","体验","实物和页面描述基本一致，整体满意。","近 44 天","基于商品字段生成的拟真模拟评论"
"beauty-perfume-taobao-1","beauty-perfume","祖玛珑蓝风铃古龙水 30ml 天猫 618 活动款","美妆护肤","香水","天猫 · Jo Malone London 品牌天猫官方旗舰店","beauty-perfume-taobao-1-2","5","positive","价格","活动价入手比较划算，性价比可以。","近 4 天","基于商品字段生成的拟真模拟评论"
"beauty-perfume-taobao-1","beauty-perfume","祖玛珑蓝风铃古龙水 30ml 天猫 618 活动款","美妆护肤","香水","天猫 · Jo Malone London 品牌天猫官方旗舰店","beauty-perfume-taobao-1-3","4","positive","使用感受","质地和页面描述接近，日常使用的肤感比较舒服。","近 30 天","基于商品字段生成的拟真模拟评论"
"beauty-perfume-taobao-1","beauty-perfume","祖玛珑蓝风铃古龙水 30ml 天猫 618 活动款","美妆护肤","香水","天猫 · Jo Malone London 品牌天猫官方旗舰店","beauty-perfume-taobao-1-4","5","positive","履约服务","天猫发货信息清楚，预计 2 天送达。","近 31 天","基于商品字段生成的拟真模拟评论"
"beauty-perfume-taobao-1","beauty-perfume","祖玛珑蓝风铃古龙水 30ml 天猫 618 活动款","美妆护肤","香水","天猫 · Jo Malone London 品牌天猫官方旗舰店","beauty-perfume-taobao-1-5","3","negative","细节","部分细节和预期有差距，下单前要看清规格。","近 21 天","基于商品字段生成的拟真模拟评论"
"beauty-perfume-taobao-1","beauty-perfume","祖玛珑蓝风铃古龙水 30ml 天猫 618 活动款","美妆护肤","香水","天猫 · Jo Malone London 品牌天猫官方旗舰店","beauty-perfume-taobao-1-6","4","positive","体验","发货速度快，包装也比较完整。","近 77 天","基于商品字段生成的拟真模拟评论"
"beauty-perfume-taobao-1","beauty-perfume","祖玛珑蓝风铃古龙水 30ml 天猫 618 活动款","美妆护肤","香水","天猫 · Jo Malone London 品牌天猫官方旗舰店","beauty-perfume-taobao-1-7","3","negative","售后","退换流程需要按平台规则走，不算特别快。","近 55 天","基于商品字段生成的拟真模拟评论"
"beauty-perfume-taobao-1","beauty-perfume","祖玛珑蓝风铃古龙水 30ml 天猫 618 活动款","美妆护肤","香水","天猫 · Jo Malone London 品牌天猫官方旗舰店","beauty-perfume-taobao-1-8","4","positive","价格","券后价格比线下便宜一些。","近 88 天","基于商品字段生成的拟真模拟评论"
"beauty-perfume-taobao-1","beauty-perfume","祖玛珑蓝风铃古龙水 30ml 天猫 618 活动款","美妆护肤","香水","天猫 · Jo Malone London 品牌天猫官方旗舰店","beauty-perfume-taobao-1-9","4","positive","使用感受","包装完整，批次和规格信息清楚，使用体验符合预期。","近 87 天","基于商品字段生成的拟真模拟评论"
"beauty-perfume-taobao-1","beauty-perfume","祖玛珑蓝风铃古龙水 30ml 天猫 618 活动款","美妆护肤","香水","天猫 · Jo Malone London 品牌天猫官方旗舰店","beauty-perfume-taobao-1-10","4","positive","履约服务","7 天无理由，退货运费险，下单前能比较明确地判断售后成本。","近 45 天","基于商品字段生成的拟真模拟评论"
"beauty-perfume-taobao-1","beauty-perfume","祖玛珑蓝风铃古龙水 30ml 天猫 618 活动款","美妆护肤","香水","天猫 · Jo Malone London 品牌天猫官方旗舰店","beauty-perfume-taobao-1-11","5","positive","体验","实物和页面描述基本一致，整体满意。","近 77 天","基于商品字段生成的拟真模拟评论"
"beauty-perfume-taobao-1","beauty-perfume","祖玛珑蓝风铃古龙水 30ml 天猫 618 活动款","美妆护肤","香水","天猫 · Jo Malone London 品牌天猫官方旗舰店","beauty-perfume-taobao-1-12","5","positive","价格","活动价入手比较划算，性价比可以。","近 47 天","基于商品字段生成的拟真模拟评论"
"beauty-perfume-taobao-1","beauty-perfume","祖玛珑蓝风铃古龙水 30ml 天猫 618 活动款","美妆护肤","香水","天猫 · Jo Malone London 品牌天猫官方旗舰店","beauty-perfume-taobao-1-13","3","negative","个体适配","效果和肤质、色号或使用习惯相关，建议先试用再决定。","近 1 天","基于商品字段生成的拟真模拟评论"
"beauty-perfume-taobao-1","beauty-perfume","祖玛珑蓝风铃古龙水 30ml 天猫 618 活动款","美妆护肤","香水","天猫 · Jo Malone London 品牌天猫官方旗舰店","beauty-perfume-taobao-1-14","5","positive","使用感受","质地和页面描述接近，日常使用的肤感比较舒服。","近 8 天","基于商品字段生成的拟真模拟评论"
"beauty-perfume-taobao-1","beauty-perfume","祖玛珑蓝风铃古龙水 30ml 天猫 618 活动款","美妆护肤","香水","天猫 · Jo Malone London 品牌天猫官方旗舰店","beauty-perfume-taobao-1-15","5","positive","履约服务","天猫发货信息清楚，预计 2 天送达。","近 16 天","基于商品字段生成的拟真模拟评论"
"beauty-perfume-taobao-1","beauty-perfume","祖玛珑蓝风铃古龙水 30ml 天猫 618 活动款","美妆护肤","香水","天猫 · Jo Malone London 品牌天猫官方旗舰店","beauty-perfume-taobao-1-16","5","positive","体验","发货速度快，包装也比较完整。","近 59 天","基于商品字段生成的拟真模拟评论"
"beauty-perfume-taobao-1","beauty-perfume","祖玛珑蓝风铃古龙水 30ml 天猫 618 活动款","美妆护肤","香水","天猫 · Jo Malone London 品牌天猫官方旗舰店","beauty-perfume-taobao-1-17","5","positive","价格","券后价格比线下便宜一些。","近 22 天","基于商品字段生成的拟真模拟评论"
"beauty-perfume-taobao-1","beauty-perfume","祖玛珑蓝风铃古龙水 30ml 天猫 618 活动款","美妆护肤","香水","天猫 · Jo Malone London 品牌天猫官方旗舰店","beauty-perfume-taobao-1-18","5","positive","使用感受","包装完整，批次和规格信息清楚，使用体验符合预期。","近 73 天","基于商品字段生成的拟真模拟评论"
"beauty-perfume-taobao-1","beauty-perfume","祖玛珑蓝风铃古龙水 30ml 天猫 618 活动款","美妆护肤","香水","天猫 · Jo Malone London 品牌天猫官方旗舰店","beauty-perfume-taobao-1-19","4","positive","履约服务","7 天无理由，退货运费险，下单前能比较明确地判断售后成本。","近 1 天","基于商品字段生成的拟真模拟评论"
"beauty-perfume-taobao-1","beauty-perfume","祖玛珑蓝风铃古龙水 30ml 天猫 618 活动款","美妆护肤","香水","天猫 · Jo Malone London 品牌天猫官方旗舰店","beauty-perfume-taobao-1-20","5","positive","体验","实物和页面描述基本一致，整体满意。","近 29 天","基于商品字段生成的拟真模拟评论"
"beauty-perfume-taobao-1","beauty-perfume","祖玛珑蓝风铃古龙水 30ml 天猫 618 活动款","美妆护肤","香水","天猫 · Jo Malone London 品牌天猫官方旗舰店","beauty-perfume-taobao-1-21","4","positive","价格","活动价入手比较划算，性价比可以。","近 38 天","基于商品字段生成的拟真模拟评论"
"beauty-perfume-taobao-1","beauty-perfume","祖玛珑蓝风铃古龙水 30ml 天猫 618 活动款","美妆护肤","香水","天猫 · Jo Malone London 品牌天猫官方旗舰店","beauty-perfume-taobao-1-22","5","positive","使用感受","质地和页面描述接近，日常使用的肤感比较舒服。","近 1 天","基于商品字段生成的拟真模拟评论"
"beauty-perfume-taobao-1","beauty-perfume","祖玛珑蓝风铃古龙水 30ml 天猫 618 活动款","美妆护肤","香水","天猫 · Jo Malone London 品牌天猫官方旗舰店","beauty-perfume-taobao-1-23","5","positive","履约服务","天猫发货信息清楚，预计 2 天送达。","近 16 天","基于商品字段生成的拟真模拟评论"
"beauty-perfume-taobao-1","beauty-perfume","祖玛珑蓝风铃古龙水 30ml 天猫 618 活动款","美妆护肤","香水","天猫 · Jo Malone London 品牌天猫官方旗舰店","beauty-perfume-taobao-1-24","3","negative","售后规则","退换仍需按“7 天无理由，退货运费险”执行，拆封或使用前要先确认条件。","近 64 天","基于商品字段生成的拟真模拟评论"
"beauty-perfume-kaola-4","beauty-perfume","祖玛珑蓝风铃古龙水 30ml 考拉海购 618 活动款","美妆护肤","香水","考拉海购 · Jo Malone London 考拉海购自营","beauty-perfume-kaola-4-1","4","positive","体验","实物和页面描述基本一致，整体满意。","近 53 天","基于商品字段生成的拟真模拟评论"
"beauty-perfume-kaola-4","beauty-perfume","祖玛珑蓝风铃古龙水 30ml 考拉海购 618 活动款","美妆护肤","香水","考拉海购 · Jo Malone London 考拉海购自营","beauty-perfume-kaola-4-2","5","positive","价格","活动价入手比较划算，性价比可以。","近 30 天","基于商品字段生成的拟真模拟评论"
"beauty-perfume-kaola-4","beauty-perfume","祖玛珑蓝风铃古龙水 30ml 考拉海购 618 活动款","美妆护肤","香水","考拉海购 · Jo Malone London 考拉海购自营","beauty-perfume-kaola-4-3","5","positive","使用感受","质地和页面描述接近，日常使用的肤感比较舒服。","近 79 天","基于商品字段生成的拟真模拟评论"
"beauty-perfume-kaola-4","beauty-perfume","祖玛珑蓝风铃古龙水 30ml 考拉海购 618 活动款","美妆护肤","香水","考拉海购 · Jo Malone London 考拉海购自营","beauty-perfume-kaola-4-4","5","positive","履约服务","考拉海购发货信息清楚，预计 4-7 天送达。","近 5 天","基于商品字段生成的拟真模拟评论"
"beauty-perfume-kaola-4","beauty-perfume","祖玛珑蓝风铃古龙水 30ml 考拉海购 618 活动款","美妆护肤","香水","考拉海购 · Jo Malone London 考拉海购自营","beauty-perfume-kaola-4-5","5","positive","体验","发货速度快，包装也比较完整。","近 5 天","基于商品字段生成的拟真模拟评论"
"beauty-perfume-kaola-4","beauty-perfume","祖玛珑蓝风铃古龙水 30ml 考拉海购 618 活动款","美妆护肤","香水","考拉海购 · Jo Malone London 考拉海购自营","beauty-perfume-kaola-4-6","3","negative","细节","部分细节和预期有差距，下单前要看清规格。","近 52 天","基于商品字段生成的拟真模拟评论"
"beauty-perfume-kaola-4","beauty-perfume","祖玛珑蓝风铃古龙水 30ml 考拉海购 618 活动款","美妆护肤","香水","考拉海购 · Jo Malone London 考拉海购自营","beauty-perfume-kaola-4-7","5","positive","价格","券后价格比线下便宜一些。","近 73 天","基于商品字段生成的拟真模拟评论"
"beauty-perfume-kaola-4","beauty-perfume","祖玛珑蓝风铃古龙水 30ml 考拉海购 618 活动款","美妆护肤","香水","考拉海购 · Jo Malone London 考拉海购自营","beauty-perfume-kaola-4-8","5","positive","使用感受","包装完整，批次和规格信息清楚，使用体验符合预期。","近 73 天","基于商品字段生成的拟真模拟评论"
"beauty-perfume-kaola-4","beauty-perfume","祖玛珑蓝风铃古龙水 30ml 考拉海购 618 活动款","美妆护肤","香水","考拉海购 · Jo Malone London 考拉海购自营","beauty-perfume-kaola-4-9","4","positive","履约服务","跨境商品未拆封支持退货，下单前能比较明确地判断售后成本。","近 50 天","基于商品字段生成的拟真模拟评论"
"beauty-perfume-kaola-4","beauty-perfume","祖玛珑蓝风铃古龙水 30ml 考拉海购 618 活动款","美妆护肤","香水","考拉海购 · Jo Malone London 考拉海购自营","beauty-perfume-kaola-4-10","4","positive","体验","实物和页面描述基本一致，整体满意。","近 41 天","基于商品字段生成的拟真模拟评论"
"beauty-perfume-kaola-4","beauty-perfume","祖玛珑蓝风铃古龙水 30ml 考拉海购 618 活动款","美妆护肤","香水","考拉海购 · Jo Malone London 考拉海购自营","beauty-perfume-kaola-4-11","3","negative","售后","退换流程需要按平台规则走，不算特别快。","近 71 天","基于商品字段生成的拟真模拟评论"
"beauty-perfume-kaola-4","beauty-perfume","祖玛珑蓝风铃古龙水 30ml 考拉海购 618 活动款","美妆护肤","香水","考拉海购 · Jo Malone London 考拉海购自营","beauty-perfume-kaola-4-12","5","positive","价格","活动价入手比较划算，性价比可以。","近 55 天","基于商品字段生成的拟真模拟评论"
"beauty-perfume-kaola-4","beauty-perfume","祖玛珑蓝风铃古龙水 30ml 考拉海购 618 活动款","美妆护肤","香水","考拉海购 · Jo Malone London 考拉海购自营","beauty-perfume-kaola-4-13","5","positive","使用感受","质地和页面描述接近，日常使用的肤感比较舒服。","近 79 天","基于商品字段生成的拟真模拟评论"
"beauty-perfume-kaola-4","beauty-perfume","祖玛珑蓝风铃古龙水 30ml 考拉海购 618 活动款","美妆护肤","香水","考拉海购 · Jo Malone London 考拉海购自营","beauty-perfume-kaola-4-14","5","positive","履约服务","考拉海购发货信息清楚，预计 4-7 天送达。","近 57 天","基于商品字段生成的拟真模拟评论"
"beauty-perfume-kaola-4","beauty-perfume","祖玛珑蓝风铃古龙水 30ml 考拉海购 618 活动款","美妆护肤","香水","考拉海购 · Jo Malone London 考拉海购自营","beauty-perfume-kaola-4-15","2","negative","个体适配","效果和肤质、色号或使用习惯相关，建议先试用再决定。","近 31 天","基于商品字段生成的拟真模拟评论"
"beauty-perfume-kaola-4","beauty-perfume","祖玛珑蓝风铃古龙水 30ml 考拉海购 618 活动款","美妆护肤","香水","考拉海购 · Jo Malone London 考拉海购自营","beauty-perfume-kaola-4-16","5","positive","体验","发货速度快，包装也比较完整。","近 84 天","基于商品字段生成的拟真模拟评论"
"beauty-perfume-kaola-4","beauty-perfume","祖玛珑蓝风铃古龙水 30ml 考拉海购 618 活动款","美妆护肤","香水","考拉海购 · Jo Malone London 考拉海购自营","beauty-perfume-kaola-4-17","5","positive","价格","券后价格比线下便宜一些。","近 70 天","基于商品字段生成的拟真模拟评论"
"beauty-perfume-kaola-4","beauty-perfume","祖玛珑蓝风铃古龙水 30ml 考拉海购 618 活动款","美妆护肤","香水","考拉海购 · Jo Malone London 考拉海购自营","beauty-perfume-kaola-4-18","5","positive","使用感受","包装完整，批次和规格信息清楚，使用体验符合预期。","近 54 天","基于商品字段生成的拟真模拟评论"
"beauty-perfume-kaola-4","beauty-perfume","祖玛珑蓝风铃古龙水 30ml 考拉海购 618 活动款","美妆护肤","香水","考拉海购 · Jo Malone London 考拉海购自营","beauty-perfume-kaola-4-19","5","positive","履约服务","跨境商品未拆封支持退货，下单前能比较明确地判断售后成本。","近 87 天","基于商品字段生成的拟真模拟评论"
"beauty-perfume-kaola-4","beauty-perfume","祖玛珑蓝风铃古龙水 30ml 考拉海购 618 活动款","美妆护肤","香水","考拉海购 · Jo Malone London 考拉海购自营","beauty-perfume-kaola-4-20","5","positive","体验","实物和页面描述基本一致，整体满意。","近 78 天","基于商品字段生成的拟真模拟评论"
"beauty-perfume-kaola-4","beauty-perfume","祖玛珑蓝风铃古龙水 30ml 考拉海购 618 活动款","美妆护肤","香水","考拉海购 · Jo Malone London 考拉海购自营","beauty-perfume-kaola-4-21","2","negative","售后规则","退换仍需按“跨境商品未拆封支持退货”执行，拆封或使用前要先确认条件。","近 8 天","基于商品字段生成的拟真模拟评论"
"beauty-perfume-kaola-4","beauty-perfume","祖玛珑蓝风铃古龙水 30ml 考拉海购 618 活动款","美妆护肤","香水","考拉海购 · Jo Malone London 考拉海购自营","beauty-perfume-kaola-4-22","4","positive","价格","活动价入手比较划算，性价比可以。","近 54 天","基于商品字段生成的拟真模拟评论"
"beauty-perfume-kaola-4","beauty-perfume","祖玛珑蓝风铃古龙水 30ml 考拉海购 618 活动款","美妆护肤","香水","考拉海购 · Jo Malone London 考拉海购自营","beauty-perfume-kaola-4-23","5","positive","使用感受","质地和页面描述接近，日常使用的肤感比较舒服。","近 80 天","基于商品字段生成的拟真模拟评论"
"beauty-perfume-kaola-4","beauty-perfume","祖玛珑蓝风铃古龙水 30ml 考拉海购 618 活动款","美妆护肤","香水","考拉海购 · Jo Malone London 考拉海购自营","beauty-perfume-kaola-4-24","4","positive","履约服务","考拉海购发货信息清楚，预计 4-7 天送达。","近 61 天","基于商品字段生成的拟真模拟评论"
"beauty-perfume-xiaohongshu-3","beauty-perfume","祖玛珑蓝风铃古龙水 30ml 小红书商城 618 活动款","美妆护肤","香水","小红书商城 · Jo Malone London 小红书精选品牌店","beauty-perfume-xiaohongshu-3-1","5","positive","体验","实物和页面描述基本一致，整体满意。","近 45 天","基于商品字段生成的拟真模拟评论"
"beauty-perfume-xiaohongshu-3","beauty-perfume","祖玛珑蓝风铃古龙水 30ml 小红书商城 618 活动款","美妆护肤","香水","小红书商城 · Jo Malone London 小红书精选品牌店","beauty-perfume-xiaohongshu-3-2","5","positive","价格","活动价入手比较划算，性价比可以。","近 84 天","基于商品字段生成的拟真模拟评论"
"beauty-perfume-xiaohongshu-3","beauty-perfume","祖玛珑蓝风铃古龙水 30ml 小红书商城 618 活动款","美妆护肤","香水","小红书商城 · Jo Malone London 小红书精选品牌店","beauty-perfume-xiaohongshu-3-3","2","negative","细节","部分细节和预期有差距，下单前要看清规格。","近 63 天","基于商品字段生成的拟真模拟评论"
"beauty-perfume-xiaohongshu-3","beauty-perfume","祖玛珑蓝风铃古龙水 30ml 小红书商城 618 活动款","美妆护肤","香水","小红书商城 · Jo Malone London 小红书精选品牌店","beauty-perfume-xiaohongshu-3-4","5","positive","使用感受","质地和页面描述接近，日常使用的肤感比较舒服。","近 66 天","基于商品字段生成的拟真模拟评论"
"beauty-perfume-xiaohongshu-3","beauty-perfume","祖玛珑蓝风铃古龙水 30ml 小红书商城 618 活动款","美妆护肤","香水","小红书商城 · Jo Malone London 小红书精选品牌店","beauty-perfume-xiaohongshu-3-5","3","negative","售后","退换流程需要按平台规则走，不算特别快。","近 44 天","基于商品字段生成的拟真模拟评论"
"beauty-perfume-xiaohongshu-3","beauty-perfume","祖玛珑蓝风铃古龙水 30ml 小红书商城 618 活动款","美妆护肤","香水","小红书商城 · Jo Malone London 小红书精选品牌店","beauty-perfume-xiaohongshu-3-6","4","positive","履约服务","小红书商城发货信息清楚，预计 3 天送达。","近 41 天","基于商品字段生成的拟真模拟评论"
"beauty-perfume-xiaohongshu-3","beauty-perfume","祖玛珑蓝风铃古龙水 30ml 小红书商城 618 活动款","美妆护肤","香水","小红书商城 · Jo Malone London 小红书精选品牌店","beauty-perfume-xiaohongshu-3-7","5","positive","体验","发货速度快，包装也比较完整。","近 79 天","基于商品字段生成的拟真模拟评论"
"beauty-perfume-xiaohongshu-3","beauty-perfume","祖玛珑蓝风铃古龙水 30ml 小红书商城 618 活动款","美妆护肤","香水","小红书商城 · Jo Malone London 小红书精选品牌店","beauty-perfume-xiaohongshu-3-8","2","negative","个体适配","效果和肤质、色号或使用习惯相关，建议先试用再决定。","近 14 天","基于商品字段生成的拟真模拟评论"
"beauty-perfume-xiaohongshu-3","beauty-perfume","祖玛珑蓝风铃古龙水 30ml 小红书商城 618 活动款","美妆护肤","香水","小红书商城 · Jo Malone London 小红书精选品牌店","beauty-perfume-xiaohongshu-3-9","5","positive","价格","券后价格比线下便宜一些。","近 4 天","基于商品字段生成的拟真模拟评论"
"beauty-perfume-xiaohongshu-3","beauty-perfume","祖玛珑蓝风铃古龙水 30ml 小红书商城 618 活动款","美妆护肤","香水","小红书商城 · Jo Malone London 小红书精选品牌店","beauty-perfume-xiaohongshu-3-10","5","positive","使用感受","包装完整，批次和规格信息清楚，使用体验符合预期。","近 39 天","基于商品字段生成的拟真模拟评论"
"beauty-perfume-xiaohongshu-3","beauty-perfume","祖玛珑蓝风铃古龙水 30ml 小红书商城 618 活动款","美妆护肤","香水","小红书商城 · Jo Malone London 小红书精选品牌店","beauty-perfume-xiaohongshu-3-11","5","positive","履约服务","未拆封支持 7 天退货，下单前能比较明确地判断售后成本。","近 77 天","基于商品字段生成的拟真模拟评论"
"beauty-perfume-xiaohongshu-3","beauty-perfume","祖玛珑蓝风铃古龙水 30ml 小红书商城 618 活动款","美妆护肤","香水","小红书商城 · Jo Malone London 小红书精选品牌店","beauty-perfume-xiaohongshu-3-12","5","positive","体验","实物和页面描述基本一致，整体满意。","近 52 天","基于商品字段生成的拟真模拟评论"
"beauty-perfume-xiaohongshu-3","beauty-perfume","祖玛珑蓝风铃古龙水 30ml 小红书商城 618 活动款","美妆护肤","香水","小红书商城 · Jo Malone London 小红书精选品牌店","beauty-perfume-xiaohongshu-3-13","2","negative","售后规则","退换仍需按“未拆封支持 7 天退货”执行，拆封或使用前要先确认条件。","近 11 天","基于商品字段生成的拟真模拟评论"
"beauty-perfume-xiaohongshu-3","beauty-perfume","祖玛珑蓝风铃古龙水 30ml 小红书商城 618 活动款","美妆护肤","香水","小红书商城 · Jo Malone London 小红书精选品牌店","beauty-perfume-xiaohongshu-3-14","5","positive","价格","活动价入手比较划算，性价比可以。","近 32 天","基于商品字段生成的拟真模拟评论"
"beauty-perfume-xiaohongshu-3","beauty-perfume","祖玛珑蓝风铃古龙水 30ml 小红书商城 618 活动款","美妆护肤","香水","小红书商城 · Jo Malone London 小红书精选品牌店","beauty-perfume-xiaohongshu-3-15","5","positive","使用感受","质地和页面描述接近，日常使用的肤感比较舒服。","近 64 天","基于商品字段生成的拟真模拟评论"
"beauty-perfume-xiaohongshu-3","beauty-perfume","祖玛珑蓝风铃古龙水 30ml 小红书商城 618 活动款","美妆护肤","香水","小红书商城 · Jo Malone London 小红书精选品牌店","beauty-perfume-xiaohongshu-3-16","5","positive","履约服务","小红书商城发货信息清楚，预计 3 天送达。","近 35 天","基于商品字段生成的拟真模拟评论"
"beauty-perfume-xiaohongshu-3","beauty-perfume","祖玛珑蓝风铃古龙水 30ml 小红书商城 618 活动款","美妆护肤","香水","小红书商城 · Jo Malone London 小红书精选品牌店","beauty-perfume-xiaohongshu-3-17","5","positive","体验","发货速度快，包装也比较完整。","近 55 天","基于商品字段生成的拟真模拟评论"
"beauty-perfume-xiaohongshu-3","beauty-perfume","祖玛珑蓝风铃古龙水 30ml 小红书商城 618 活动款","美妆护肤","香水","小红书商城 · Jo Malone London 小红书精选品牌店","beauty-perfume-xiaohongshu-3-18","2","negative","细节","客服解释比较慢，急用要提前确认。","近 18 天","基于商品字段生成的拟真模拟评论"
"beauty-perfume-xiaohongshu-3","beauty-perfume","祖玛珑蓝风铃古龙水 30ml 小红书商城 618 活动款","美妆护肤","香水","小红书商城 · Jo Malone London 小红书精选品牌店","beauty-perfume-xiaohongshu-3-19","5","positive","价格","券后价格比线下便宜一些。","近 80 天","基于商品字段生成的拟真模拟评论"
"beauty-perfume-xiaohongshu-3","beauty-perfume","祖玛珑蓝风铃古龙水 30ml 小红书商城 618 活动款","美妆护肤","香水","小红书商城 · Jo Malone London 小红书精选品牌店","beauty-perfume-xiaohongshu-3-20","5","positive","使用感受","包装完整，批次和规格信息清楚，使用体验符合预期。","近 39 天","基于商品字段生成的拟真模拟评论"
"beauty-perfume-xiaohongshu-3","beauty-perfume","祖玛珑蓝风铃古龙水 30ml 小红书商城 618 活动款","美妆护肤","香水","小红书商城 · Jo Malone London 小红书精选品牌店","beauty-perfume-xiaohongshu-3-21","2","negative","售后","赠品和主商品分开发货，等待时间更久。","近 66 天","基于商品字段生成的拟真模拟评论"
"beauty-perfume-xiaohongshu-3","beauty-perfume","祖玛珑蓝风铃古龙水 30ml 小红书商城 618 活动款","美妆护肤","香水","小红书商城 · Jo Malone London 小红书精选品牌店","beauty-perfume-xiaohongshu-3-22","5","positive","履约服务","未拆封支持 7 天退货，下单前能比较明确地判断售后成本。","近 8 天","基于商品字段生成的拟真模拟评论"
"beauty-perfume-xiaohongshu-3","beauty-perfume","祖玛珑蓝风铃古龙水 30ml 小红书商城 618 活动款","美妆护肤","香水","小红书商城 · Jo Malone London 小红书精选品牌店","beauty-perfume-xiaohongshu-3-23","2","negative","个体适配","香味、色号和肤感主观差异较大，不一定适合所有人。","近 9 天","基于商品字段生成的拟真模拟评论"
"beauty-perfume-xiaohongshu-3","beauty-perfume","祖玛珑蓝风铃古龙水 30ml 小红书商城 618 活动款","美妆护肤","香水","小红书商城 · Jo Malone London 小红书精选品牌店","beauty-perfume-xiaohongshu-3-24","4","positive","体验","实物和页面描述基本一致，整体满意。","近 6 天","基于商品字段生成的拟真模拟评论"
"beauty-perfume-jd-2","beauty-perfume","祖玛珑蓝风铃古龙水 30ml 京东 618 活动款","美妆护肤","香水","京东 · Jo Malone London 京东自营旗舰店","beauty-perfume-jd-2-1","5","positive","体验","实物和页面描述基本一致，整体满意。","近 29 天","基于商品字段生成的拟真模拟评论"
"beauty-perfume-jd-2","beauty-perfume","祖玛珑蓝风铃古龙水 30ml 京东 618 活动款","美妆护肤","香水","京东 · Jo Malone London 京东自营旗舰店","beauty-perfume-jd-2-2","5","positive","价格","活动价入手比较划算，性价比可以。","近 54 天","基于商品字段生成的拟真模拟评论"
"beauty-perfume-jd-2","beauty-perfume","祖玛珑蓝风铃古龙水 30ml 京东 618 活动款","美妆护肤","香水","京东 · Jo Malone London 京东自营旗舰店","beauty-perfume-jd-2-3","5","positive","使用感受","质地和页面描述接近，日常使用的肤感比较舒服。","近 34 天","基于商品字段生成的拟真模拟评论"
"beauty-perfume-jd-2","beauty-perfume","祖玛珑蓝风铃古龙水 30ml 京东 618 活动款","美妆护肤","香水","京东 · Jo Malone London 京东自营旗舰店","beauty-perfume-jd-2-4","5","positive","履约服务","京东发货信息清楚，次日送达。","近 21 天","基于商品字段生成的拟真模拟评论"
"beauty-perfume-jd-2","beauty-perfume","祖玛珑蓝风铃古龙水 30ml 京东 618 活动款","美妆护肤","香水","京东 · Jo Malone London 京东自营旗舰店","beauty-perfume-jd-2-5","4","positive","体验","发货速度快，包装也比较完整。","近 72 天","基于商品字段生成的拟真模拟评论"
"beauty-perfume-jd-2","beauty-perfume","祖玛珑蓝风铃古龙水 30ml 京东 618 活动款","美妆护肤","香水","京东 · Jo Malone London 京东自营旗舰店","beauty-perfume-jd-2-6","3","negative","细节","部分细节和预期有差距，下单前要看清规格。","近 68 天","基于商品字段生成的拟真模拟评论"
"beauty-perfume-jd-2","beauty-perfume","祖玛珑蓝风铃古龙水 30ml 京东 618 活动款","美妆护肤","香水","京东 · Jo Malone London 京东自营旗舰店","beauty-perfume-jd-2-7","5","positive","价格","券后价格比线下便宜一些。","近 60 天","基于商品字段生成的拟真模拟评论"
"beauty-perfume-jd-2","beauty-perfume","祖玛珑蓝风铃古龙水 30ml 京东 618 活动款","美妆护肤","香水","京东 · Jo Malone London 京东自营旗舰店","beauty-perfume-jd-2-8","5","positive","使用感受","包装完整，批次和规格信息清楚，使用体验符合预期。","近 49 天","基于商品字段生成的拟真模拟评论"
"beauty-perfume-jd-2","beauty-perfume","祖玛珑蓝风铃古龙水 30ml 京东 618 活动款","美妆护肤","香水","京东 · Jo Malone London 京东自营旗舰店","beauty-perfume-jd-2-9","2","negative","售后","退换流程需要按平台规则走，不算特别快。","近 55 天","基于商品字段生成的拟真模拟评论"
"beauty-perfume-jd-2","beauty-perfume","祖玛珑蓝风铃古龙水 30ml 京东 618 活动款","美妆护肤","香水","京东 · Jo Malone London 京东自营旗舰店","beauty-perfume-jd-2-10","4","positive","履约服务","7 天无理由，支持上门取件，下单前能比较明确地判断售后成本。","近 84 天","基于商品字段生成的拟真模拟评论"
"beauty-perfume-jd-2","beauty-perfume","祖玛珑蓝风铃古龙水 30ml 京东 618 活动款","美妆护肤","香水","京东 · Jo Malone London 京东自营旗舰店","beauty-perfume-jd-2-11","2","negative","个体适配","效果和肤质、色号或使用习惯相关，建议先试用再决定。","近 82 天","基于商品字段生成的拟真模拟评论"
"beauty-perfume-jd-2","beauty-perfume","祖玛珑蓝风铃古龙水 30ml 京东 618 活动款","美妆护肤","香水","京东 · Jo Malone London 京东自营旗舰店","beauty-perfume-jd-2-12","5","positive","体验","实物和页面描述基本一致，整体满意。","近 54 天","基于商品字段生成的拟真模拟评论"
"beauty-perfume-jd-2","beauty-perfume","祖玛珑蓝风铃古龙水 30ml 京东 618 活动款","美妆护肤","香水","京东 · Jo Malone London 京东自营旗舰店","beauty-perfume-jd-2-13","5","positive","价格","活动价入手比较划算，性价比可以。","近 44 天","基于商品字段生成的拟真模拟评论"
"beauty-perfume-jd-2","beauty-perfume","祖玛珑蓝风铃古龙水 30ml 京东 618 活动款","美妆护肤","香水","京东 · Jo Malone London 京东自营旗舰店","beauty-perfume-jd-2-14","5","positive","使用感受","质地和页面描述接近，日常使用的肤感比较舒服。","近 64 天","基于商品字段生成的拟真模拟评论"
"beauty-perfume-jd-2","beauty-perfume","祖玛珑蓝风铃古龙水 30ml 京东 618 活动款","美妆护肤","香水","京东 · Jo Malone London 京东自营旗舰店","beauty-perfume-jd-2-15","5","positive","履约服务","京东发货信息清楚，次日送达。","近 44 天","基于商品字段生成的拟真模拟评论"
"beauty-perfume-jd-2","beauty-perfume","祖玛珑蓝风铃古龙水 30ml 京东 618 活动款","美妆护肤","香水","京东 · Jo Malone London 京东自营旗舰店","beauty-perfume-jd-2-16","5","positive","体验","发货速度快，包装也比较完整。","近 54 天","基于商品字段生成的拟真模拟评论"
"beauty-perfume-jd-2","beauty-perfume","祖玛珑蓝风铃古龙水 30ml 京东 618 活动款","美妆护肤","香水","京东 · Jo Malone London 京东自营旗舰店","beauty-perfume-jd-2-17","4","positive","价格","券后价格比线下便宜一些。","近 29 天","基于商品字段生成的拟真模拟评论"
"beauty-perfume-jd-2","beauty-perfume","祖玛珑蓝风铃古龙水 30ml 京东 618 活动款","美妆护肤","香水","京东 · Jo Malone London 京东自营旗舰店","beauty-perfume-jd-2-18","5","positive","使用感受","包装完整，批次和规格信息清楚，使用体验符合预期。","近 18 天","基于商品字段生成的拟真模拟评论"
"beauty-perfume-jd-2","beauty-perfume","祖玛珑蓝风铃古龙水 30ml 京东 618 活动款","美妆护肤","香水","京东 · Jo Malone London 京东自营旗舰店","beauty-perfume-jd-2-19","3","negative","售后规则","退换仍需按“7 天无理由，支持上门取件”执行，拆封或使用前要先确认条件。","近 72 天","基于商品字段生成的拟真模拟评论"
"beauty-perfume-jd-2","beauty-perfume","祖玛珑蓝风铃古龙水 30ml 京东 618 活动款","美妆护肤","香水","京东 · Jo Malone London 京东自营旗舰店","beauty-perfume-jd-2-20","5","positive","履约服务","7 天无理由，支持上门取件，下单前能比较明确地判断售后成本。","近 83 天","基于商品字段生成的拟真模拟评论"
"beauty-perfume-jd-2","beauty-perfume","祖玛珑蓝风铃古龙水 30ml 京东 618 活动款","美妆护肤","香水","京东 · Jo Malone London 京东自营旗舰店","beauty-perfume-jd-2-21","5","positive","体验","实物和页面描述基本一致，整体满意。","近 15 天","基于商品字段生成的拟真模拟评论"
"beauty-perfume-jd-2","beauty-perfume","祖玛珑蓝风铃古龙水 30ml 京东 618 活动款","美妆护肤","香水","京东 · Jo Malone London 京东自营旗舰店","beauty-perfume-jd-2-22","5","positive","价格","活动价入手比较划算，性价比可以。","近 14 天","基于商品字段生成的拟真模拟评论"
"beauty-perfume-jd-2","beauty-perfume","祖玛珑蓝风铃古龙水 30ml 京东 618 活动款","美妆护肤","香水","京东 · Jo Malone London 京东自营旗舰店","beauty-perfume-jd-2-23","4","positive","使用感受","质地和页面描述接近，日常使用的肤感比较舒服。","近 17 天","基于商品字段生成的拟真模拟评论"
"beauty-perfume-jd-2","beauty-perfume","祖玛珑蓝风铃古龙水 30ml 京东 618 活动款","美妆护肤","香水","京东 · Jo Malone London 京东自营旗舰店","beauty-perfume-jd-2-24","4","positive","履约服务","京东发货信息清楚，次日送达。","近 41 天","基于商品字段生成的拟真模拟评论"
"beauty-perfume-brand-5","beauty-perfume","祖玛珑蓝风铃古龙水 30ml 品牌官网 618 活动款","美妆护肤","香水","品牌官网 · Jo Malone London 品牌官方网站","beauty-perfume-brand-5-1","4","positive","体验","实物和页面描述基本一致，整体满意。","近 48 天","基于商品字段生成的拟真模拟评论"
"beauty-perfume-brand-5","beauty-perfume","祖玛珑蓝风铃古龙水 30ml 品牌官网 618 活动款","美妆护肤","香水","品牌官网 · Jo Malone London 品牌官方网站","beauty-perfume-brand-5-2","3","negative","细节","部分细节和预期有差距，下单前要看清规格。","近 76 天","基于商品字段生成的拟真模拟评论"
"beauty-perfume-brand-5","beauty-perfume","祖玛珑蓝风铃古龙水 30ml 品牌官网 618 活动款","美妆护肤","香水","品牌官网 · Jo Malone London 品牌官方网站","beauty-perfume-brand-5-3","5","positive","价格","活动价入手比较划算，性价比可以。","近 19 天","基于商品字段生成的拟真模拟评论"
"beauty-perfume-brand-5","beauty-perfume","祖玛珑蓝风铃古龙水 30ml 品牌官网 618 活动款","美妆护肤","香水","品牌官网 · Jo Malone London 品牌官方网站","beauty-perfume-brand-5-4","3","negative","售后","退换流程需要按平台规则走，不算特别快。","近 13 天","基于商品字段生成的拟真模拟评论"
"beauty-perfume-brand-5","beauty-perfume","祖玛珑蓝风铃古龙水 30ml 品牌官网 618 活动款","美妆护肤","香水","品牌官网 · Jo Malone London 品牌官方网站","beauty-perfume-brand-5-5","4","positive","使用感受","质地和页面描述接近，日常使用的肤感比较舒服。","近 30 天","基于商品字段生成的拟真模拟评论"
"beauty-perfume-brand-5","beauty-perfume","祖玛珑蓝风铃古龙水 30ml 品牌官网 618 活动款","美妆护肤","香水","品牌官网 · Jo Malone London 品牌官方网站","beauty-perfume-brand-5-6","4","positive","履约服务","品牌官网发货信息清楚，预计 2-3 天送达。","近 5 天","基于商品字段生成的拟真模拟评论"
"beauty-perfume-brand-5","beauty-perfume","祖玛珑蓝风铃古龙水 30ml 品牌官网 618 活动款","美妆护肤","香水","品牌官网 · Jo Malone London 品牌官方网站","beauty-perfume-brand-5-7","4","positive","体验","发货速度快，包装也比较完整。","近 50 天","基于商品字段生成的拟真模拟评论"
"beauty-perfume-brand-5","beauty-perfume","祖玛珑蓝风铃古龙水 30ml 品牌官网 618 活动款","美妆护肤","香水","品牌官网 · Jo Malone London 品牌官方网站","beauty-perfume-brand-5-8","5","positive","价格","券后价格比线下便宜一些。","近 16 天","基于商品字段生成的拟真模拟评论"
"beauty-perfume-brand-5","beauty-perfume","祖玛珑蓝风铃古龙水 30ml 品牌官网 618 活动款","美妆护肤","香水","品牌官网 · Jo Malone London 品牌官方网站","beauty-perfume-brand-5-9","5","positive","使用感受","包装完整，批次和规格信息清楚，使用体验符合预期。","近 9 天","基于商品字段生成的拟真模拟评论"
"beauty-perfume-brand-5","beauty-perfume","祖玛珑蓝风铃古龙水 30ml 品牌官网 618 活动款","美妆护肤","香水","品牌官网 · Jo Malone London 品牌官方网站","beauty-perfume-brand-5-10","5","positive","履约服务","官方 7 天退换政策，下单前能比较明确地判断售后成本。","近 73 天","基于商品字段生成的拟真模拟评论"
"beauty-perfume-brand-5","beauty-perfume","祖玛珑蓝风铃古龙水 30ml 品牌官网 618 活动款","美妆护肤","香水","品牌官网 · Jo Malone London 品牌官方网站","beauty-perfume-brand-5-11","5","positive","体验","实物和页面描述基本一致，整体满意。","近 22 天","基于商品字段生成的拟真模拟评论"
"beauty-perfume-brand-5","beauty-perfume","祖玛珑蓝风铃古龙水 30ml 品牌官网 618 活动款","美妆护肤","香水","品牌官网 · Jo Malone London 品牌官方网站","beauty-perfume-brand-5-12","3","negative","个体适配","效果和肤质、色号或使用习惯相关，建议先试用再决定。","近 5 天","基于商品字段生成的拟真模拟评论"
"beauty-perfume-brand-5","beauty-perfume","祖玛珑蓝风铃古龙水 30ml 品牌官网 618 活动款","美妆护肤","香水","品牌官网 · Jo Malone London 品牌官方网站","beauty-perfume-brand-5-13","4","positive","价格","活动价入手比较划算，性价比可以。","近 7 天","基于商品字段生成的拟真模拟评论"
"beauty-perfume-brand-5","beauty-perfume","祖玛珑蓝风铃古龙水 30ml 品牌官网 618 活动款","美妆护肤","香水","品牌官网 · Jo Malone London 品牌官方网站","beauty-perfume-brand-5-14","4","positive","使用感受","质地和页面描述接近，日常使用的肤感比较舒服。","近 66 天","基于商品字段生成的拟真模拟评论"
"beauty-perfume-brand-5","beauty-perfume","祖玛珑蓝风铃古龙水 30ml 品牌官网 618 活动款","美妆护肤","香水","品牌官网 · Jo Malone London 品牌官方网站","beauty-perfume-brand-5-15","5","positive","履约服务","品牌官网发货信息清楚，预计 2-3 天送达。","近 85 天","基于商品字段生成的拟真模拟评论"
"beauty-perfume-brand-5","beauty-perfume","祖玛珑蓝风铃古龙水 30ml 品牌官网 618 活动款","美妆护肤","香水","品牌官网 · Jo Malone London 品牌官方网站","beauty-perfume-brand-5-16","3","negative","售后规则","退换仍需按“官方 7 天退换政策”执行，拆封或使用前要先确认条件。","近 85 天","基于商品字段生成的拟真模拟评论"
"beauty-perfume-brand-5","beauty-perfume","祖玛珑蓝风铃古龙水 30ml 品牌官网 618 活动款","美妆护肤","香水","品牌官网 · Jo Malone London 品牌官方网站","beauty-perfume-brand-5-17","5","positive","体验","发货速度快，包装也比较完整。","近 53 天","基于商品字段生成的拟真模拟评论"
"beauty-perfume-brand-5","beauty-perfume","祖玛珑蓝风铃古龙水 30ml 品牌官网 618 活动款","美妆护肤","香水","品牌官网 · Jo Malone London 品牌官方网站","beauty-perfume-brand-5-18","4","positive","价格","券后价格比线下便宜一些。","近 10 天","基于商品字段生成的拟真模拟评论"
"beauty-perfume-brand-5","beauty-perfume","祖玛珑蓝风铃古龙水 30ml 品牌官网 618 活动款","美妆护肤","香水","品牌官网 · Jo Malone London 品牌官方网站","beauty-perfume-brand-5-19","5","positive","使用感受","包装完整，批次和规格信息清楚，使用体验符合预期。","近 10 天","基于商品字段生成的拟真模拟评论"
"beauty-perfume-brand-5","beauty-perfume","祖玛珑蓝风铃古龙水 30ml 品牌官网 618 活动款","美妆护肤","香水","品牌官网 · Jo Malone London 品牌官方网站","beauty-perfume-brand-5-20","5","positive","履约服务","官方 7 天退换政策，下单前能比较明确地判断售后成本。","近 76 天","基于商品字段生成的拟真模拟评论"
"beauty-perfume-brand-5","beauty-perfume","祖玛珑蓝风铃古龙水 30ml 品牌官网 618 活动款","美妆护肤","香水","品牌官网 · Jo Malone London 品牌官方网站","beauty-perfume-brand-5-21","5","positive","体验","实物和页面描述基本一致，整体满意。","近 17 天","基于商品字段生成的拟真模拟评论"
"beauty-perfume-brand-5","beauty-perfume","祖玛珑蓝风铃古龙水 30ml 品牌官网 618 活动款","美妆护肤","香水","品牌官网 · Jo Malone London 品牌官方网站","beauty-perfume-brand-5-22","5","positive","价格","活动价入手比较划算，性价比可以。","近 31 天","基于商品字段生成的拟真模拟评论"
"beauty-perfume-brand-5","beauty-perfume","祖玛珑蓝风铃古龙水 30ml 品牌官网 618 活动款","美妆护肤","香水","品牌官网 · Jo Malone London 品牌官方网站","beauty-perfume-brand-5-23","5","positive","使用感受","质地和页面描述接近，日常使用的肤感比较舒服。","近 70 天","基于商品字段生成的拟真模拟评论"
"beauty-perfume-brand-5","beauty-perfume","祖玛珑蓝风铃古龙水 30ml 品牌官网 618 活动款","美妆护肤","香水","品牌官网 · Jo Malone London 品牌官方网站","beauty-perfume-brand-5-24","4","positive","履约服务","品牌官网发货信息清楚，预计 2-3 天送达。","近 38 天","基于商品字段生成的拟真模拟评论"
